sector_code,node,1990,1991,1992,1993,1994,1995,1996,1997,1998,1999,2000,2001,2002,2003,2004,2005,2006,2007,2008,2009,2010,2011,2012,2013,2014,2015,2016,2017,2018,2019,2020,2021,2022,2023,2024
1,AT,50941.70408,54662.16068,49934.44517,50524.56199,50000.24076,52506.0679,56581.03355,55448.3451,55304.8377,54192.75575,53718.07836,57862.84666,59073.64469,64544.53872,64685.99682,65191.09697,62379.45046,58984.96387,58074.87216,54968.27645,57812.63949,55628.76186,53380.24853,53571.30973,49879.48406,51639.80982,52825.921,54505.21745,53250.28333,53572.50884,48651.07567,50498.17454,46938.91791,43092.12313,41633.17604
1,BE,101646.18951,105399.69339,103920.78534,103757.9242,105597.77694,105904.04304,110195.20196,104457.70258,108879.03396,103566.83568,104452.15621,104889.15602,105293.1722,106400.32186,106200.46188,104048.30005,102281.44898,100095.55117,99630.32402,93067.02586,97503.13679,88199.92664,87312.22148,87089.23173,81261.5612,85299.7734,83537.33097,83075.22606,83664.09648,83991.07546,77089.49548,80049.748,74820.06185,71626.16921,71479.13642
1,BG,68275.14024,54811.07752,51759.19548,52409.00824,48935.13533,48873.61447,49618.10416,47396.27339,46695.28562,40668.80729,39050.57551,42646.44682,40420.34352,44183.88119,43260.36779,44012.54967,45157.06683,48705.67301,48059.15411,42535.68291,44358.55976,49143.776,44500.77823,38933.43512,41318.93797,43745.25359,40770.24089,42964.38986,39381.24497,38427.3873,32958.68229,38589.97907,43071.44176,31275.92822,29314.04208
1,CH,40924.3764,43259.46334,43296.71642,41143.24926,40038.404,40939.42889,41799.13089,40917.51295,42504.00073,42323.0521,41361.64007,42801.21316,41252.75085,42467.83791,42900.1725,43358.03759,42995.18281,40979.85227,42367.0459,41273.57273,42622.45342,38607.10381,40001.27485,40942.0139,36945.08079,36627.24771,37030.43632,36063.49214,34791.19249,34684.46714,32281.50813,33771.14942,30877.07063,30084.1699,29508.01411
1,CY,3924.72527,4454.23886,4776.0354,4951.19837,5158.97434,5063.33155,5354.79518,5475.58038,5815.07249,6076.206,6298.40191,6188.73413,6347.85754,6733.9269,6895.39552,7086.85104,7276.22465,7572.48737,7787.11545,7707.53764,7478.64133,7217.23512,6731.63736,5811.04771,5942.42049,6063.11756,6451.63119,6528.91548,6453.4128,6505.19943,5996.02324,6155.60936,6184.53091,6138.10524,6327.20597
1,CZ,147186.58738,135698.77641,132142.71475,127557.19662,118999.90679,118585.22529,121298.55231,116444.19863,111184.56337,104726.51331,113954.89175,114731.98926,111767.00174,114407.10396,114373.01241,113125.70803,112931.49504,114244.27883,109132.87206,103783.18526,105491.19342,103044.4243,99458.05407,94963.81974,91976.29098,93100.09147,94766.92759,95873.27477,93974.76784,89355.84875,80709.75416,84390.62929,83802.43498,74303.17744,69696.5984
1,DE,991963.06453,958202.66444,913743.37063,903525.74212,884851.12411,882057.93916,903843.31462,872853.47407,866240.26968,840319.72934,838860.91564,861099.26421,846690.85742,844435.39894,828282.44522,813765.57018,831174.6306,791070.17344,799234.00302,746153.1234,781341.80657,755810.16934,767406.70049,787255.22834,746892.9499,752193.77178,752203.95864,736459.71291,708142.74155,662076.10658,601705.196,632425.6,626866.50016,551814.89853,533330.80797
1,DK,51657.0428,62185.70113,56349.67744,58642.43974,62598.636,59392.6655,72646.17475,63124.0159,59069.63206,56495.69471,52140.84293,53804.09984,53420.53417,58651.46526,53067.98578,49486.32413,57446.6444,52643.66579,49454.31434,47560.83601,47986.25157,42842.6352,38446.84697,40286.58587,36087.69725,33677.04841,35262.98266,32877.62499,32868.39959,29309.16385,26483.24248,27706.77272,26636.16016,24240.95849,21996.28064
1,EE,35943.31092,33169.52628,23860.48519,19103.65323,19467.00934,17450.01996,18420.32426,18013.05722,16211.88451,15283.57787,14842.14907,15221.18527,14889.74563,16742.43872,16693.58913,16491.16408,15821.11854,19137.59343,16994.89054,14086.47414,18595.80701,18468.29755,17043.46952,18833.81492,18282.0905,15479.34903,17152.92886,18192.86789,17388.09143,11882.00865,9080.15866,10263.63259,11863.45569,8649.92015,8000.58184
1,EL,74677.02651,74744.64885,76672.12843,76305.9872,78476.95399,78524.10189,80680.9277,85190.98947,89775.61965,89184.37819,94014.55852,96368.8645,96112.64048,100015.49246,100448.10912,104267.84338,103028.36736,105251.02738,102436.27356,97642.7279,90718.51226,89550.8495,85903.14738,75823.30449,72452.42143,69217.26336,65351.85938,68489.19597,65580.8093,59762.66783,50461.15764,52409.29305,53225.1026,47549.97947,49073.29134
1,ES,205353.152,215926.81708,225573.06257,217576.65698,227798.82904,241584.80627,229839.99809,241949.31718,249005.93114,271850.48715,283474.23758,284850.82769,304017.09359,307793.0266,323706.81107,337889.46408,328692.39091,336398.526,309016.1965,274800.85262,260179.63234,261928.56987,257037.58499,232272.38217,230516.3196,245836.94859,235860.86777,250472.1107,245388.54706,229360.38686,192213.83132,208336.98477,214778.86109,196557.08465,193285.26306
1,EUA,3538532.51612,3501214.3624,3388584.57843,3330739.04897,3296978.08923,3337335.45047,3430718.74534,3358215.61602,3350075.11116,3303024.57296,3300830.64173,3368328.14477,3367921.6169,3444956.51174,3442892.7782,3429614.01101,3439686.5025,3378239.05107,3314732.55273,3100519.38872,3167183.9771,3062630.43875,3008850.1516,2931973.09222,2785470.08747,2840768.46894,2842286.85718,2859847.74781,2788439.16628,2654017.90379,2388402.23708,2551803.14464,2505605.51001,2268398.33207,2208804.84043
1,FI,52533.17758,51176.93829,50553.98069,52455.30392,57738.19833,54223.08022,59952.51678,58381.61535,55074.83604,54457.73066,52631.29068,58039.22236,60645.92933,68185.73431,64293.12113,52657.88204,63750.52252,61653.15642,53427.33776,51591.62378,59100.54351,51705.13321,46437.83845,47080.72668,43284.33412,39734.11481,42388.62677,39967.48525,40944.60247,37942.71372,33479.63189,33251.46265,31945.36506,27676.59337,25965.56428
1,FR,352351.25428,378285.74748,370205.48681,351812.22015,344209.54287,350242.28488,367503.43937,359466.65986,377552.43706,376577.56364,370514.89308,376778.18665,371610.81338,378981.88718,378633.35218,381096.0965,370300.29865,359548.65018,357218.31531,348294.0594,350332.58092,327897.75928,332788.59269,332794.4209,300722.57131,306790.27744,310480.03123,311821.88425,296709.30577,291027.71806,259475.64709,281904.68139,272190.39047,250453.46672,242142.83094
1,HR,20257.35669,15021.34266,14350.79734,15116.98252,14179.84261,15115.44351,15630.56994,16682.91708,17274.12741,17954.4144,17347.86,18351.53363,19539.1852,20829.41784,20240.88569,20613.72935,20683.71411,21909.52971,20727.44437,19593.01206,18774.65033,18565.66302,17199.62141,16466.36931,15596.95342,15777.73701,16190.5734,16574.03153,15671.07288,15738.60164,14801.2377,15486.39967,16121.64959,16896.79449,16868.44522
1,HU,64808.77714,63448.12759,56833.21112,57206.32743,55317.8014,54756.34537,56591.20064,55786.94411,55603.33772,55958.75996,52257.73885,54094.8814,53097.51005,55875.92257,54120.58374,53771.35994,53157.79344,51873.97279,51121.71087,46419.97292,46844.36426,44975.66768,41882.87556,39352.7481,39018.41176,41523.798,42355.19318,43994.2842,43789.33716,43722.09747,41717.29622,43165.87762,41278.95913,36740.51012,35929.24406
1,IE,30148.49095,31204.12719,31146.07287,31306.27357,32290.75421,33169.79528,34683.89605,35765.96193,37889.82178,39574.44295,41847.9291,43924.80661,42716.41309,42676.64598,43139.53227,44945.16457,44457.51597,44374.81051,44481.3552,40048.13505,39732.94698,36241.35187,36337.50567,35200.69382,34543.80248,36188.58151,37666.06978,36346.90408,36029.47109,34453.06852,32399.72637,34256.18596,33571.39581,30751.50915,30280.28088
1,IS,1806.69305,1722.2684,1865.41908,1968.30365,1916.83559,2017.68595,2072.67962,2109.13284,2101.9347,2156.26404,2138.56577,2028.76788,2138.90049,2129.5786,2224.32917,2111.1201,2180.22984,2319.76116,2193.95955,2102.81747,1993.88915,1875.60084,1828.18892,1792.89963,1798.25929,1828.67003,1809.00687,1842.01259,1887.42669,1836.26905,1639.41721,1725.43722,1780.95852,1746.60806,1830.91306
1,IT,409194.1473,409037.68942,408676.10733,403933.30014,399122.62465,421520.81654,418241.04062,423762.85882,435988.82478,440562.59116,444076.3769,443413.45925,450983.68941,468038.75486,472682.56618,472909.04171,467639.02451,461004.04597,451733.81819,403111.72997,413213.04814,402327.84395,384610.56017,352161.53161,332500.82752,344763.27177,341474.18864,336048.50613,332059.11013,322923.14878,287211.61652,318921.58994,323350.78834,296102.48658,285730.66822
1,LI,198.6965,206.07096,206.69939,214.79094,200.88817,203.98453,205.73659,218.07219,228.97688,226.30252,216.57576,214.39987,219.76111,229.0465,229.06468,228.62541,230.77073,200.43285,219.20538,205.11586,190.53848,176.54588,185.10745,192.33121,161.04897,159.56419,149.68497,155.73872,142.99845,149.03873,141.97868,145.78137,128.43221,131.0913,114.54989
1,LT,32240.34988,34326.70875,19290.37067,15423.04483,14515.49872,13585.07037,14092.22551,13641.54311,14346.69845,11930.97082,10396.88569,11063.46295,11098.66365,11093.42371,11719.1766,12518.40113,12573.57743,12818.51345,12693.75698,11556.68088,12507.53409,11712.83273,11684.01881,11065.29309,10644.50891,10588.85995,10892.37702,10842.17865,11192.24383,11196.25476,11099.98159,11513.17418,11148.42433,10987.74874,11093.48827
1,LU,10206.63337,10894.19178,10733.74233,10900.58564,10182.6171,8152.40701,8258.99934,7731.76638,6998.55253,7426.0217,7983.54441,8541.01869,9298.31242,9822.694,11133.12333,11419.60894,11198.36983,10603.93907,10521.88792,10043.58957,10591.65754,10482.43175,10285.22994,9771.10854,9248.83631,8787.14264,8506.42211,8672.52774,8973.23069,9148.30532,7490.48185,7904.03994,6780.5811,6455.52114,6238.94582
1,LV,18645.1659,17105.87775,13853.48161,11772.25624,10174.84024,8926.14412,8993.45759,8446.5906,8066.35454,7445.5977,6853.51495,7249.86089,7248.81547,7435.08692,7447.02977,7546.96942,8020.59982,8345.57777,7920.5334,7190.65618,8023.09292,7178.63139,6826.33366,6744.31022,6541.02781,6713.86075,6778.15246,6695.5066,7182.63964,6960.36184,6321.58685,6532.39315,5933.09509,5922.82092,5732.52557
1,MT,2421.89972,2266.12526,2288.28737,2880.24417,2652.72297,2446.55354,2528.59452,2550.68313,2519.99037,2568.72224,2464.14992,2732.36718,2743.12792,2956.86749,2845.27278,2645.82853,2650.81574,2724.10969,2717.3217,2556.4292,2615.12518,2603.42692,2743.20065,2417.98879,2405.65323,1687.28199,1367.8482,1531.83791,1541.76987,1643.88398,1595.78301,1606.20566,1768.29593,1732.31445,1694.10068
1,NL,150495.22691,156690.4636,154665.45924,159126.67264,159219.26752,162888.62648,171954.8881,164607.10203,165227.1007,159636.50454,160912.40058,165951.27959,164769.0862,167614.95286,169184.23119,165558.04355,159902.73232,159022.53257,162112.65541,157781.22449,168391.10662,155770.53462,152568.46113,152357.76184,144685.99171,151610.68689,151497.84257,148629.89546,144054.77698,139697.97205,123513.88952,126895.31465,114872.73476,105374.18695,103401.74942
1,NO,27037.71242,25958.7246,26903.53147,27825.98888,29341.11773,29766.85246,32738.00282,32377.32142,32412.33896,33379.97329,32402.09448,34054.68847,33943.13547,35279.46513,35147.60211,34842.45937,35817.69352,37411.03508,36258.11707,36297.19738,37863.70387,36835.63333,36412.75171,36548.05267,36846.80298,37299.83767,36558.17619,35961.08824,36141.51348,34577.6453,32794.49647,32552.26331,32310.28945,31062.36673,29337.90792
1,PL,354856.85161,355168.83082,347020.62595,348114.05252,340985.15612,342252.81634,357880.13107,346814.74018,320012.35848,311474.6916,298201.77291,296382.24226,290300.53404,301527.01782,305360.20025,305305.16605,317866.15422,315525.04621,310293.34512,299862.98763,316832.93335,313811.4599,307566.08403,303817.06208,290433.64206,293516.37571,303909.8344,316614.40792,315164.70736,297189.93948,281849.61326,310415.49352,295112.74767,266989.28827,261282.93151
1,PT,39452.88177,41396.66093,45559.51035,44088.03935,44790.96903,48383.56443,45584.61252,48139.04513,52668.16456,59934.68869,58381.8109,58861.83984,63151.79187,58088.51264,60358.37344,62767.81549,58424.47114,55361.50984,53400.9433,52307.24971,47787.45251,47209.55108,45764.72654,43648.14334,43078.92402,47431.71184,46198.09842,50824.65301,47455.50126,43495.16539,37662.3107,36402.20162,36891.61513,34365.9442,32832.05415
1,RO,150722.07584,123977.06562,116759.30226,107683.39033,105403.27843,107827.19013,112082.31436,102244.22733,89442.38657,75953.83332,79488.25532,84612.65611,83268.90196,86954.21357,84516.51607,82673.59765,85686.26329,84451.16089,82037.20421,79376.81871,67878.2726,71478.87598,71085.62794,62894.10168,62111.21225,62597.70996,61147.8411,64277.56511,64411.97887,61232.66271,57074.6874,61256.5277,59921.18337,57882.00318,58136.808
1,SE,51370.05704,51910.9777,52088.72496,51974.42505,53974.1678,53162.00082,57223.74277,52340.73296,52738.12412,50026.70554,48557.14426,49319.61827,50005.69883,50972.10683,49723.98208,47250.34568,47146.79519,46259.37414,44370.11884,42466.69829,46469.09997,42762.18842,40438.68509,38827.45741,37292.24662,37239.16381,36686.41644,35948.27371,35727.86766,33965.81183,31230.57808,32448.09042,30013.25389,29567.83378,32935.64155
1,SI,13910.50107,13026.7822,12924.42832,13490.92523,13702.48116,14433.54717,15082.81328,15569.12641,15123.59827,14478.43526,14100.56906,15304.70976,15580.74561,15240.06177,15652.98814,15838.25395,16049.98181,16197.53618,17199.4276,15461.97535,15734.22041,15657.03423,15059.40361,14353.92551,12749.44981,12876.53425,13702.50066,13788.8847,13681.84859,13167.90115,12035.9166,12243.98624,11942.46141,11311.47508,11997.62167
1,SK,53349.72582,47021.40072,42903.08882,39100.63655,36633.73944,36307.94923,35955.87629,35930.14767,35366.26759,34697.9135,34007.69762,36043.58494,33829.50749,34755.61677,34227.66863,34731.8349,33989.03476,32461.64538,32935.3608,30550.82337,30889.1672,30415.40732,28350.69724,28179.28949,26001.52074,26688.93361,26860.19184,27830.3855,27757.30769,26269.94355,24093.63548,26773.09696,24575.10184,23939.4904,22405.55644
1,TR,132855.21261,137494.01803,143788.88331,150139.76426,146953.14125,159940.29719,177697.78786,189156.27783,188857.32072,185950.30484,207376.59973,191736.28918,198354.88707,212617.83683,218161.79043,235195.43581,250830.04161,279120.53722,273089.84701,277614.78155,272858.48786,293750.72898,306622.43601,295279.00339,311301.03088,334592.47534,349309.92613,370639.43252,364115.26527,353397.09871,355916.24522,389793.28128,383719.38868,383978.10621,401988.69245
1.A,AT,50839.50873,54550.96412,49814.20783,50412.32296,49872.5007,52378.81411,56509.7823,55327.61313,55162.78608,54022.00634,53553.32757,57679.89398,58906.39422,64360.49179,64520.88018,65030.97767,62198.98744,58800.23469,57912.54918,54763.31015,57629.01253,55449.12658,53196.60803,53380.32219,49710.72927,51478.05622,52694.62883,54366.92112,53122.99118,53454.22491,48541.79259,50413.88874,46858.63497,43018.28132,41565.35324
1.A,BE,101561.43519,105316.24006,103837.17326,103674.09582,105513.68895,105819.74031,110102.59315,104364.36277,108778.96664,103456.84946,104286.9273,104741.60926,105140.3417,106289.09888,106098.21227,103944.09963,102150.93841,99980.82994,99513.86921,92949.95822,97400.17019,88106.93065,87219.88782,86995.76134,81186.15673,85211.79517,83459.3397,82976.57454,83543.14225,83875.26478,76988.34381,79951.50257,74709.29967,71552.36295,71406.69508
1.A,BG,68150.55506,54721.39603,51620.74354,52247.69983,48780.53181,48706.68672,49458.00628,47250.96484,46566.12634,40541.69462,38926.12879,42521.51626,40299.36416,44067.61659,43141.7175,43888.41766,45028.42584,48565.88809,47907.21223,42208.52643,43984.19319,48749.29419,44117.75414,38521.42056,40934.95932,43144.86845,39957.3219,42086.91708,38669.7817,37600.37428,32274.28647,38027.45308,42290.6537,30583.00339,28555.75743
1.A,CH,40898.3276,43220.59819,43260.79685,41103.62751,39997.82999,40900.7173,41754.88913,40876.08264,42461.8545,42280.71292,41322.98418,42760.2445,41211.80203,42429.19178,42856.76611,43300.75691,42950.50945,40937.71476,42322.98971,41230.30347,42577.19691,38551.08574,39957.11125,40904.37152,36911.89514,36599.93409,37002.35514,36032.52761,34763.49558,34651.30738,32255.29395,33751.71527,30855.39669,30070.15215,29502.35955
1.A,CY,3924.72527,4454.23886,4776.0354,4951.19837,5158.97434,5063.33155,5354.79518,5475.58038,5815.07249,6076.206,6298.40191,6188.73413,6347.85754,6733.9269,6895.39552,7086.85104,7276.22465,7572.48737,7787.11545,7707.53764,7478.64133,7217.23512,6731.63736,5811.04771,5942.42049,6063.11756,6451.63119,6528.91548,6453.4128,6505.19943,5996.02324,6155.60936,6184.53091,6138.10524,6327.20597
1.A,CZ,146642.00526,135217.54677,131672.00609,127107.80305,118568.43104,118161.6813,120884.54915,116026.63256,110789.75298,104364.50713,113577.84524,114344.02271,111379.71216,114029.30065,114005.41514,112758.56636,112541.46672,113886.45082,108782.56037,103473.70232,105172.49335,102726.38029,99139.04144,94714.34652,91726.08425,92861.6138,94560.13707,95698.03865,93823.20694,89230.5194,80623.1985,84303.13251,83722.62649,74234.42191,69632.70566
1.A,DE,988122.39277,954583.2769,910203.09919,900207.90322,881630.78717,878997.84196,900629.98718,869613.99268,863071.98152,837206.53134,835868.39407,858129.67634,843724.90796,841432.35093,825354.16897,810811.67437,828105.47581,788081.40385,796289.19288,743577.75128,778760.04288,753137.22369,764749.40822,784566.28045,744414.64048,749820.10837,749860.31229,734193.03358,706154.21909,660038.80912,599889.20696,630553.94796,625032.04634,550118.22407,531525.80955
1.A,DK,51315.83935,61535.63019,55672.32719,58059.93983,62023.2125,58938.37822,72147.71572,62425.62833,58545.88754,55388.407,51416.81956,53032.72606,52745.45979,57981.11981,52315.28677,48937.89518,56902.57578,52099.78041,49066.63319,47298.97826,47632.88777,42590.32653,38229.15752,40042.6377,35836.94039,33429.47234,34989.53087,32635.80339,32635.48349,29114.14921,26356.86575,27595.52483,26541.23243,24153.16778,21885.66173
1.A,EE,35943.21379,33169.42937,23860.42853,19103.6251,19466.96917,17449.97401,18420.27369,18013.00818,16211.83794,15283.53265,14842.0971,15221.12942,14889.6988,16742.38518,16693.52824,16491.10112,15821.05508,19137.53034,16994.83003,14086.43273,18595.76351,18468.25893,17043.42589,18833.77115,18282.056,15479.31783,17152.89474,18192.83742,17388.05869,11881.97836,9080.13092,10263.60107,11863.43238,8649.89934,8000.55702
1.A,EL,74634.32899,74701.49171,76635.83116,76276.52064,78451.18128,78501.54751,80655.97227,85168.33695,89760.01122,89183.53088,94000.59208,96359.03571,96103.0092,100008.46616,100441.26191,104262.25254,103022.74628,105246.4527,102432.72271,97638.29286,90712.54428,89545.60828,85898.19273,75819.23241,72448.67584,69213.62453,65342.49308,68481.48903,65569.8387,59753.62554,50455.98638,52405.77195,53223.03912,47546.89824,49070.1752
1.A,ES,203597.51032,214122.64781,223605.02742,215623.74654,225645.9826,239669.47271,228013.18158,240033.35167,246989.15813,269742.54976,281231.72132,282763.07521,301924.33529,305819.68691,321431.59821,335565.74147,326256.25359,333812.99177,306695.14623,272528.3334,257890.43814,259178.72078,253654.77179,228433.09665,226457.42568,242060.23363,232029.89025,246620.26742,241474.30653,225516.29026,188591.90751,204774.39042,210903.46575,193025.12027,189791.51001
1.A,EUA,3515548.73784,3479831.41797,3367074.88422,3309520.89513,3276430.58,3316254.67395,3410113.0703,3336257.22481,3328956.46048,3281917.72148,3280151.03203,3348833.73013,3347791.19905,3423802.14081,3423009.28623,3408876.8049,3417458.19031,3356257.24035,3293003.16985,3080707.78041,3146678.75714,3041601.07689,2987925.96306,2909250.80233,2763496.26538,2819117.70498,2820928.61161,2838164.73341,2767040.80579,2633043.99795,2369654.75567,2533842.16089,2487201.97846,2251469.29088,2191738.59919
1.A,FI,52421.68414,51073.47653,50444.13829,52298.41009,57671.76843,54148.4831,59887.75915,58278.39106,55010.90053,54402.58046,52572.81148,57986.26692,60584.42709,68129.71235,64238.08424,52587.46029,63692.29804,61572.24644,53330.20317,51516.90907,59004.13278,51617.34074,46336.0258,47001.5723,43200.60444,39625.59415,42284.5161,39820.89763,40853.81618,37877.56904,33403.29215,33183.59979,31880.41267,27590.39042,25887.9553
1.A,FR,347989.71745,373820.95014,365737.61296,347541.87991,339669.6233,345821.11514,362910.59424,354925.76766,373095.25973,372430.18595,366218.48044,372518.17062,367598.74919,375008.83379,374629.48995,377086.85376,365983.12068,354923.33964,352307.31167,343663.88933,346111.218,323906.73097,329386.31315,329657.84976,297674.01527,303844.44221,307522.23095,308919.81706,293711.7924,288439.94045,257271.95537,280149.83596,270552.35494,248830.70597,240628.9197
1.A,HR,19674.83958,14444.427,13763.01,14330.71527,13474.76849,14279.65966,14820.26924,15920.56824,16596.67436,17292.55015,16636.44081,17589.38254,18762.82509,20100.61603,19462.96662,19856.98523,19917.74315,21181.93247,20090.62588,19019.1509,18233.12666,18006.77414,16726.37813,16013.57232,15155.78925,15528.20158,15953.8497,16262.43669,15386.43691,15451.66238,14513.05237,15202.47546,15765.55889,16592.71987,16625.631
1.A,HU,64323.88861,62988.54773,56393.09708,56809.2118,54830.82004,54492.07298,56332.64503,55575.85982,55417.09366,55791.79364,52068.84247,53950.81143,52957.30673,55729.68815,54002.48529,53658.59344,53040.79814,51769.62135,50941.76699,46240.10218,46655.99131,44788.72468,41732.7462,39202.22552,38889.41953,41391.92166,42218.51372,43851.74262,43642.13771,43572.65557,41555.22139,43027.46914,41144.11944,36594.93773,35777.15271
1.A,IE,30148.48494,31204.12103,31146.06678,31306.26661,32290.74714,33169.78693,34683.88261,35765.94414,37889.79821,39536.14834,41847.89181,43868.71499,42716.36896,42676.60113,43139.48425,44945.12166,44457.46629,44374.74913,44481.29336,40048.0697,39732.874,36241.28948,36337.45039,35200.6418,34543.75784,36188.17645,37664.7024,36342.14391,36029.26634,34452.78299,32399.39264,34255.7519,33571.18152,30751.24867,30279.94539
1.A,IS,1745.84697,1652.83022,1798.31429,1883.43814,1847.22648,1935.61076,1991.57282,2042.44225,2018.31684,2045.03007,1985.46056,1885.01933,1991.52906,1993.2758,2101.45938,1993.15766,2052.84334,2172.42983,2008.06147,1932.74751,1804.28616,1696.13891,1656.21973,1619.85968,1596.58578,1660.71147,1649.99542,1693.12373,1726.00156,1664.15258,1465.98974,1563.15156,1607.26085,1574.52777,1612.18091
1.A,IT,405146.5128,405057.77526,404720.02223,399753.30894,395052.46689,417518.41882,414390.67863,419750.28221,432101.99798,437453.91196,440814.4588,440342.58658,448140.72123,464655.23312,470036.53489,470351.97476,465047.5401,458477.75585,449137.77137,400880.22608,410836.08728,399712.67807,382082.7788,349459.9243,329999.68277,342188.9898,339285.4989,333697.24578,329763.96196,320166.88524,285099.26115,317105.90825,321551.35461,294362.91669,284057.82877
1.A,LI,198.69639,206.07083,206.69924,214.79078,200.88799,203.98434,205.73638,218.07197,228.97664,226.30227,216.5755,214.39959,219.76082,229.04619,229.06435,228.62506,230.77037,200.4325,219.20501,205.11552,190.53813,176.54553,185.1071,192.33085,161.04862,159.56383,149.6846,155.73835,142.99808,149.03836,141.97831,145.78099,128.43182,131.09094,114.54953
1.A,LT,32216.46496,34298.49064,19256.85286,15375.00837,14472.22561,13528.12738,14006.56536,13532.17647,14225.77433,11845.53176,10286.68222,10940.14789,10984.04405,10997.50114,11600.62332,12405.35544,12467.94412,12735.74171,12552.98979,11328.89704,12249.5899,11468.58401,11451.14785,10799.90389,10393.30204,10381.66647,10641.60813,10617.95369,10938.64816,10962.31311,10918.37476,11295.53321,10910.43764,10789.9083,10892.68192
1.A,LU,10206.60756,10894.165,10733.71437,10900.5566,10182.58784,8152.37363,8258.96287,7731.72913,6998.51503,7425.98292,7983.50464,8540.97447,9298.24905,9822.62975,11133.05201,11419.53866,11198.29607,10603.87006,10521.82193,10043.52282,10591.58579,10482.36958,10285.16634,9771.0544,9248.78519,8787.09668,8506.37984,8672.4861,8973.18984,9148.26452,7490.44487,7904.00011,6780.55029,6455.49222,6238.91533
1.A,LV,18645.15441,17105.86668,13853.47152,11772.24659,10174.83081,8926.13494,8993.44874,8446.58234,8066.34661,7445.59015,6853.50796,7249.85363,7248.80805,7435.08139,7447.0243,7546.96324,8020.59539,8345.57322,7920.52872,7190.65176,8023.08866,7178.62599,6826.3288,6744.30223,6541.01404,6713.84781,6778.1406,6695.49092,7182.63032,6960.35168,6321.5758,6532.38229,5933.08652,5922.81271,5732.51766
1.A,MT,2421.89972,2266.12526,2288.28737,2880.24417,2652.72297,2446.55354,2528.59452,2550.68313,2519.99037,2568.72224,2464.14992,2732.36718,2743.12792,2956.86749,2845.27278,2645.82853,2650.81574,2724.10969,2717.3217,2556.4292,2615.12518,2603.42692,2743.20065,2417.98879,2405.65323,1687.28199,1367.8482,1531.83791,1541.76987,1643.88398,1595.78301,1606.20566,1768.29593,1732.31445,1694.10068
1.A,NL,149610.03421,155871.80938,153913.33651,158441.07268,158599.74747,162336.28417,171458.70061,164001.05908,164808.36063,159328.29889,160561.1029,165696.78225,163566.80962,166488.28659,168103.75828,164396.56966,158755.36066,157811.49597,161112.7453,156654.16307,167256.70319,154793.86577,151704.58667,151220.38211,143594.06384,150573.20059,150394.15602,147511.91798,142953.7435,138635.80876,122583.19159,125772.02514,113776.88193,104335.33634,102121.17163
1.A,NO,24623.45894,24223.57202,24945.00233,25773.4764,27200.15009,27769.2527,30287.19979,30183.99314,30058.60602,30457.99986,29325.74027,31382.28769,31674.26394,32994.60947,32939.50128,32565.27752,33528.35777,33832.27851,33289.44869,33966.9177,35321.07742,34276.07453,33850.25566,34046.06854,34745.02507,34909.93433,34263.71218,33813.90854,34102.64782,33040.71697,31383.73398,30934.0645,30684.02817,29540.88991,27930.89637
1.A,PL,350625.56673,352339.51472,344188.69554,345420.80548,339253.39993,339334.20513,355378.74369,343606.78033,317296.87037,307931.33656,294800.64637,293486.99639,287264.14757,297940.5353,302619.554,301893.56917,313869.55361,311896.04551,306698.54238,296971.97679,313325.81643,309776.47473,303340.73106,298988.84521,285706.76429,288746.88787,299330.76747,311930.0996,310310.28662,292829.20534,277615.08048,306121.55635,291037.26009,263404.32687,257832.82977
1.A,PT,39396.29563,41336.16659,45491.36494,44003.46161,44511.4908,47966.17881,45217.18927,47669.24684,52226.99644,59550.19245,58035.47687,58433.5796,62732.93936,57621.33192,59875.94799,62204.59472,57888.90455,54807.5192,52896.95645,51838.3243,47221.7567,46686.73336,45157.67357,42464.5276,42063.28256,46292.37932,45132.35873,49680.50493,46407.65887,42361.94328,36649.54169,35457.38115,35716.98068,33342.40731,31654.24933
1.A,RO,149545.45933,122968.61383,115724.9287,106635.15492,104350.20043,106742.71678,111002.21422,101166.58451,87980.19143,74644.96563,78534.27152,84060.63731,82537.78108,86044.80514,83617.40073,81522.33741,84233.57302,83190.76133,80652.44453,78299.9187,66718.89892,70599.04108,70247.09071,62053.37456,61286.67035,61812.79476,60312.57255,63501.39723,63550.98502,60370.52459,56280.3214,60503.49926,59113.4906,57086.0807,57366.60857
1.A,SE,51362.06746,51902.60756,52080.95572,51967.07344,53965.90851,53153.34188,57215.02107,52332.29094,52729.70718,50018.33294,48549.09297,49310.87113,49996.99264,50965.01947,49714.00131,47242.54589,47139.44338,46252.56989,44363.91348,42450.43852,46462.47006,42750.73425,40427.4816,38821.96545,37280.41153,37210.47572,36671.09908,35937.70948,35718.97037,33950.52608,31219.58548,32432.86681,29994.56496,29555.47997,32914.88228
1.A,SI,13809.6821,12933.76444,12804.40432,13383.05198,13598.7848,14315.25385,14967.49006,15445.91668,15007.34005,14361.17226,13982.97446,15169.77309,15436.94533,15081.59308,15491.9687,15672.69901,15870.02004,16010.72553,17027.75673,15288.62723,15560.12221,15470.41649,14869.50587,14199.2171,12638.83415,12759.65181,13572.6708,13649.72015,13550.89533,13043.29792,11910.80716,12131.15371,11855.65908,11212.60479,11905.86715
1.A,SK,53272.86346,46952.13434,42838.04542,39037.57132,36566.22698,36236.49881,35883.4545,35857.89075,35293.0627,34624.61002,33938.44145,35974.39502,33759.87527,34683.36115,34154.17288,34662.23699,33920.56772,32395.13336,32867.34492,30483.66043,30823.9829,30348.1616,28291.47254,28115.53828,25934.12661,26622.8882,26793.51848,27760.53403,27690.17502,26205.94773,24030.13224,26715.69422,24520.82693,23890.12335,22365.91112
1.A,TR,132635.00898,137230.64867,143535.37192,149908.8447,146734.25069,159731.18307,177489.37783,188949.79931,188663.20394,185772.02606,207208.75124,191581.61554,198206.64654,212472.6542,218021.58798,235053.83414,250694.93784,278987.63744,272954.98518,277476.56571,272702.33064,293600.20815,306478.7415,295133.46685,311155.54343,334437.88281,349151.98491,370482.39424,363940.79367,353214.25724,355721.00969,389583.46446,383501.75191,383728.57864,401662.94473
1.A.1,AT,13960.69068,14744.98345,11510.57903,11586.72781,11873.97948,13013.3259,13980.43998,14024.9108,13088.41563,12566.79305,12262.99449,13643.6932,13306.14845,15841.03628,15774.23364,15945.46984,14730.65391,13519.83786,13343.46813,12329.82835,13622.84749,13227.30435,11846.45029,10847.45604,9236.54447,10333.97589,10119.1966,10730.59474,9884.90338,9921.08222,8553.17864,8569.69129,8060.37973,7184.64004,7147.49278
1.A.1,BE,29496.31286,29965.24653,29054.44608,28328.57038,29398.81559,29007.40344,28360.10021,27294.48235,30186.47915,26530.83505,28254.4668,25909.57163,27393.48423,28541.82802,29011.14599,28820.04451,27714.62283,27026.05189,24916.66072,25357.89549,25925.64614,22493.90821,22353.42328,20885.84727,19901.76981,20621.41459,19324.7199,19460.67174,19417.15126,20721.36463,18777.59526,18018.28854,18337.56388,15525.37298,14683.76034
1.A.1,BG,36400.70992,29952.79379,28982.27087,29619.2348,26926.29898,27336.86111,27341.01179,29120.93764,27805.99658,24100.28325,24091.04412,27742.71416,25007.74276,27022.52142,26785.86118,26985.09501,27277.90741,30598.7178,32111.574,29356.15669,31200.83411,35951.17335,31192.29219,26877.27368,28646.29838,29653.06968,26259.67852,27543.82319,23416.59248,22428.67388,17817.25783,21976.54237,26874.26219,15672.47808,12765.1045
1.A.1,CH,2469.88348,2756.72526,2854.39495,2527.15397,2571.53796,2611.1958,2828.22121,2830.74689,3190.9567,3218.02506,3139.52545,3280.41634,3359.59041,3358.68698,3652.44554,3786.34156,4001.24462,3690.41111,3808.46696,3646.37209,3814.44692,3567.42137,3608.5973,3711.08589,3594.70653,3295.3896,3393.05661,3322.8789,3396.7943,3418.09613,3386.16816,3349.33521,3296.42365,3188.48111,3189.18277
1.A.1,CY,1761.4882,1824.0439,2120.7909,2242.9861,2370.8962,2166.1439,2281.1158,2410.9466,2643.2136,2826.9354,2954.6042,2837.2828,2998.4718,3224.9118,3283.4408,3471.84,3653.38,3801.66757,3967.29214,3992.46733,3868.00132,3710.03832,3545.92995,2829.7316,2940.321,3023.0042,3300.0014,3287.8338,3342.3599,3282.0565,3023.10868,3077.6882,3104.7084,3049.9205,3215.4503
1.A.1,CZ,56593.87464,55221.69411,54398.45242,54068.98463,54586.67114,61473.20651,66212.77915,62519.86476,60395.03864,57952.8116,61773.04979,63944.85368,62503.81197,62149.15568,62262.54383,62870.75994,62320.71112,65948.9925,61235.83458,57178.08228,61892.29304,61609.99397,58748.55732,54942.85284,53512.41888,53405.85296,54165.39675,53383.94808,52675.56752,48932.97262,41378.75401,40781.60103,42545.48207,35469.36872,31695.1798
1.A.1,DE,427952.70442,414247.50367,392692.7486,381691.93731,379239.18936,367496.61741,374339.77047,353346.15651,356250.27902,344195.29282,357133.77014,369668.46646,371045.23254,388781.10267,386450.9555,379530.94175,381677.08556,385845.07915,368450.08656,344462.00446,355259.78389,350773.20249,361563.27322,366740.65011,347112.58152,335863.39625,331691.2051,312433.1227,298847.82478,248688.89068,210723.93639,238228.52294,248302.79419,196091.7015,181191.16095
1.A.1,DK,26155.52262,35025.6163,30099.40281,31674.71232,35674.69966,32182.86399,44477.53987,35350.94816,31699.13743,28610.4026,25592.98462,26881.05916,27102.91498,31845.90772,25966.5465,22787.07772,30685.58602,26053.38097,23934.54541,23883.79375,23696.27013,19770.118,16669.08987,18882.77547,15419.10536,12735.302,13904.38214,11432.2133,11318.41213,8526.93019,7209.46486,8164.65002,8130.31273,6489.92502,5959.20317
1.A.1,EE,28268.90969,25900.09595,19704.99178,15167.88652,15761.29049,13791.47284,14457.97081,14303.38509,12608.2544,12207.31851,11702.35312,11394.46658,11285.10249,13016.41692,12897.13988,12600.37891,11870.18543,14814.6257,12878.52996,10643.89213,14988.79068,14651.21643,13183.46995,15013.72924,14464.13466,11814.42999,13411.05838,14425.52733,13555.54119,8109.81079,5715.82273,6950.57396,8588.75545,5422.65919,4692.83353
1.A.1,EL,43093.70053,41932.60845,44212.54638,44111.98166,46089.06995,44857.20166,44037.52205,47473.14151,49995.2434,50294.81873,54739.00993,55254.97323,54678.65814,55921.53549,57238.33505,58058.16923,55895.53851,59371.473,58019.05389,54480.47381,52036.597,53838.37896,54507.2598,49205.01565,45784.63065,40776.46409,36909.60809,39817.10756,38149.02744,31885.66095,24428.77276,25420.10748,24682.37971,20905.92374,21164.2877
1.A.1,ES,77759.4655,78158.08345,85338.426,79440.67368,79256.69904,84916.7317,71961.14243,84292.10337,83930.06997,99034.76864,103520.79229,97851.56927,111744.09165,104657.46928,114299.84207,124044.76044,119132.42934,124704.31987,107628.7712,90341.33264,73427.89694,85950.46082,91011.21945,71031.65995,74198.23668,84019.8354,69121.52484,79244.99252,69930.77366,54558.74087,40210.97624,40630.71683,52417.37476,41001.74263,36488.32104
1.A.1,EUA,1434313.84157,1401900.83764,1355441.76625,1304162.1165,1310650.98122,1311107.06394,1339535.02141,1304849.48436,1307963.59051,1270640.06143,1296480.12721,1321438.85084,1343713.22177,1394685.35183,1387347.43642,1376718.33463,1384530.7746,1392008.47157,1324893.10862,1233865.71047,1245676.55316,1232556.84372,1217438.48443,1155442.6621,1094436.69145,1102565.80075,1078274.88618,1075087.95223,1013642.33121,894515.27905,768013.51293,830453.52794,849853.1923,690482.89918,634770.60558
1.A.1,FI,18794.41323,18599.22461,18404.88467,21137.20635,26083.50487,23752.06756,29490.86596,27110.89031,23873.23753,23298.79269,21783.30367,27208.17724,29995.71125,36996.81754,32917.34622,21757.1668,32610.79124,30506.77758,24076.14107,25175.77839,30481.61617,24465.69927,20420.52527,21748.06921,20574.72034,17413.95245,18755.14593,17142.62196,18268.86224,15832.77111,12728.79149,13051.10053,12547.41976,9745.98685,8144.53701
1.A.1,FR,65821.98124,67270.83706,68344.11278,56103.88623,52579.72821,55326.53929,59995.23915,56423.53044,68945.11017,62419.09996,61952.3712,55415.17966,58678.96901,62073.61613,60943.63167,66343.17755,62282.21858,61962.76687,60819.7375,59029.89268,59625.30504,54389.2805,56615.13728,55003.42146,41797.53434,44685.66887,48192.6682,52093.53452,42704.07698,41335.81247,36909.63502,39523.29189,41199.31196,33460.75301,28323.77418
1.A.1,HR,7065.78806,4742.099,5342.74569,5940.22367,4658.424,5261.60033,5085.53316,5557.15979,6238.8794,6459.11777,5810.87159,6343.85255,7225.52298,7871.1605,6784.00997,6810.03183,6631.41586,7815.15319,6771.6219,6365.42266,5877.33682,6247.85899,5849.20009,5238.07361,4743.90547,4718.81769,4846.79486,4464.76634,3907.80857,3878.50188,3661.13398,3730.97768,4062.71324,4054.35119,3138.04804
1.A.1,HU,20795.80874,21658.16808,22417.30522,22977.85021,22175.92459,22643.46258,23002.8294,24997.38633,26618.57994,26347.46003,23734.28587,24046.00797,22409.1639,23656.12699,21732.62258,19848.11523,20148.73116,21365.06211,20388.09432,17223.92145,17903.35345,17197.69613,16676.19465,13993.57977,13330.53916,13690.28937,13450.11045,13763.51241,13011.45058,12504.88506,12261.06026,11422.64209,10664.44771,9185.03862,8659.66686
1.A.1,IE,11145.00579,11604.43087,12263.68731,12282.23665,12618.22445,13301.41905,14016.85427,14674.02946,15057.14465,15713.09247,16028.39476,17238.99753,16314.6355,15610.98617,15234.5453,15718.54927,14958.70868,14458.24851,14555.12416,12972.03124,13227.93745,11844.29772,12682.81073,11331.16335,11126.21487,11737.49997,12442.57622,11627.62657,10303.23172,9061.79308,8429.62205,9978.4679,9788.44715,7657.75297,6960.09018
1.A.1,IS,13.45905,15.05409,14.05917,14.42148,14.28083,15.09679,12.11346,6.99638,9.02841,6.67906,6.47344,5.97271,6.85357,4.99286,3.15654,3.2585,9.03121,24.94002,10.15608,7.74652,8.35824,6.41969,7.70776,4.37218,5.10308,4.18064,2.35835,2.31019,2.34963,4.95075,2.61062,3.19495,10.45159,10.91976,15.39901
1.A.1,IT,136941.46036,131336.00878,130561.43064,124746.01301,127171.53089,139940.523,134615.57141,136979.33661,138233.57753,132848.16401,144272.83823,142817.62482,153803.99471,158890.93294,160712.93976,159227.36087,161489.53481,158483.30393,155423.38559,133491.01449,136885.38898,132748.29656,127688.80196,108537.55315,99915.56969,105486.27516,104138.16833,104287.0889,95334.78316,91234.58257,81213.2507,85439.92712,94054.10726,74819.56479,63503.10093
1.A.1,LI,0.12118,0.78764,1.81764,1.87823,1.75705,1.9994,2.5043,2.44372,2.82744,2.82744,2.66587,2.82744,2.42352,2.72646,2.84764,3.0294,2.74666,2.48411,2.80724,2.86783,3.15058,2.94862,2.70626,2.92462,2.48168,2.02052,2.141,2.09015,2.14971,3.3756,2.40674,2.54117,2.27316,2.81163,2.20124
1.A.1,LT,13521.9154,14590.03489,8583.31652,7264.03761,7216.28338,6358.03255,7038.30366,6481.86666,7287.83225,5901.144,5043.41911,5516.63514,5332.60503,5205.53868,5378.31383,5634.60113,5180.45477,4714.5605,4781.021,4754.36496,5301.29882,4436.22237,4379.09576,3811.16703,3127.65406,3093.22445,2886.5737,2511.95599,2360.3645,2189.72756,2491.94481,2615.7972,2402.60253,2337.10431,2185.99427
1.A.1,LU,32.45547,33.95759,33.85949,36.02782,38.98286,101.22044,91.04746,103.29842,145.72911,165.44456,114.83291,279.68956,1025.27115,1029.29412,1248.3806,1232.81374,1292.59971,1167.47836,979.7634,1177.84059,1196.01924,999.13414,1041.5925,692.51145,664.75938,456.83695,249.99236,240.2168,216.9485,203.02089,207.08855,257.74157,216.44831,177.55732,151.03256
1.A.1,LV,6301.71664,5790.01347,4924.63525,4019.94972,3743.30518,3417.27284,3542.01183,3301.80482,3363.36951,2940.28017,2491.00284,2435.86291,2331.21117,2259.74741,2068.30376,2058.12774,2084.68293,1954.74011,1927.06864,1877.07106,2260.90094,2081.80495,1864.41266,1929.18022,1670.10385,1746.41544,1821.8997,1510.68298,1893.32017,1783.08926,1329.65595,1392.68483,956.90064,967.39617,1052.35787
1.A.1,MT,1758.5151,1599.05046,1536.25498,2101.82796,1809.1218,1590.47368,1646.97654,1611.63054,1636.40886,1709.51574,1602.32706,1943.92146,1956.86034,2159.65608,2065.53252,1971.258,1985.765,2027.365,2018.585,1897.113,1878.308,1931.566,2050.664,1689.836,1651.59157,883.81214,576.5667,723.42454,697.85598,739.07769,809.84708,771.63141,796.42221,798.7023,736.59724
1.A.1,NL,53146.85356,53883.48123,53856.66888,56211.73083,60180.1821,62464.98108,63475.23688,64042.21034,66415.7078,62723.061,64347.45416,68236.22164,67484.43847,68946.93449,70621.95298,67845.55216,62961.65812,65655.69479,65898.19101,64688.85537,67177.09783,63033.46603,59664.77763,60045.5916,64146.53464,69201.22815,67305.71254,62950.31407,59264.80306,56734.41325,46918.3308,46922.85385,44952.68315,37086.1257,36006.11999
1.A.1,NO,7124.17501,7480.99869,8044.07379,8318.45008,9042.79006,8950.71573,9825.21776,10178.0932,9874.82033,9831.63159,10751.6167,11964.69966,12218.75973,12890.58377,12983.68894,13227.36792,13188.1035,13535.98424,13557.08232,14503.64052,14697.24575,14288.63208,13967.70183,14028.09307,14717.28966,15205.15678,14754.49365,15096.77202,14987.87268,14829.66818,14121.32632,13136.7102,12580.27037,12224.52195,11716.77983
1.A.1,PL,234297.66972,228433.12133,220153.70303,207037.74465,205315.80155,190461.94359,197717.0899,191080.3194,183978.54985,178217.47842,175894.6647,177285.09469,171214.87965,179781.11013,179134.83578,177651.34983,183373.58596,179592.01605,174074.12111,166555.3185,172796.05025,174103.34089,168997.30139,169604.26803,160239.56869,162990.49589,162861.58685,164582.42636,162633.21132,149924.3361,139003.85427,159550.26963,152347.08493,127036.57152,123432.93783
1.A.1,PT,16365.60132,17090.01314,20085.10698,18117.85023,17331.51962,19989.5041,15970.6664,16718.19505,19318.52695,25382.2918,21563.50091,21976.59471,25370.43574,20859.60865,22330.82215,25338.09266,22370.07573,19725.98915,19124.2086,19268.90025,14382.22738,16354.82153,17323.84589,15117.013,14439.3704,18238.31502,17290.22203,21128.56782,17721.13088,12918.63946,10267.30811,8205.01529,8252.50764,5779.02348,4253.37975
1.A.1,RO,71447.81646,65927.68943,59290.87677,57922.80102,58859.07068,61236.41633,63355.32072,56915.38922,48247.51428,40382.42709,42848.41437,45292.23391,42753.67991,46105.0756,41116.0544,40892.30184,42899.63661,42591.73307,39539.05198,40357.81719,31510.65923,33649.7017,31563.8701,24844.64484,24481.55881,24238.20932,22631.82394,23873.24588,22219.97791,18836.81368,14986.47889,15531.11731,14459.23723,12729.8805,12317.97799
1.A.1,SE,10074.37319,10937.87775,11555.79905,11735.1797,12157.16716,11437.20941,15840.8867,11238.58277,12263.13966,10575.53926,9091.29545,10582.25107,11485.84848,12648.48769,11677.55886,10764.01887,11264.34685,10761.42254,10668.72688,11039.31326,13479.81111,11163.57084,10772.22214,10174.75905,9370.50333,9168.66907,9733.5396,9586.21595,10070.27218,8390.75358,7751.54915,8799.42837,2342.19914,8188.97437,7990.15627
1.A.1,SI,6349.52843,5407.76525,5938.53686,5729.70853,5512.23722,5700.46072,5305.28028,5723.19371,5961.11026,5265.44139,5570.05223,6285.50283,6536.87664,6264.92501,6396.65447,6422.80893,6478.45892,6699.21369,6469.80464,6189.32552,6318.91866,6337.48318,6031.50586,5753.05591,4431.85494,4544.7979,4911.88946,4899.23272,4784.23795,4557.99323,4494.38596,4178.69162,3400.5715,3291.22557,3615.51249
1.A.1,SK,19009.55981,16024.39508,14034.18728,12864.1471,12022.36276,11882.10895,11895.91511,11753.78368,11777.04496,11971.45143,12306.02866,13406.35298,12727.45885,13323.44842,13013.88714,12088.47082,11560.00954,10842.79982,10892.64524,9775.80292,9455.36303,9596.80804,9195.56119,8671.78257,7508.66648,8024.54786,7972.84357,7942.68346,7711.84176,7332.88482,6710.70847,7263.50701,6366.07481,6353.15809,5296.52799
1.A.1,TR,40103.34281,41656.93084,46190.94615,45579.45403,51727.64916,53411.22613,57568.54889,62500.61408,68196.2941,73324.43621,80368.47185,82891.88291,76859.00303,76765.62878,77757.05765,92452.77045,98143.84452,115143.23304,119698.87188,119486.93963,114121.34172,125564.2814,126929.19368,121879.48039,132166.25755,135050.84605,143675.28831,154481.89173,157539.73478,148792.79814,141054.20354,158036.36033,154784.03225,153073.92102,160111.56844
1.A.1.a,AT,11056.34049,11767.7552,8599.20013,8430.9236,8712.22575,9811.70452,11073.21588,11107.86535,10103.22026,10048.58388,9768.09216,11269.82445,10529.16368,12985.55272,12685.20578,12726.34681,11638.85598,10394.11728,10300.55028,9256.3213,10660.60048,10248.20124,8805.05749,7804.15112,6308.96619,7299.32223,7109.15662,7784.17155,6872.45116,6947.22978,5661.35304,5641.8431,5595.19337,4450.36452,4351.43422
1.A.1.a,BE,23173.01503,23835.79223,22890.56133,22886.71055,23931.42399,23803.56487,22706.01663,21875.41062,24705.58539,21440.98627,23205.73604,20825.64723,22237.92018,22957.74135,23802.01534,24046.05378,22764.3724,22037.58756,19990.7929,20383.99743,20955.96981,17982.97616,17513.48939,16205.825,14967.93551,15793.96477,14543.8432,14619.49342,14763.028,14960.30592,13810.60498,12777.46109,13449.69435,10842.98642,9760.13432
1.A.1.a,BG,35178.68512,29038.1236,28122.0365,28548.51977,25846.71636,26070.04419,26111.8604,28169.66172,27052.90487,23090.97438,23228.35513,26929.12734,24161.66539,26250.38388,25996.05905,26174.65131,26357.74402,29699.41932,31222.86417,28551.53724,30479.68182,35265.16012,30482.08061,26226.50687,27992.52305,28834.1634,25423.30893,26677.87402,22590.278,21433.68991,17012.03972,21245.35998,25838.11395,14713.11357,11735.27123
1.A.1.a,CH,2103.76524,2230.8763,2364.16759,1965.81093,1922.42836,1978.48204,2155.11865,2175.87937,2522.1407,2527.29562,2516.96897,2610.00146,2664.70193,2712.26506,2747.27162,2852.29242,2986.68755,2809.61152,2823.47787,2722.24471,2907.83206,2724.91771,2858.8325,2823.98,2678.37771,2859.2697,3032.76696,2972.94451,3031.83213,3091.70722,3062.23171,3067.60128,2937.99494,2843.17485,2886.86087
1.A.1.a,CY,1675.77,1738.05,2031.67,2165.27,2258.69,2075.92,2196.87,2321.55,2550.69,2719.88,2850.4,2783.11,2891.45,3117.89,3257.78,3471.84,3653.38,3801.66757,3967.29214,3992.46733,3868.00132,3710.03832,3545.92995,2829.7316,2940.321,3023.0042,3300.0014,3287.8338,3342.3599,3282.0565,3003.7296,3077.6882,3098.9412,3049.9205,3215.4503
1.A.1.a,CZ,54584.89821,53639.82372,52865.50354,52744.49926,53233.35748,57727.02219,60667.16817,56757.39183,54374.49731,51970.20862,55858.12348,57741.811,55960.60561,55863.75681,55729.15905,56209.57341,55624.94018,59721.86227,54187.85579,50765.35093,54363.08464,53973.54804,51528.95569,48315.48875,46642.01585,46679.24574,47396.37917,46905.18783,46343.28608,42954.70846,36736.30431,39044.13466,40439.68157,33526.68391,30511.88545
1.A.1.a,DE,338451.15956,330998.85463,318273.92534,309409.00613,310108.82988,304600.1225,317599.59117,303918.51244,309575.40102,300384.72146,313574.71354,328615.85958,329369.34865,343427.40314,339344.18513,333371.85024,336273.81069,341436.04229,326401.3124,304924.64706,314960.07087,312342.30039,327667.08414,331216.91682,313440.116,301676.56084,297498.33116,278135.52022,265267.8699,215727.54219,180710.73705,208094.07352,216806.53666,166863.11551,151375.40757
1.A.1.a,DK,24717.22122,33489.37335,28339.86958,29884.99806,33769.50275,30041.77822,42174.673,33085.41411,29447.1619,26214.52573,23099.06067,24404.47551,24559.59363,29261.53801,23357.90739,20196.04473,28005.40401,23388.61657,21361.75432,21376.88819,21268.80268,17413.3703,14228.28369,16503.42116,13087.29487,10292.95496,11666.16811,9096.51864,9108.82865,6283.22092,5341.62682,6247.38249,6250.26283,4659.28493,3992.27707
1.A.1.a,EE,28190.52904,25856.69783,19658.28473,15105.0736,15656.29709,13694.33383,14369.73585,14199.39284,12518.58035,12107.27218,11532.70627,11232.10975,11104.35294,12802.40121,12688.42002,12372.67479,11679.95457,14634.78624,12611.6008,10280.97653,14487.77607,14120.97467,12663.72316,14385.95324,13582.00566,10638.14579,12144.98887,12958.48515,11991.6977,6500.44565,4156.1168,5405.09961,7027.79986,3662.68431,3064.8326
1.A.1.a,EL,40616.71016,39450.14575,41811.96651,41737.95365,43528.14083,42274.83329,41212.09849,44590.74915,47061.83174,47704.50748,51531.52518,52008.0879,51319.43035,52724.85034,53871.41818,54310.51928,51467.97526,54897.44003,53883.25209,50680.65607,48318.73997,50459.8031,50902.15054,44100.22145,40446.13016,35493.38436,31311.389,34875.69299,33173.82093,27242.7507,19946.32342,20117.51119,18836.75118,15335.04817,15820.46417
1.A.1.a,ES,64811.89838,65531.08993,73128.61797,67323.24623,66197.17569,71994.03874,58847.69862,70875.63446,70612.3347,85654.61096,90273.95845,84894.56664,99123.44197,92060.49794,101166.38235,111164.31108,102539.55156,108577.62251,91780.6621,76307.93287,59628.69911,73373.30148,78119.94291,58359.53824,62396.42152,72971.18383,58073.41025,68236.69681,58891.01411,43488.08609,30321.02267,30798.16192,42069.47926,30377.08617,25933.8998
1.A.1.a,EUA,1226218.21709,1206358.60734,1170486.74861,1118490.17136,1119742.66524,1118462.84129,1148887.85059,1114480.67955,1119800.86195,1093573.40176,1118514.16283,1145565.14528,1167201.12438,1214528.96862,1200961.39852,1188518.77564,1194198.68767,1203051.3149,1140138.72213,1066411.06682,1072657.31038,1064846.02238,1060162.83738,1004230.99036,946750.63103,955213.53276,931772.83395,931633.36613,873539.89449,755181.51843,642407.01133,707117.18506,725480.747,566547.24274,513319.00102
1.A.1.a,FI,16453.36654,16214.4509,15976.33345,18742.21008,23298.64972,21050.87054,26529.12206,24385.26258,20952.89486,20373.06097,19078.67024,24507.78664,27078.25824,34008.11607,29911.18598,18851.13203,29555.98248,27554.83705,21080.93093,22283.23415,27676.21772,21560.78116,17751.70447,19087.57897,17802.89782,14942.31953,16867.2674,15263.63154,16427.85561,13963.40605,10990.85663,11640.04965,10908.18593,8034.4911,6607.42538
1.A.1.a,FR,49148.06605,50214.77144,51252.32091,39205.65634,35377.87262,37976.7562,42088.11936,37858.47636,50414.06338,44351.96265,44036.14087,37685.86373,41786.66619,45182.98024,43941.12242,49546.86238,45346.20454,45274.99646,44421.29768,43614.10765,45737.55376,40857.41361,45285.94889,44143.30765,30917.74385,34141.36534,37985.41808,42297.16443,33561.91107,32271.45565,29718.54881,32480.18663,33815.99863,25801.51905,21116.88257
1.A.1.a,HR,3728.89153,2514.56013,3532.88307,3837.1972,2511.69025,3007.62036,2731.80551,3604.00817,4271.95111,4469.36409,3788.40426,4528.34504,5178.84334,5789.89459,4678.33464,4728.33928,4720.59924,5592.71227,5100.14533,4342.63925,3967.44436,4144.10481,3781.77291,3614.08452,3049.69366,3095.97558,3347.31666,2895.7126,2385.30784,2643.15413,2623.53658,2748.63301,3060.91665,3022.75377,2136.13099
1.A.1.a,HU,17850.20029,18817.86282,19731.21486,19990.39236,19411.10643,19881.52036,20062.05322,22125.23873,23966.59406,23590.41687,21655.1462,22116.73652,20676.47123,22103.34987,20084.99548,18203.92994,18252.38462,19590.87548,18538.76449,15551.55153,16125.55985,15318.4777,14880.5927,12306.24061,11508.0362,11895.86104,11660.85929,11910.35966,10988.91567,10545.52024,10356.50726,9642.20723,8968.42196,7413.54052,7051.32095
1.A.1.a,IE,10876.49,11361.81,12027.13,12047.52,12368.4,13051.271,13765.81,14404.19,14730.09,15411.99,15667.305,16799.706,15830.458,15108.59,14736.822,15136.44776,14410.77485,13932.81325,14005.00033,12466.31554,12745.13854,11423.80391,12224.62415,10876.31012,10713.85014,11264.96641,12004.37817,11188.04302,9863.24572,8680.62861,8037.4031,9603.9272,9413.80146,7337.37536,6745.8941
1.A.1.a,IS,13.45905,15.05409,14.05917,14.42148,14.28083,15.09679,12.11346,6.99638,9.02841,6.67906,6.47344,5.97271,6.85357,4.99286,3.15654,3.2585,9.03121,24.94002,10.15608,7.74652,8.35824,6.41969,7.70776,4.37218,5.10308,4.18064,2.35835,2.31019,2.34963,4.95075,2.61062,3.19495,10.45159,10.91976,15.39901
1.A.1.a,IT,108669.92237,104082.84109,103855.20228,98480.96727,100767.41166,110334.96889,105309.21937,102232.74749,103082.31213,99565.41188,109193.31606,106684.52527,115559.45676,121641.37599,120598.18213,115444.55486,118202.56612,115170.69952,114368.20233,99031.23751,97194.97623,93759.32702,91700.09912,78792.7476,71654.26596,78921.97176,76288.77027,78127.27811,70206.92286,67034.4236,59921.75071,64236.93318,71031.35885,53261.751,43637.81862
1.A.1.a,LI,0.12118,0.78764,1.81764,1.87823,1.75705,1.9994,2.5043,2.44372,2.82744,2.82744,2.66587,2.82744,2.42352,2.72646,2.84764,3.0294,2.74666,2.48411,2.80724,2.86783,3.15058,2.94862,2.70626,2.92462,2.48168,2.02052,2.141,2.09015,2.14971,3.3756,2.40674,2.54117,2.27316,2.81163,2.20124
1.A.1.a,LT,12002.94991,12856.57251,7587.97382,5944.34965,6289.88405,5596.36266,6126.29003,5429.39352,6013.76378,4961.57272,3889.2785,4043.53005,3839.19721,3726.46836,3671.39934,3821.1446,3641.12891,3254.50265,2956.31596,3066.13651,3706.16204,2871.78408,2935.91608,2333.81432,1793.83889,1642.08219,1390.90154,1078.25333,993.50623,816.38706,1203.80559,1362.63196,1109.88406,925.30697,820.82184
1.A.1.a,LU,32.45547,33.95759,33.85949,36.02782,38.98286,101.22044,91.04746,103.29842,145.72911,165.44456,114.83291,279.68956,1025.27115,1029.29412,1248.3806,1232.81374,1292.59971,1167.47836,979.7634,1177.84059,1196.01924,999.13414,1041.5925,692.51145,664.75938,456.83695,249.99236,240.2168,216.9485,203.02089,207.08855,257.74157,216.44831,177.55732,151.03256
1.A.1.a,LV,6096.57097,5608.92569,4747.29961,3851.9658,3614.44862,3268.53541,3329.28389,3193.71528,3089.49165,2654.80197,2291.93641,2363.26632,2269.48943,2197.40419,2002.93626,1991.72221,2015.58556,1909.39723,1866.50576,1837.24021,2196.40233,2010.40352,1797.57945,1859.48998,1603.45092,1690.04242,1773.5696,1464.91146,1841.70519,1719.52834,1280.37152,1338.94409,907.74054,903.66457,961.46023
1.A.1.a,MT,1758.5151,1599.05046,1536.25498,2101.82796,1809.1218,1590.47368,1646.97654,1611.63054,1636.40886,1709.51574,1602.32706,1943.92146,1956.86034,2159.65608,2065.53252,1971.258,1985.765,2027.365,2018.585,1897.113,1878.308,1931.566,2050.664,1689.836,1651.59157,883.81214,576.5667,723.42454,697.85598,739.07769,809.84708,771.63141,796.42221,798.7023,736.59724
1.A.1.a,NL,40025.99208,40508.57825,41024.99969,42409.39304,46229.31803,48502.40102,49185.98943,49610.68192,51460.80317,48514.95883,49787.59519,53262.25815,54401.30403,55288.45332,56743.40967,53982.45337,49794.43552,52666.46326,52084.01223,52312.5758,54360.24438,50251.57199,47291.68578,47636.45029,51295.56902,55782.29676,54755.71743,51131.53195,47326.96753,44209.35192,35226.77537,35042.20204,33143.79665,26186.0051,25456.56605
1.A.1.a,NO,316.30234,363.45371,357.19972,372.73921,433.59391,435.96044,525.64352,457.94307,501.00585,470.52591,388.88933,425.339,462.43791,581.52053,472.64632,443.0861,489.12945,784.61053,633.98113,1880.9571,2207.61861,1933.4354,1448.27627,1461.04973,1406.57392,1434.25574,1407.97309,1536.65039,1518.56561,1442.48674,1353.36502,1458.84618,1168.06198,939.31635,888.64754
1.A.1.a,PL,227279.46095,223117.49086,214502.32398,199847.00546,194329.77624,177729.32229,184150.3287,178796.41534,172344.61348,168103.76425,166239.43894,168389.38547,163761.05866,172032.06742,170915.06527,170316.29454,176082.549,170564.208,165382.71768,159217.41325,165013.62179,165933.10564,161202.21448,162500.50344,153378.10713,154920.15494,155103.75549,156836.67163,155143.04958,141949.30629,131217.04927,151554.67383,145092.44485,119090.18443,115377.31936
1.A.1.a,PT,14354.84069,15193.29929,18112.04344,16096.99683,14761.98276,17360.56209,13443.25285,14088.70123,16530.62029,22619.05242,19113.14015,19507.09098,22824.81089,18330.85196,19755.10051,22878.1877,19870.52138,17302.19142,16637.3434,17082.99442,12073.49754,14220.39411,15179.28925,12566.49714,12316.28125,15873.35187,14901.4579,18656.09763,15512.07691,10754.99037,8173.78174,6444.15022,6728.29092,4406.37977,2765.2969
1.A.1.a,RO,67019.86373,62618.99746,55166.8448,53240.4467,52038.61002,54080.29394,56722.98261,47711.34347,39532.17168,34263.04561,36373.64561,38939.77415,35424.3806,38705.1009,33969.05162,33463.82852,36582.92942,36721.39963,33807.19483,35505.67149,27037.24751,29974.54845,28065.33506,21566.90467,21279.76624,21690.80559,20157.60631,21135.07048,19843.72692,16822.62422,12683.29991,13318.48504,12388.30224,10488.33374,9543.03532
1.A.1.a,SE,7667.86087,8546.80482,9063.97278,9155.6797,9605.65826,8876.47886,13211.8047,8575.97459,9519.85898,7833.07091,6328.81666,7668.98213,8636.01726,9837.27882,8759.98923,7839.27316,7963.23607,7693.14057,7307.18942,7823.4469,10217.37798,7968.85497,7386.2003,7223.41801,6202.73622,5849.68576,6527.82114,6331.77668,6688.74917,5022.64271,4839.68857,5705.91263,1799.54757,4725.21176,4476.00271
1.A.1.a,SI,6096.39144,5309.52902,5783.93564,5595.13594,5406.75786,5586.3568,5204.37233,5649.9541,5895.99188,5247.62596,5537.88228,6257.46638,6516.96985,6249.60155,6392.21338,6421.21973,6469.67077,6698.64382,6461.91649,6181.82004,6304.25512,6333.26628,6027.1961,5746.9035,4425.74967,4538.66588,4911.73658,4899.18369,4784.14307,4557.79059,4494.25864,4178.42882,3400.45439,3291.22557,3615.51249
1.A.1.a,SK,14700.15191,12413.39877,10830.5202,9671.19835,8640.63425,8374.4644,8330.46432,8198.06526,8211.296,8402.07135,8893.61553,9882.19805,9178.63881,9686.46974,9589.14517,8645.4484,8005.76577,7340.42933,7414.89986,6498.95403,6235.85721,6397.81119,6103.7246,5646.63784,4688.56329,4921.40848,4802.72231,4876.56417,4712.3722,4428.17396,3922.58359,4341.7308,3286.27755,3202.95239,2358.82695
1.A.1.a,TR,32822.59386,34429.22311,39046.71021,38254.63041,44561.79231,45859.73771,49743.75087,54809.80602,60336.33724,65778.22546,73139.35758,75350.51877,69374.30606,68970.00563,69839.77561,84623.49965,90114.56324,107431.17504,112407.62236,113841.73195,107664.41095,118729.67781,119702.45909,114861.48851,125665.03838,126766.9606,134279.82441,144814.08516,148992.10012,138272.86499,130770.47938,147901.12345,143848.09649,142490.71366,149914.08641
1.A.1.b,AT,2394.33887,2427.90606,2389.32549,2731.60616,2709.24259,2590.40676,2646.51908,2639.86042,2633.10981,2234.48059,2213.81304,2128.94124,2565.077,2687.146,2843.554,2826.917,2829.983,2867.629,2806.071,2809.228,2724.479,2768.078,2836.13,2826.64,2713.186,2804.05,2784.461,2738.604,2824.369,2791.04,2731.772,2749.644,2255.065,2579.589,2620.21
1.A.1.b,BE,4299.17,4297.163,4428.086,4075.881,4253.536,4088.889,4743.622,4779.721,4863.325,4567.607,4606.748,4642.993,4759.653,5190.248,4800.82773,4353.23068,4521.6314,4581.9208,4642.90546,4762.34999,4709.69213,4267.28065,4614.71292,4397.83965,4753.4812,4680.00882,4625.86791,4690.34689,4502.10377,5610.96605,4826.28432,5081.03248,4726.9053,4525.18684,4768.26118
1.A.1.b,BG,859.80891,717.04154,613.75094,812.00418,788.16278,963.04469,929.78505,677.55182,540.25847,801.25258,641.36442,651.76576,684.89884,598.53688,628.87346,660.65631,785.10268,780.20299,808.32355,798.24789,715.04009,682.6606,704.95249,646.83932,649.70865,814.97388,832.66997,862.10296,820.62349,991.47628,803.05314,728.71056,1031.48535,954.799,1025.10088
1.A.1.b,CH,366.11824,525.84896,490.22736,561.34304,649.1096,632.71376,673.10256,654.86752,668.816,690.72944,622.55648,670.41488,694.88848,646.42192,905.17392,934.04914,1014.55707,880.7996,984.98909,924.12738,906.61486,842.50366,749.7648,887.10589,916.32882,436.1199,360.28965,349.93439,364.96218,326.38891,323.93644,281.73393,358.42872,345.30626,302.3219
1.A.1.b,CY,85.7182,85.9939,89.1209,77.7161,112.2062,90.2239,84.2458,89.3966,92.5236,107.0554,104.2042,54.1728,107.0218,107.0218,25.6608,,,,,,,,,,,,,,,,,,,,
1.A.1.b,CZ,492.55746,470.10157,500.79419,513.90775,675.52652,482.46855,598.4913,568.0211,523.1471,569.84412,620.90197,798.58199,791.27631,777.30183,770.72749,890.45493,959.13827,943.42042,960.84363,863.10746,861.07324,832.33469,826.34577,725.40017,805.70561,570.29867,405.40809,538.59241,504.95089,539.8693,433.31309,479.34644,506.01405,527.64021,461.85394
1.A.1.b,DE,24212.48761,23251.68883,24731.11006,25069.53941,25454.24506,22675.97089,22785.18215,21853.29273,23096.36819,22674.26213,22836.26878,22413.10543,22429.83223,24081.02092,24760.04238,25560.38075,24909.08811,24457.42298,25866.92291,25469.77715,23637.02196,23105.30787,22958.22641,24623.27815,23042.85579,24121.8959,24166.86987,24102.2122,21304.35102,20860.80934,20409.01082,20315.10973,22273.99551,20373.12081,21079.7984
1.A.1.b,DK,908.17325,993.49546,1134.78521,1157.92279,1208.77505,1387.14042,1410.33671,1103.75013,962.38166,991.32798,1000.02844,1020.92687,982.4507,1025.06511,1000.22935,938.45069,981.06784,993.25838,884.52046,907.38705,853.8133,835.25075,926.4324,910.65902,920.26775,978.09889,867.54116,931.61665,889.31848,955.83987,910.24066,938.14317,911.63395,898.13345,848.68224
1.A.1.b,EE,,,,,,,,,,,,,,,,,,,,,,,,,,,,,,,,,,,
1.A.1.b,EL,2374.96218,2373.98506,2306.42846,2284.52866,2457.79077,2483.77635,2721.54511,2772.01161,2849.78026,2584.12612,3103.44771,3148.029,3254.92643,3106.39284,3257.95757,3656.48857,4330.57891,4380.48202,4046.93607,3713.84746,3668.94889,3332.57516,3559.71217,5063.22649,5305.2508,5252.89489,5562.28448,4904.41688,4930.24819,4599.55789,4448.21766,5276.58872,5841.4096,5534.79241,5306.11256
1.A.1.b,ES,10858.11942,10425.59293,10372.69258,10246.75565,11317.15425,11406.96681,11759.46956,12026.26359,12004.96881,12094.67393,12170.27576,11961.23636,11733.55097,11655.10394,12171.34067,11854.25723,12025.16678,11828.77448,11658.58796,10816.03622,10348.33095,10682.14397,11115.07275,10850.40372,10408.08432,10441.08284,10268.96763,10210.16986,10308.67646,10218.71254,9236.07782,9044.17583,9606.16483,9533.9333,9816.87452
1.A.1.b,EUA,107309.21864,101118.581,101249.20079,103694.1365,107634.03591,110238.46593,113679.61887,114158.489,117062.9951,113265.25043,116685.23499,117322.65832,117570.58425,118506.38337,123355.74906,125563.14238,125958.12925,126486.09126,126831.52474,119494.04675,118327.78878,115719.86504,113165.53438,109517.36757,106207.43143,108094.65845,106971.59513,104967.30624,99914.14079,96968.47993,90566.65741,92051.46774,96978.1985,92210.37732,91137.28393
1.A.1.b,FI,1993.89378,2033.3299,2072.8165,2029.49174,2453.08139,2383.62878,2658.35543,2387.64965,2541.57461,2504.53557,2351.11181,2379.33553,2558.54924,2597.40479,2588.423,2511.55013,2657.83254,2599.8762,2660.73557,2704.93726,2568.81167,2638.93473,2413.10799,2412.18644,2467.68764,2139.46022,1552.07267,1553.53324,1544.06634,1576.95719,1467.32012,1082.28218,1321.71652,1391.41309,1202.03136
1.A.1.b,FR,11935.46473,12254.47649,12313.18359,12525.79071,12969.80195,13144.7047,13649.73044,14420.63164,14178.22661,13650.38945,13585.09024,13621.40036,12975.26161,12929.95755,13266.96545,13288.29321,13422.77765,13233.69009,13036.51505,12362.68648,10915.43712,10582.13746,8618.44729,8052.51368,7926.03287,7610.92985,7353.28015,6830.12236,6222.0061,6222.99103,5089.73649,4882.99224,5190.32079,5624.48023,5462.41136
1.A.1.b,HR,2424.73845,1623.69861,1300.53906,1531.20432,1602.74236,1813.31834,1959.35085,1532.426,1633.44011,1686.66242,1683.27111,1526.05358,1718.31049,1791.81198,1825.37691,1729.53739,1600.77242,1859.27196,1424.84975,1642.63859,1448.87388,1805.62756,1849.22062,1394.71961,1516.21661,1387.39153,1298.58858,1350.63737,1317.28783,990.68578,835.51556,745.35021,695.24151,717.33644,702.89171
1.A.1.b,HU,2375.62008,2275.15086,2158.30914,2354.32572,2129.10198,2143.67724,2327.22913,2299.07968,2115.12391,2076.13502,1446.53147,1318.47315,1385.31362,1188.59969,1245.15836,1262.23374,1387.67624,1270.58246,1414.43231,1322.78481,1360.56513,1446.26972,1396.93342,1314.75364,1403.68044,1454.65583,1465.64255,1530.38913,1601.05323,1558.34884,1610.66566,1515.47513,1493.29687,1562.02235,1469.45523
1.A.1.b,IE,168.38152,166.39219,171.56289,172.39,177.99303,180.99686,179.11616,218.39592,247.4468,223.50005,274.31084,320.94424,339.20318,337.07391,336.13731,411.218,376.53082,360.19567,366.88739,314.90625,310.11214,285.17235,313.29541,294.25748,279.18488,358.37597,313.25276,310.86031,321.84914,274.24174,300.68159,294.05795,307.96751,286.85732,209.74558
1.A.1.b,IS,,,,,,,,,,,,,,,,,,,,,,,,,,,,,,,,,,,
1.A.1.b,IT,15817.12687,14300.97127,15286.93327,15320.77917,15379.29683,17980.77835,17968.87896,20224.0747,20274.81974,19899.86201,22223.34543,22829.16872,24561.24209,23429.83778,26289.06191,27875.75168,27796.36373,29333.44897,27898.51758,25460.43877,28258.2355,26862.40451,25724.58478,22138.76978,20999.14118,20947.13651,21325.01279,20618.46833,19691.30347,18986.15363,17447.59647,16547.98931,19035.46428,18248.30377,17182.24431
1.A.1.b,LI,,,,,,,,,,,,,,,,,,,,,,,,,,,,,,,,,,,
1.A.1.b,LT,1509.63557,1727.26673,992.28132,1313.49231,926.39933,745.38878,904.8101,1045.23409,1254.10162,915.54584,1132.54533,1450.36457,1473.11263,1457.28106,1690.65841,1791.92242,1520.47225,1445.38782,1809.15477,1672.41526,1580.91385,1541.07105,1424.31647,1460.22508,1306.38054,1366.63823,1423.72938,1380.31963,1312.379,1324.21362,1222.28479,1210.08573,1240.82978,1372.65945,1331.89645
1.A.1.b,LU,,,,,,,,,,,,,,,,,,,,,,,,,,,,,,,,,,,
1.A.1.b,LV,,,,,,,,,,,,,,,,,,,,,,,,,,,,,,,,,,,
1.A.1.b,MT,,,,,,,,,,,,,,,,,,,,,,,,,,,,,,,,,,,
1.A.1.b,NL,11010.39766,11064.31952,10413.61351,11492.12832,11319.67427,11567.50477,11772.40498,11924.50016,12339.03733,11802.64624,12346.40542,12695.96329,10743.75889,11339.84316,11324.00545,11384.81724,10633.3125,10563.854,10935.54041,9729.24773,9638.70063,9920.03906,9759.61209,9275.49139,9686.64895,10235.48058,9717.66266,9140.17938,9211.54154,10061.76911,9141.68312,9397.6237,9430.625,9290.8747,8636.15531
1.A.1.b,NO,945.01605,900.7582,1076.65107,1069.39558,1110.77755,947.59213,1145.01723,1049.19314,1033.61168,1068.27841,929.5213,931.68223,860.43045,935.25421,859.73595,988.77705,1069.70064,1102.216,1069.87615,1007.84871,865.52862,845.87484,788.62282,916.34315,871.03047,912.80234,756.68595,870.78619,926.56523,903.95001,890.3395,746.92424,595.68757,777.83562,718.64081
1.A.1.b,PL,2169.13087,1401.16751,1906.80847,1653.52788,1671.82101,3718.71073,4015.62483,3484.0758,3471.62049,3213.59526,3528.42293,3610.55164,3582.36482,3595.79899,3794.36588,3560.91465,3574.57267,4313.82605,4304.52385,4187.21024,4779.65064,5018.40979,5038.14472,4275.94138,3991.9108,4426.62252,4503.01447,4653.9746,4351.29935,4598.15316,4585.17105,4403.4339,3935.43742,4482.77252,4684.04863
1.A.1.b,PT,1870.04682,1652.86217,1780.14359,1841.57366,2356.15339,2400.39707,2337.50178,2434.69402,2627.07858,2608.42788,2303.652,2418.16561,2545.62486,2528.75669,2575.72164,2459.90496,2499.55435,2423.79773,2486.8652,2185.90583,2308.72983,2134.42742,2144.55665,2550.51587,2123.08915,2364.96315,2388.76413,2472.47019,2209.05397,2163.64909,2093.52637,1760.86507,1524.21672,1372.64371,1488.08285
1.A.1.b,RO,4281.8673,3121.41798,2044.27931,2198.59196,3279.13124,3473.72585,3569.7638,3019.67451,4062.65849,3349.96925,3890.95971,3415.53695,3584.91028,3328.20748,3397.18042,3870.7744,3984.52966,3359.68763,3559.18285,2755.89008,2778.83346,2207.3614,2097.06016,1865.08163,1548.37034,1465.11136,1459.86982,1439.2462,1210.27581,911.46801,1163.87602,993.96983,1085.12465,1050.87774,1087.62566
1.A.1.b,SE,2106.19627,2093.56691,2219.37482,2293.62321,2229.60666,2219.26589,2301.47926,2332.02933,2420.65693,2417.20548,2426.98072,2562.02743,2490.05052,2460.2054,2561.87439,2580.85906,2969.53043,2762.39762,3047.99141,2940.52735,2949.21571,2850.158,3027.69626,2599.53531,2791.10564,2861.14583,2789.98479,2861.39244,3019.66781,,,2766.57316,2671.89212,,
1.A.1.b,SI,170.92264,65.85609,132.36645,114.09126,87.46112,93.3452,91.14631,67.76894,59.84303,13.92318,31.74305,27.51045,19.83228,14.30198,,,,,,,,,,,,,,,,,,,,,
1.A.1.b,SK,2990.46018,2295.13642,1890.89502,1883.26454,2075.13214,2204.13601,2265.0301,2258.38556,2271.50394,2278.22291,2163.8126,2327.41038,2284.36245,2279.46558,2201.60646,2094.52932,2192.44698,2126.96399,2211.21757,2074.47688,1911.30965,1922.2203,1816.9736,1839.08975,1569.44227,1813.443,1866.65026,1847.65123,1817.71589,1731.57745,1810.63065,1838.0184,1893.39172,1882.94097,1753.80179
1.A.1.b,TR,5253.39456,5193.78446,5328.93436,5644.6279,5743.53336,6122.84276,6258.20154,6154.57376,6355.79112,6081.14233,5797.10307,6142.71337,6155.93042,6315.34605,6440.31552,6553.54687,6658.22142,6465.36409,5949.99731,4346.94925,4735.5839,4931.93203,5273.79698,5062.30396,4447.19827,6017.2789,7367.94435,7284.69462,6224.24973,8127.41686,8037.57979,7743.88696,8826.31897,8482.50005,7836.86465
1.A.1.c,AT,510.01133,549.32219,522.05342,424.19805,452.51114,611.21462,260.70503,277.18504,352.08556,283.72858,281.08928,244.92751,211.90777,168.33757,245.47386,392.20604,261.81493,258.09159,236.84685,264.27905,237.76801,211.02511,205.2628,216.66492,214.39228,230.60365,225.57898,207.81919,188.08321,182.81244,160.0536,178.20419,210.12136,154.68652,175.84856
1.A.1.c,BE,2024.12783,1832.2913,1735.79875,1365.97883,1213.8556,1114.94958,910.46158,639.35073,617.56876,522.24177,441.98275,440.9314,395.91105,393.83866,408.30292,420.76005,428.61902,406.54353,282.96236,211.54807,259.9842,243.6514,225.22097,282.18262,180.3531,147.441,155.00879,150.83143,152.01949,150.09267,140.70596,159.79497,160.96423,157.19972,155.36484
1.A.1.c,BG,362.21588,197.62866,246.48343,258.71086,291.41984,303.77223,299.36635,273.7241,212.83324,208.05629,221.32456,161.82106,161.17853,173.60066,160.92866,149.78738,135.06071,119.0955,80.38629,6.37156,6.1122,3.35264,5.25909,3.92748,4.06668,3.9324,3.69963,3.84622,5.69099,3.50769,2.16497,2.47183,4.66289,4.56552,4.73239
1.A.1.c,CH,,,,,,,,,,,,,,,,,,,,,,,,,,,,,,,,,,,
1.A.1.c,CY,,,,,,,,,,,,,,,,,,,,,,,,,,,,,,,19.37908,,5.7672,,
1.A.1.c,CZ,1516.41898,1111.76882,1032.15469,810.57763,677.78715,3263.71577,4947.11968,5194.45183,5497.39423,5412.75885,5294.02434,5404.4607,5751.93005,5508.09704,5762.65728,5770.7316,5736.63267,5283.70981,6087.13516,5549.62388,6668.13516,6804.11124,6393.25586,5901.96392,6064.69743,6156.30856,6363.60949,5940.16783,5827.33055,5438.39486,4209.1366,1258.11994,1599.78646,1415.0446,721.44041
1.A.1.c,DE,65289.05725,59996.9602,49687.71319,47213.39177,43676.11442,40220.52402,33954.99716,27574.35133,23578.50981,21136.30923,20722.78782,18639.50146,19246.05165,21272.67861,22346.72799,20598.71076,20494.18677,19951.61388,16181.85125,14067.58025,16662.69107,15325.59423,10937.96267,10900.45514,10629.60973,10064.9395,10026.00407,10195.39029,12275.60386,12100.53915,9604.18852,9819.33968,9222.26202,8855.46518,8735.95498
1.A.1.c,DK,530.12816,542.74749,624.74802,631.79147,696.42186,753.94535,892.53016,1161.78392,1289.59386,1404.54889,1493.8955,1455.65678,1560.87064,1559.3046,1608.40976,1652.5823,1699.11417,1671.50602,1688.27062,1599.51851,1573.65415,1521.49695,1514.37378,1468.69529,1411.54274,1464.24815,1370.67287,1404.07802,1320.265,1287.8694,957.59737,979.12435,968.41595,932.50663,1118.24386
1.A.1.c,EE,78.38065,43.39812,46.70705,62.81292,104.9934,97.13901,88.23496,103.99224,89.67406,100.04632,169.64685,162.35683,180.74955,214.0157,208.71985,227.70412,190.23087,179.83946,266.92915,362.9156,501.01461,530.24176,519.74679,627.776,882.129,1176.2842,1266.06951,1467.04219,1563.8435,1609.36514,1559.70593,1545.47435,1560.95559,1759.97487,1628.00093
1.A.1.c,EL,102.0282,108.47765,94.15141,89.49934,103.13835,98.59201,103.87845,110.38076,83.6314,6.18513,104.03704,98.85633,104.30136,90.29231,108.9593,91.16137,96.98433,93.55095,88.86573,85.97028,48.90814,46.0007,45.3971,41.56771,33.24969,30.18484,35.93461,36.9977,44.95832,43.35237,34.23168,26.00757,4.21893,36.08316,37.71097
1.A.1.c,ES,2089.44771,2201.40059,1837.11545,1870.6718,1742.3691,1515.72615,1353.97425,1390.20532,1312.76647,1285.48375,1076.55807,995.76628,887.09871,941.8674,962.11904,1026.19213,4567.71099,4297.92288,4189.52114,3217.36355,3450.86688,1895.01537,1776.20379,1821.718,1393.73084,607.56874,779.14696,798.12584,731.0831,851.94224,653.87575,788.37909,741.73067,1090.72316,737.54672
1.A.1.c,EUA,100786.40584,94423.6493,83705.81685,81977.80864,83274.28006,82405.75672,76967.55195,76210.31581,71099.73346,63801.40925,61280.72939,58551.04723,58941.51314,61649.99984,63030.28884,62636.41661,64373.95767,62471.06541,57922.86174,47960.59689,54691.454,51990.9563,44110.11267,41694.30417,41478.629,39257.60954,39530.4571,38487.27986,40188.29593,39384.58672,32487.48541,31284.87514,29895.84571,28634.02319,27154.13451
1.A.1.c,FI,347.15291,351.44381,355.73472,365.50454,331.77375,317.56824,303.38847,337.97808,378.76806,421.19614,353.52162,321.05507,358.90376,391.29667,417.73724,394.48464,396.97622,352.06433,334.47457,187.60698,236.58678,265.98339,255.71281,248.30379,304.13488,332.1727,335.80586,325.45718,296.94029,292.40787,270.61474,328.7687,317.51731,320.08266,335.08027
1.A.1.c,FR,4738.45045,4801.58913,4778.60828,4372.43918,4232.05364,4205.0784,4257.38935,4144.42244,4352.82018,4416.74786,4331.1401,4107.91556,3917.04121,3960.67833,3735.5438,3508.02196,3513.23639,3454.08032,3361.92477,3053.09856,2972.31415,2949.72943,2710.7411,2807.60013,2953.75762,2933.37369,2853.96998,2966.24773,2920.15981,2841.36578,2101.34971,2160.11302,2192.99254,2034.75373,1744.48025
1.A.1.c,HR,912.15808,603.84026,509.32356,571.82215,543.99139,440.66163,394.37681,420.72562,333.48818,303.09127,339.19622,289.45393,328.36915,289.45393,280.29841,352.15516,310.04419,363.16896,246.62682,380.14482,461.01858,298.12662,218.20656,229.26948,177.9952,235.45058,200.88961,218.41637,205.2129,244.66197,202.08185,236.99445,306.55508,314.26098,299.02534
1.A.1.c,HU,569.98837,565.15441,527.78122,633.13213,635.71618,618.26498,613.54705,573.06791,536.86197,680.90814,632.6082,610.7983,347.37905,364.17744,402.46875,381.95155,508.6703,503.60417,434.89752,349.58511,417.22847,432.94871,398.66853,372.58551,418.82253,339.7725,323.60861,322.76361,421.48167,401.01597,293.88734,264.95972,202.72888,209.47574,138.89069
1.A.1.c,IE,100.13427,76.22867,64.99442,62.32665,71.83142,69.15119,71.92811,51.44354,79.60786,77.60242,86.77892,118.34729,144.97432,165.32225,161.58599,170.88351,171.40301,165.23959,183.23644,190.80946,172.68678,135.32146,144.89117,160.59575,133.17984,114.15759,124.94529,128.72323,118.13686,106.92274,91.53736,80.48275,66.67818,33.52029,4.4505
1.A.1.c,IS,,,,,,,,,,,,,,,,,,,,,,,,,,,,,,,,,,,
1.A.1.c,IT,12454.41112,12952.19643,11419.29509,10944.26657,11024.82241,11624.77576,11337.47309,14522.51442,14876.44566,13382.89012,12856.17674,13303.93083,13683.29586,13819.71917,13825.69571,15907.05434,15490.60495,13979.15544,13156.66567,8999.33821,11432.17724,12126.56504,10264.11806,7606.03577,7262.16255,5617.16689,6524.38527,5541.34247,5436.55683,5214.00534,3843.90351,4655.00463,3987.28413,3309.51002,2683.038
1.A.1.c,LI,,,,,,,,,,,,,,,,,,,,,,,,,,,,,,,,,,,
1.A.1.c,LT,9.32992,6.19565,3.06138,6.19565,,16.28111,7.20353,7.23905,19.96685,24.02544,21.59528,22.74052,20.29519,21.78926,16.25608,21.53411,18.85361,14.67003,15.55027,15.81319,14.22293,23.36723,18.86321,17.12763,27.43463,84.50403,71.94278,53.38303,54.47927,49.12689,65.85443,43.07951,51.88869,39.13789,33.27598
1.A.1.c,LU,,,,,,,,,,,,,,,,,,,,,,,,,,,,,,,,,,,
1.A.1.c,LV,205.14567,181.08778,177.33563,167.98392,128.85656,148.73744,212.72794,108.08954,273.87786,285.47821,199.06643,72.59659,61.72174,62.34322,65.3675,66.40552,69.09736,45.34288,60.56288,39.83085,64.49861,71.40143,66.8332,69.69024,66.65293,56.37302,48.3301,45.77152,51.61499,63.56092,49.28443,53.74073,49.1601,63.7316,90.89764
1.A.1.c,MT,,,,,,,,,,,,,,,,,,,,,,,,,,,,,,,,,,,
1.A.1.c,NL,2110.46382,2310.58346,2418.05568,2310.20947,2631.1898,2395.07529,2516.84246,2507.02826,2615.8673,2405.45593,2213.45354,2278.0002,2339.37555,2318.63801,2554.53787,2478.28155,2533.9101,2425.37754,2878.63837,2647.03185,3178.15282,2861.85498,2613.47976,3133.64992,3164.31667,3183.45081,2832.33245,2678.60274,2726.29399,2463.29222,2549.87232,2483.02811,2378.2615,1609.2459,1913.39864
1.A.1.c,NO,5862.85661,6216.78677,6610.223,6876.3153,7498.41859,7567.16316,8154.55701,8670.95698,8340.2028,8292.82727,9433.20607,10607.67843,10895.89137,11373.80902,11651.30666,11795.50478,11629.27341,11649.15771,11853.22504,11614.83471,11624.09851,11509.32184,11730.80273,11650.70019,12439.68527,12858.09871,12589.83461,12689.33543,12542.74184,12483.23144,11877.6218,10930.93978,10816.52082,10507.36998,10109.49148
1.A.1.c,PL,4849.07791,3914.46296,3744.57058,5537.21131,9314.2043,9013.91057,9551.13637,8799.82825,8162.31587,6900.11891,6126.80282,5285.15757,3871.45617,4153.24372,4425.40464,3774.14064,3716.46428,4713.982,4386.87958,3150.695,3002.77783,3151.82547,2756.9422,2827.82321,2869.55076,3643.71843,3254.81689,3091.78013,3138.86239,3376.87665,3201.63396,3592.1619,3319.20266,3463.61457,3371.56983
1.A.1.c,PT,140.71381,243.85168,192.91994,179.27973,213.38348,228.54494,189.91177,194.7998,160.82807,154.81149,146.70876,51.33813,,,,,,,,,,,,,,,,,,,,,,,
1.A.1.c,RO,146.08543,187.274,2079.75267,2483.76236,3541.32942,3682.39654,3062.57431,6184.37124,4652.6841,2769.41223,2583.80905,2936.92281,3744.38903,4071.76722,3749.82235,3557.69893,2332.17753,2510.64581,2172.67429,2096.25563,1694.57825,1467.79185,1401.47489,1412.65854,1653.42223,1082.29237,1014.34782,1298.9292,1165.97518,1102.72145,1139.30296,1218.66244,985.81034,1190.66903,1687.31701
1.A.1.c,SE,300.31604,297.50602,272.45144,285.87679,321.90225,341.46466,327.60274,330.57885,322.62375,325.26286,335.49807,351.24151,359.7807,351.00347,355.69524,343.88665,331.58035,305.88435,313.54605,275.33901,313.21742,344.55786,358.32559,351.80574,376.66148,457.83748,415.73367,393.04683,361.8552,387.4169,359.50179,326.94259,372.35836,372.50669,353.96743
1.A.1.c,SI,82.21435,32.38014,22.23477,20.48132,18.01824,20.75871,9.76165,5.47067,5.27535,3.89225,0.4269,0.526,0.07451,1.02148,4.44109,1.5892,8.78815,0.56987,7.88815,7.50547,14.66354,4.21689,4.30975,6.15241,6.10527,6.13202,0.15288,0.04903,0.09488,0.20264,0.12732,0.2628,0.11711,,
1.A.1.c,SK,1318.94773,1315.85989,1312.77205,1309.68421,1306.59637,1303.50853,1300.42069,1297.33286,1294.24502,1291.15718,1248.60052,1196.74456,1264.45759,1357.5131,1223.13551,1348.4931,1361.79679,1375.40651,1266.52781,1202.37201,1308.19617,1276.77655,1274.86299,1186.05497,1250.66092,1289.69638,1303.471,1218.46807,1181.75367,1173.13342,977.49423,1083.75781,1186.40553,1267.26474,1183.89926
1.A.1.c,TR,2027.35439,2033.92326,1815.30159,1680.19572,1422.32349,1428.64565,1566.59649,1536.2343,1504.16573,1465.06842,1432.01121,1398.65077,1328.76655,1480.2771,1476.96653,1275.72393,1371.05986,1246.69391,1341.2522,1298.25843,1721.34687,1902.67156,1952.93761,1955.68793,2054.02091,2266.60655,2027.51956,2383.11194,2323.38493,2392.51628,2246.14436,2391.34991,2109.61678,2100.70731,2360.61737
1.A.2,AT,9544.744,9855.63249,8913.15198,9341.68569,9742.73464,9700.26548,10317.05329,11447.74765,10067.58071,9351.45657,9620.02695,9662.08586,10054.753,10438.86349,10654.4121,10933.82166,10767.17505,10356.87002,10733.80333,10231.11432,10876.57364,10924.05009,10707.8136,10469.8333,10037.70978,9906.08789,10214.75438,10459.15087,10671.79159,10660.51526,10401.4581,10850.34722,10337.19623,9325.41538,9013.36498
1.A.2,BE,23464.08275,23740.08012,22620.94672,22549.83478,23123.7848,23139.74359,22439.05397,21823.41844,22358.72245,21409.50195,21581.69083,21560.46483,20848.62328,19716.35843,19440.84304,18858.75088,19016.63913,19037.93768,19128.67407,13688.73724,15815.69719,15421.28114,14444.1548,14245.51295,13692.0638,13631.40265,13636.59696,13760.69331,13982.96868,13845.55981,13783.85871,14436.22355,12778.21992,12449.85541,12838.19081
1.A.2,BG,17663.9322,15652.40374,13371.50105,12306.51204,12428.50015,13027.79227,13346.20178,10398.97904,9852.39674,7904.03247,7195.52665,7147.18822,7055.39446,8086.10975,7303.86613,7045.41437,7158.9804,7807.3309,5498.03175,3113.9343,3128.48487,2716.76324,2572.40555,2599.16617,2549.26894,2820.77926,2871.81288,3562.48258,4231.77445,4063.94195,3969.25544,4572.74249,4316.10169,3780.98106,3999.24756
1.A.2,CH,6541.35076,6770.11651,6351.50899,6183.56361,6125.26809,6265.76591,6009.894,5970.62821,6169.02637,6028.26684,5970.09141,6215.81212,5769.20498,5857.77017,6001.21374,5999.78314,6163.8884,5969.30229,6030.23142,5715.06807,5817.78572,5393.02571,5391.24792,5457.0238,5058.204,4939.61345,4941.11757,4909.10259,4750.69222,4664.66955,4443.79692,4543.6033,4173.91841,3817.44721,3743.19268
1.A.2,CY,502.36377,927.51563,713.19083,754.7428,767.82994,755.57252,855.95406,755.53856,758.47812,783.43112,799.36111,744.42808,756.662,782.46854,858.86172,899.74097,863.96464,894.71615,875.65519,763.74992,666.72551,577.14444,458.80039,538.17414,676.80588,592.71947,593.31522,610.63501,540.4673,548.94904,553.42384,552.99665,557.67285,557.61795,552.45321
1.A.2,CZ,46823.53473,39612.34919,43631.24791,36531.66761,28999.11246,24326.06371,24113.07745,23921.49085,21581.40991,18400.28839,23293.03085,20761.55749,19874.65986,19822.31741,19453.41327,18715.29074,18412.67112,16537.31505,15954.97032,15660.0614,12020.40129,11052.80217,10708.84126,10167.24548,9634.29122,9768.01057,9505.63213,10368.28821,10119.90996,9673.49499,10161.97426,12849.48968,11225.37334,10050.69418,8760.77503
1.A.2,DE,182953.24809,161493.5,150302.83884,139407.27576,137471.02659,140872.14899,131594.7596,135517.40602,131065.1626,128572.22112,124948.22836,117960.63285,117329.22654,114020.39864,112239.42133,112632.35366,116844.18791,121796.76814,122437.46811,104864.24529,120863.46258,117434.39016,115504.38321,115529.57129,114366.34145,121965.97833,124050.2379,125949.25416,121466.95031,118925.81332,116363.17499,122183.91625,111828.31606,101813.76688,100999.76507
1.A.2,DK,5668.39245,6099.55136,5919.28826,5833.95013,5943.96775,6072.05968,6178.21301,6192.02453,6129.77442,6199.56878,5959.97349,6071.10357,5720.42548,5694.13106,5786.47783,5498.06526,5629.95805,5373.16489,4847.97086,4034.21579,4528.01174,4359.17629,4057.42196,3879.43834,3876.0939,3827.28348,3913.69385,3987.66259,4019.49664,3776.74108,3680.94812,3767.68602,3384.59219,2924.57069,2629.50811
1.A.2,EE,3445.6439,3328.08384,1926.13716,1789.1408,1513.21814,1476.66629,1560.27573,1318.63631,1183.61971,807.66939,885.60495,1084.17197,792.03811,927.97082,975.84119,1012.34133,1006.55495,1293.75305,1188.30249,740.5216,764.91,888.56774,882.64146,891.17255,804.03013,583.71988,609.87817,573.51936,607.31067,632.17995,408.67197,305.65391,264.35557,226.58325,259.21683
1.A.2,EL,9338.48922,9387.7971,9044.65667,8760.3297,8610.16096,9481.89556,10087.6038,10194.95057,10152.17739,9139.76757,9847.74204,9971.72592,9426.05454,9102.76976,8618.35361,10134.373,10369.07239,9959.12612,9325.76764,7436.78217,6813.24219,4917.03199,5457.78306,5229.1592,5397.33213,5166.28079,5291.91919,5715.96831,5048.79995,4568.50014,4405.5237,4779.79065,4396.19175,4298.51853,4643.68627
1.A.2,ES,44536.5011,49001.37442,46943.02807,45789.77353,51191.04013,58907.16033,54253.19089,53994.91149,53873.86211,56337.19437,59887.2682,62482.54275,64860.09295,68632.7682,68881.40626,70843.54732,61758.47021,62716.69059,59670.71628,50713.05158,52005.35615,48506.99142,46681.43602,43354.09758,39250.95535,41322.11172,43181.64836,44888.12644,46263.41346,46887.13903,42132.44276,44688.34645,36893.94306,33890.12178,32069.55078
1.A.2,EUA,715117.11112,672477.11077,633792.59388,613956.18084,611875.23955,632579.67816,624465.58451,615809.86447,590871.1476,576506.17401,574923.96714,563598.03754,553054.94873,557056.10766,549615.92163,545219.3012,535180.5382,540939.09169,521383.06793,434950.34237,464142.97539,452260.96326,435050.35792,419653.26416,403643.22432,413185.09838,416485.36338,424462.22027,424319.15767,413591.77757,393597.38363,423245.08684,385042.86385,353482.90691,346349.81455
1.A.2,FI,13188.50744,12694.18423,12192.478,12260.0116,12588.9542,11985.27424,11845.56464,12108.55692,11739.72486,11671.42802,11690.44834,11280.51433,10981.25779,11370.8089,11439.75958,11175.36368,11442.85354,11275.42727,10737.13041,8574.34075,9860.6494,9461.16435,8242.58334,8213.35164,6888.94896,6573.6901,6616.05822,6424.35834,6556.04747,6367.15992,6072.59041,6199.25646,5679.33262,4865.70772,4711.23122
1.A.2,FR,63989.42352,76947.31888,66944.49136,64059.20966,65102.71153,67466.43692,69477.81283,67569.26929,66580.50426,67593.8021,66144.8384,71323.23965,67191.6,67350.45342,63332.76166,64701.41883,63635.10739,62484.60306,60670.19696,52190.45777,55528.16492,52543.3944,51028.57533,50854.28973,48571.6503,47162.43689,46965.59168,45084.68478,45227.38862,44369.66473,40452.26709,43532.08658,39361.88293,35831.1184,34586.45076
1.A.2,HR,5103.04277,3773.02162,3083.14649,2916.99466,3077.42538,2868.29338,2857.497,3088.88404,3091.22644,2925.26175,3052.77842,3189.68361,3084.90879,3150.05099,3551.72409,3681.10055,3806.67921,3797.32445,3798.06692,3108.28478,2983.80512,2750.09209,2384.35171,2359.25446,2300.57155,2201.79473,2210.59662,2405.82518,2390.76413,2397.37308,2392.55947,2418.05545,2313.06134,2434.99724,2519.28269
1.A.2,HU,13474.59179,11713.89186,9570.35783,8963.7344,8292.87732,8210.87191,8526.85865,6388.67067,5680.59245,5144.1736,4539.47587,4891.39718,4919.98389,4668.97123,4496.24191,4564.81439,4388.34322,4391.84357,4364.58743,3166.86806,3334.95811,3396.32508,2924.01572,3845.4128,3883.20424,4110.87949,4592.3263,4921.02038,5188.88172,5111.43522,4828.39364,5070.08433,4581.68697,4035.56384,4037.22622
1.A.2,IE,4057.70587,4344.70358,4025.48338,4231.77303,4497.52922,4519.38569,4362.8763,4712.03368,4690.18538,4870.58534,5650.4087,5619.52995,5287.61805,5401.94719,5462.33635,5581.22323,5380.14412,5457.70278,5298.51194,4267.70569,4220.6382,3798.92649,3879.50326,4098.34589,4162.15885,4272.74943,4356.04938,4574.23382,4775.00343,4700.75242,4706.64768,4729.44689,4472.6513,4263.72705,4261.66072
1.A.2,IS,305.4284,228.1199,290.87847,306.0046,286.80073,293.69875,334.72696,396.15175,373.64929,388.83956,349.66835,383.57904,387.86112,362.95985,368.6065,323.48667,329.4721,319.1761,296.8839,190.21421,137.40014,137.61591,118.08657,112.73005,77.7831,105.82408,128.49394,99.45014,95.39141,82.05633,57.15531,74.36979,127.59742,104.3063,127.66485
1.A.2,IT,90772.79407,88060.55398,88113.75635,86808.36096,88605.54964,88970.40887,88115.89026,92175.93823,95515.49815,100496.57926,94894.14922,90273.80173,88120.26546,94205.37136,93016.6913,90787.36121,87667.57279,89776.61729,85420.9859,63484.00742,68889.59556,69690.97795,65435.03984,55688.41625,51514.48149,54542.42834,53355.46117,52131.77454,53215.76598,48972.21842,44906.88263,54068.76017,52461.04419,48698.70734,45250.91729
1.A.2,LI,36.18853,35.83141,36.21226,37.47224,35.52228,35.59513,35.66132,37.50158,40.239,39.70423,36.31295,36.30098,37.76706,41.06327,39.70891,39.04462,40.41357,33.80406,36.25473,27.46406,25.99228,23.48075,25.62545,26.29672,27.24369,27.50894,25.90943,27.69504,24.65193,24.15915,22.87479,23.18224,21.26282,19.80697,18.39404
1.A.2,LT,6105.81703,6160.43943,3017.41455,1977.44936,2023.23258,1727.71242,1519.22198,1541.0429,1511.00374,1174.12928,1074.65466,1035.35266,1097.58931,1120.94062,1200.24412,1468.66529,1610.66936,1617.94622,1458.64424,1176.78767,1273.66041,1366.69748,1464.98197,1409.27991,1289.88587,1166.19914,1123.68863,1153.46843,1225.896,1267.78053,1152.90619,1241.62427,1188.44298,1068.0452,1101.33807
1.A.2,LU,6229.34258,6057.59615,5708.9226,5847.07454,5130.29096,3276.3997,3118.21863,2351.89745,1304.36067,1394.38483,1329.67254,1411.19874,1305.66673,1259.12839,1348.59249,1357.71256,1456.94095,1370.52742,1325.13703,1198.76647,1257.25761,1282.09085,1234.8481,1187.95729,1168.93811,1132.87467,1182.69281,1165.52465,1187.00316,1218.89067,1118.62273,1149.58859,991.53256,873.98628,932.94944
1.A.2,LV,3909.77846,2944.08886,2493.85718,2159.65703,1951.22102,1905.57997,1862.21472,1802.85546,1572.08706,1422.61265,1156.54674,1055.20251,1104.56258,1123.70698,1137.16668,1143.58753,1214.74589,1209.45211,1102.37656,875.56661,1073.70966,872.49178,917.0588,761.62906,691.28623,640.33502,576.87372,619.24828,704.20802,625.85299,608.20035,605.49707,545.96119,585.23632,565.36026
1.A.2,MT,52.66759,54.60744,63.48709,65.16308,70.48902,75.30908,75.96058,78.30281,59.7247,63.46218,62.43655,56.45781,59.59061,64.03688,64.18396,27.7609,30.6635,36.8555,36.8555,24.61502,30.7538,15.2738,27.7481,53.48102,62.69688,59.7014,59.508,53.50477,53.67033,62.26119,81.0264,85.28108,93.77612,38.95607,40.43681
1.A.2,NL,29134.55615,28962.39636,28469.3085,27611.03739,27128.44395,25915.95981,26555.96822,25761.65994,24974.16377,24358.37827,23870.24343,23235.57364,22982.38277,22777.3846,22275.04559,22499.441,21453.41489,21544.90753,20660.4093,19022.20246,20103.99091,20297.8261,20065.83426,19640.03456,18578.21521,18855.09569,20007.25295,21300.15393,20254.36473,20091.31559,20016.7748,20432.63347,18214.56867,16912.27565,17516.60158
1.A.2,NO,3374.8143,3118.28316,3185.29835,3402.97712,4010.46781,3898.10935,4350.84869,4065.2373,4086.36637,3820.52523,3433.7389,3490.86639,3352.92305,3544.37487,3372.28459,3198.27071,3503.78781,3412.23404,3312.76297,3018.67574,3316.4904,3136.20244,3006.87113,3090.32312,2880.8752,2856.89803,2832.35762,2943.49733,3044.72918,2841.63582,2610.61247,2814.61077,2780.63872,2443.35525,2305.20485
1.A.2,PL,42621.39221,39447.33642,36535.36315,47480.67628,48494.9331,63009.89624,67497.51192,63748.50248,53499.46843,45660.94592,45722.96612,40398.64698,38249.89332,37375.81633,38061.89299,33672.85869,33603.4921,35878.90739,31762.11236,27838.35363,29402.80359,30324.78085,29248.3684,29042.79381,29169.83204,27704.08844,28379.26311,30734.68973,31250.0353,30876.93494,28597.01802,29884.21329,27565.57397,25403.94355,25689.91755
1.A.2,PT,8853.26883,9185.78958,9312.0217,9211.70995,9627.94799,9926.46265,10146.76679,11113.8474,11117.89471,11108.22156,11334.06343,10615.23166,10822.67781,10199.36329,10687.25822,10381.98867,10112.59776,10175.11839,9513.04815,8433.89982,8962.56939,8383.79965,7479.16359,7408.68332,7444.60337,7711.17186,7123.55503,7479.02568,7405.245,7662.83194,7483.58331,7438.97648,6633.7072,5749.72046,5633.8768
1.A.2,RO,53941.92356,34724.06017,35007.75992,31566.88727,29223.59036,28815.44763,28237.95254,22431.02431,18415.42093,16920.94248,17617.64104,18981.79861,19703.2957,17674.60833,18124.40917,16880.26414,16015.80913,16156.52489,16407.33612,13600.93915,11834.81012,13073.09615,13428.092,12616.78365,12107.24097,12409.0205,11282.40101,11364.04434,12015.81644,11748.37911,11864.3335,12691.35985,11767.85706,10663.00575,11046.86795
1.A.2,SE,10646.81573,10531.42931,9681.02667,10388.76393,11398.68946,11779.71238,11706.45396,12146.37501,11541.85846,10774.90517,11105.26769,11146.14336,10875.39621,10751.72523,10388.43245,9754.3995,9811.14069,9390.45749,8769.11241,7150.91743,8378.65663,7742.44127,7182.29804,6798.34144,6630.00039,6754.03134,6522.19033,6409.26605,6531.34213,6526.06184,5882.93751,6008.40359,5719.77168,5620.77856,5823.64526
1.A.2,SI,3067.45765,3053.27295,2564.89394,2498.55583,2660.12938,2606.66817,2497.01049,2274.67322,2254.31796,2275.33882,2270.20259,2188.89838,2220.78753,2150.9787,2299.85574,2437.4707,2567.5243,2335.10614,2306.05933,1932.97885,1911.57592,1714.80005,1646.3613,1641.11048,1645.32775,1591.00016,1602.03471,1682.70547,1804.29923,1731.48136,1689.79063,1719.19036,1596.1301,1491.97223,1473.90939
1.A.2,SK,16027.09367,14724.13207,13622.83767,12844.20901,12209.84887,11760.49068,11316.42142,10951.22717,10299.93148,9745.89106,9389.71995,9449.4652,8329.54194,9186.65912,8516.42885,8530.17115,9155.16551,8266.09759,8091.13734,7657.23722,7612.51088,8748.58624,6985.85285,7130.72786,7249.28953,6713.22715,6660.33067,7082.91104,7580.54299,6278.54906,5882.11737,6983.43607,5873.9203,5627.04016,5392.38389
1.A.2,TR,37003.98925,40161.67268,39167.8895,39832.38411,35740.91571,39842.81688,50376.21212,55793.93269,55221.22069,47157.75903,57657.31524,45469.58545,56855.69711,66387.60378,63557.97007,62731.08635,69749.04739,71520.69647,47168.68686,46033.98011,52128.59891,52389.66139,60835.54191,52777.15896,54236.80651,59361.53415,59840.74269,59956.80361,60949.15112,56073.91438,61908.74194,68558.01881,65224.59387,61577.79696,66453.74683
1.A.2.a,AT,1832.88036,1440.58346,1185.56602,1365.72779,1280.75732,1337.57289,1602.42776,1862.12372,1160.93891,1329.60588,1275.43956,1438.58414,1685.69762,1733.57677,1903.2972,1844.5627,1552.81113,1215.5859,1302.43904,1019.80963,1275.39164,1446.02662,1483.44425,1606.21369,1495.63239,1405.57371,1576.58205,1658.31824,1771.41012,1804.61055,1803.44498,1795.54776,1772.39254,1816.73439,1680.44686
1.A.2.a,BE,5661.51309,5223.02133,4951.69123,4627.24851,5481.96625,5448.49678,5162.17937,4698.87893,4907.17154,4922.11444,5200.99225,5055.21122,4304.0879,4163.5661,4038.54183,3456.39113,3685.81421,4090.07664,4788.11348,1452.02328,2194.96019,2017.48359,1273.87083,1049.33177,1088.56304,1135.23828,1168.28401,1211.85163,1265.27035,1234.07753,1243.87248,1246.13973,992.24554,986.35433,1067.49046
1.A.2.a,BG,2705.21681,1137.07004,1013.78314,1047.2699,1439.93297,1656.97133,1487.7821,1697.76582,1489.58611,1023.45797,959.1946,1160.92998,1168.95184,1404.79814,1242.34434,1103.07365,1096.16179,1189.95777,728.03917,224.257,130.95491,146.07625,116.24847,99.01138,117.39455,115.79972,113.61416,118.61057,129.69927,120.86698,114.88828,123.42542,110.85709,111.68872,108.37625
1.A.2.a,CH,245.59204,284.05435,251.06107,294.23716,238.35943,178.93518,174.92248,188.50378,202.82116,220.85123,228.75463,231.48054,242.72832,255.7535,247.32485,231.347,281.326,295.14213,282.18931,215.40823,254.78802,256.65148,244.94955,237.41629,246.32803,261.90961,254.56441,280.59824,288.11422,268.32595,264.70603,258.37062,243.04572,212.76173,199.14081
1.A.2.a,CY,0.5604,0.64045,0.72051,0.80057,0.80057,0.88062,0.88062,0.96068,1.04074,1.04074,1.04074,1.12079,1.04074,1.04074,0.96068,0.88062,0.88062,0.80057,0.72051,0.72051,0.5604,0.64045,0.80057,,,,0.80057,0.12008,0.10407,0.00956,0.0223,,0.01912,0.0223,0.0223
1.A.2.a,CZ,14860.68161,11826.95424,11977.82563,7452.13341,6658.31802,6345.739,6016.29598,6661.52282,6896.1825,4946.80314,5342.98592,6154.65488,5250.40309,4608.22834,4531.45093,4874.87833,4712.03798,4980.71406,4446.37704,4067.37152,2452.77575,2418.00432,2336.46085,2320.4342,1974.52911,1923.31831,1801.76794,2062.70449,1994.58283,1687.77832,1886.7908,2115.85015,1622.039,1349.45002,896.73421
1.A.2.a,DE,35269.32777,34358.04298,32828.13545,29741.54002,30477.50191,33097.55884,28417.38566,30669.70112,33883.22593,32323.61273,32525.24353,28579.39662,30159.76753,27655.2132,28611.56273,31322.02728,33039.32358,36602.13931,35896.37876,26050.15588,36296.02217,33787.33311,33713.96403,34468.61276,33594.81508,40004.00924,37421.92297,37244.48476,37166.27506,36378.03589,31626.23448,37269.50741,34290.76108,33300.29535,33166.23013
1.A.2.a,DK,136.0615,136.81892,130.91161,131.11285,136.94456,140.06726,132.58158,132.06737,132.92429,139.46754,141.17394,149.37945,96.01698,121.42469,117.694,110.84677,121.25704,131.40883,123.15505,62.0698,74.64576,79.60985,89.05379,93.19669,99.92629,97.55254,106.41039,106.91991,109.45138,98.47306,87.42397,102.64122,81.22782,81.89061,84.41298
1.A.2.a,EE,,,,,,14.87412,12.40253,,,,3.22287,0.34812,0.34812,3.54987,0.49731,1.24329,1.24328,0.44758,,0.39785,0.29839,0.24865,0.14919,0.14919,0.09946,0.04973,0.69624,0.57973,0.74592,0.97393,0.47589,0.72689,0.68755,0.47121,0.50242
1.A.2.a,EL,447.32417,432.65416,430.12959,380.55607,370.14377,356.01501,262.40151,286.40071,272.48631,318.84213,286.41957,311.29579,324.94097,305.69454,230.37416,185.85687,174.28917,200.11945,190.46363,160.48099,160.2862,149.25844,198.42218,172.75601,148.0645,65.03736,120.72822,102.56704,90.78068,95.82514,94.27589,116.13965,123.12402,87.90432,99.54343
1.A.2.a,ES,8302.91098,9467.4256,7824.67726,7941.97861,10094.89744,9295.46148,8056.98114,8161.45095,6677.28069,5853.20215,6410.26251,7260.47578,6971.18887,6994.84493,7731.03179,6858.05823,6003.47169,6289.8412,6776.85737,5461.96875,6693.01837,6290.51222,6370.71904,5264.40992,5527.03055,5843.54758,5514.61862,5677.15388,5633.37211,5578.36541,4436.23387,5408.78192,4714.62047,4332.38705,4604.27182
1.A.2.a,EUA,151474.96597,140417.35173,130081.53066,122356.45897,128116.45752,130566.18028,120253.30447,124985.6048,118582.88651,109776.86768,116750.13313,108856.45626,105264.80465,105621.90959,107496.88426,105880.63111,107008.21981,111698.74346,105498.3539,74264.30123,92985.19073,91833.11622,88256.37034,82247.2463,80136.4011,84907.2825,81775.85083,82535.86736,82130.51871,78093.28317,66924.5514,77686.09565,69396.64867,65992.11681,66289.5243
1.A.2.a,FI,2498.71904,2552.10536,2605.49168,2827.72885,2882.91374,2659.70179,2778.44322,3209.22473,3351.4786,3426.11756,3690.70591,3312.2029,3359.00103,3596.05707,3565.20087,3671.28128,3796.60542,3417.15063,3261.64566,2298.45752,2996.74229,2951.24949,2254.51259,2154.20148,980.11323,832.75073,911.69508,882.44551,904.96259,830.42645,809.10562,889.59121,799.45145,755.191,769.53567
1.A.2.a,FR,8776.74747,9543.32587,8689.90438,7757.96051,7810.60269,7419.21552,7715.65449,8060.64798,8516.9416,8506.34121,9532.25053,8982.88628,8757.83224,9117.57165,8174.26141,8698.34334,8037.80924,8546.16273,9005.17458,6161.79695,7178.02751,6148.98847,6453.77887,6139.2264,6225.41036,6482.10462,5688.75773,5805.23158,6026.97838,5376.34885,3879.54383,4600.04079,3766.95826,3333.10005,3254.01169
1.A.2.a,HR,1062.4869,638.03794,399.03215,269.55974,286.34604,193.2828,161.91661,207.72576,152.8915,97.73333,108.61198,93.1,66.39346,81.55321,65.41886,88.93969,102.18353,104.21551,98.14287,79.31226,92.93072,84.08719,51.05823,58.35559,55.79613,51.5842,33.97098,36.98129,54.27089,41.1966,33.83698,56.47667,63.8469,65.14332,254.40049
1.A.2.a,HU,2524.24532,1658.68983,1561.76634,1440.07224,1408.63081,1343.33436,1331.93087,896.97719,356.9706,356.5178,370.3698,237.78333,223.4716,202.6668,178.5192,202.762,231.9724,222.0572,227.2692,135.8197,156.2575,153.1836,179.8491,200.5624,174.8264,170.1215,167.2128,195.4473,207.1332,193.1709,172.5639,139.3077,104.3841,60.2998,55.88382
1.A.2.a,IE,174.96888,18.70411,18.70411,18.70434,18.70425,18.70828,18.72421,18.73924,18.75987,18.7726,18.78461,18.79807,18.78978,2.3805,2.37699,2.37775,2.37903,2.38517,2.38107,2.38802,2.39141,2.38837,2.38094,2.34586,2.37451,2.38274,2.3383,2.33365,2.33595,2.34613,2.352,2.35956,2.36983,2.37057,2.3665
1.A.2.a,IS,0.35326,0.28301,0.30612,0.45237,0.55048,0.71125,0.77041,0.8885,1.06976,1.58027,1.75913,1.83992,1.3021,1.67795,1.69414,1.44081,1.39331,1.59914,0.79799,1.08931,1.45031,1.16215,0.85499,0.78589,1.63037,1.2149,1.55804,1.39964,1.4899,1.75699,1.28219,1.18002,1.31151,1.28092,2.02911
1.A.2.a,IT,25255.12762,24416.64555,23456.30649,22972.06739,23836.39296,24201.1666,21877.92587,23592.71506,21378.36058,20370.59424,22536.71486,20500.48539,18396.09889,20017.23634,19804.47877,19288.70661,20365.83882,19685.44684,17786.60367,11200.12778,15707.75308,17227.41591,16589.26562,12716.56771,12169.40854,10628.76845,11549.78726,9831.54686,10165.23723,9825.10535,8004.2493,9437.29473,8765.96319,7997.44771,7674.19319
1.A.2.a,LI,,,,,,,,,,,,,,,,,,,,,,,,,,,,,,,,,,,
1.A.2.a,LT,,,,,,,,,,,,,,,,,,,,,,,,,,,,,,,,,,,
1.A.2.a,LU,5392.72609,5132.48397,4736.90873,4899.22514,4046.74855,2297.21328,2081.02542,1315.56989,290.93994,310.47861,305.66981,364.7616,349.79317,346.50367,374.20446,371.48523,436.09967,417.60967,399.40006,326.74422,373.0535,328.70073,296.2673,272.86836,271.64034,276.18661,267.2486,266.36575,307.14762,293.87558,266.23861,275.62342,231.47947,235.66582,259.38049
1.A.2.a,LV,389.14822,276.70397,246.77166,219.71435,239.06911,183.71591,198.93521,306.02017,303.91927,298.91542,301.2545,305.25925,287.32442,290.92918,297.2198,277.84229,298.50591,299.47473,279.96084,247.23781,289.21204,68.03516,97.93251,33.16641,0.70912,22.1797,2.55751,0.3597,0.24834,0.33338,0.38824,0.44414,0.6079,2.02689,0.22205
1.A.2.a,MT,,,,,,,,,,,,,,,,,,,,,,,,,,,,,0.05225,0.05225,0.03193,0.04064,0.05515,0.05225,0.05515
1.A.2.a,NL,5598.51727,5488.75577,5217.68417,5505.46558,6127.98711,5659.80534,5602.22094,5625.42091,5083.1241,4704.20949,4603.75816,4814.00575,4959.75196,5268.71524,5126.67104,5234.46209,5018.29976,5314.1731,4854.32263,4428.40209,4528.70758,4863.57191,4899.71621,4618.12441,4348.26945,4512.98711,4698.94214,5406.52409,4931.54813,4897.80498,4262.60196,4423.40058,4105.99485,3595.93768,4596.34397
1.A.2.a,NO,95.86993,95.66478,93.70668,79.81292,78.90403,90.30876,92.15272,97.55422,129.22298,106.66083,116.75738,84.6282,69.84818,64.74633,95.87921,79.77331,88.21005,89.88953,87.07214,74.44113,76.04099,68.61026,73.42561,70.28915,81.08406,73.91155,69.97829,84.12096,75.82635,68.6193,53.33583,60.58623,69.3915,58.87131,66.53973
1.A.2.a,PL,16247.49022,13979.63053,13098.60468,13818.10529,15072.46689,18247.21933,16973.01151,17770.86865,14727.64497,12348.4918,14388.46808,11950.22816,11120.74046,11662.96535,12779.73824,9250.17888,9229.62783,10890.80402,7359.9571,4480.80439,5023.09264,5324.50729,5525.64819,5403.62979,5655.32583,5155.61097,5031.44073,5911.72172,5452.17612,4537.48344,3703.23031,4102.95337,3066.60427,3220.77121,3579.82822
1.A.2.a,PT,373.28294,355.58626,535.43247,543.72664,506.57599,419.87212,360.49107,466.05388,434.94959,496.22154,573.71759,164.12643,103.05144,100.3275,100.99365,121.38297,128.91784,119.78985,97.39737,86.37759,82.98058,93.64853,96.63259,92.13786,95.24746,96.83036,87.97595,92.87996,97.82723,94.26346,97.99457,85.21151,95.75947,100.33958,104.19496
1.A.2.a,RO,9154.34615,8011.42902,5039.54565,5100.1078,5522.70124,5638.92421,5378.18491,4578.53327,3692.04329,3067.43585,3017.97535,2579.56716,2324.52448,2122.61012,3098.4357,3213.08191,2899.37632,2149.1499,1989.94427,1426.6952,1560.50198,1765.14905,1513.04901,1654.41276,1456.33889,1437.46597,1287.76632,1237.06239,839.99173,772.5843,821.35941,775.82362,694.23674,502.92154,383.08492
1.A.2.a,SE,1705.65582,1661.77213,1676.8831,1760.88533,1808.37977,1908.97339,1847.64686,1914.26338,1917.79265,1900.1118,2098.03088,2064.97697,2119.34756,2218.60489,2165.91167,2103.88186,1940.74526,2230.40308,2088.27438,1096.42518,1771.28846,1516.30044,1158.40673,449.17844,1266.84086,1585.07524,1228.33308,1376.11582,1341.53372,1567.73235,1200.01252,1341.14222,1323.27376,1252.74636,1033.1634
1.A.2.a,SI,423.42133,290.7277,214.79025,230.29521,233.98917,234.0148,250.78561,238.11863,245.83835,239.79385,283.71556,284.12306,281.51776,280.45393,190.43512,211.08339,220.74594,206.68737,211.52884,156.99054,200.90795,197.25852,200.2537,204.5454,199.17623,196.16103,205.98983,219.83639,213.30466,219.29903,198.50231,213.71526,193.59637,167.67398,168.48073
1.A.2.a,SK,2681.60601,2369.54255,2240.26436,2304.47282,2373.6864,2447.3952,2525.08942,2613.85397,2690.39459,2776.98586,2774.13004,3072.75513,2934.72275,3321.39682,3165.26353,3387.00295,3911.82235,3392.14237,3583.80732,3637.46677,3742.42972,4773.43805,3354.48556,3173.80784,3188.86877,2866.94679,2786.40938,3087.70503,3424.07886,2442.24374,2178.87698,3163.91008,2474.0927,2633.23075,2446.34818
1.A.2.a,TR,6678.04949,6541.36305,7057.34038,6397.11457,6227.56404,5584.06273,6324.93452,6340.56982,6144.83626,5569.24944,6559.10436,6725.67853,6454.91619,6179.29287,5052.08699,5478.20354,4521.06518,4637.04056,4219.58421,2040.36972,3651.78698,3986.98899,4376.83654,4634.52509,4988.61019,5281.86951,4185.92457,4322.24385,4392.73704,4629.17479,5683.2996,5820.35694,5130.0676,4834.20252,5238.61241
1.A.2.b,AT,131.90035,118.71259,126.59058,158.07676,261.09574,255.01223,176.61639,221.16327,205.35715,191.06836,192.68429,206.37167,207.59914,212.62053,219.5514,217.81293,221.54124,250.61644,253.34964,235.12239,235.70701,248.42278,241.01133,271.38596,288.72628,295.40702,304.88165,297.02482,324.77934,300.68565,267.83317,295.48067,308.41824,284.66181,276.16417
1.A.2.b,BE,628.65517,742.16595,780.16175,590.77091,607.02281,593.75747,661.4671,566.66354,508.94853,504.25408,434.39051,482.0145,495.09729,526.09407,521.57813,505.37641,537.14641,525.9062,462.31534,426.75251,438.83975,430.00082,436.40929,432.83112,395.91576,420.43964,443.34349,445.35753,444.00895,427.55489,397.27283,424.56392,397.80113,395.68701,381.03136
1.A.2.b,BG,299.15987,212.84419,201.51284,266.85423,268.54102,310.99115,189.29454,273.87106,277.11354,230.18509,183.94821,156.10826,138.85523,131.58176,136.68445,157.17301,152.68496,102.66243,154.18429,136.16526,167.92474,142.39994,124.91553,145.50798,141.66442,145.84715,164.49512,176.23378,204.98287,251.18461,249.05708,245.78039,254.45924,239.9433,216.85592
1.A.2.b,CH,144.78323,146.02447,122.02677,102.0254,93.71903,116.72548,99.4377,128.61756,110.45114,84.18002,92.28234,83.00136,44.9608,56.42301,66.79935,57.49849,67.1028,59.5853,60.99663,59.9156,70.96931,68.12644,101.63026,92.84355,110.17931,103.63086,96.48859,94.03576,99.36178,112.03615,102.22895,113.49056,103.74992,93.80786,83.3009
1.A.2.b,CY,4.37829,4.61686,5.18706,5.20455,5.14928,5.44312,5.44312,5.73697,5.865,5.80973,6.03081,6.26939,6.08608,6.30717,5.95805,5.55367,5.60894,5.37036,2.14716,5.13179,4.65464,4.89322,5.37036,,,2.98463,5.37036,2.05611,2.08302,2.15188,3.29047,2.74682,2.21775,1.94897,1.93944
1.A.2.b,CZ,101.95926,106.68703,69.97771,159.08494,144.06566,154.30894,204.99078,164.64137,141.88048,135.19204,166.3516,164.10252,177.21183,175.71348,149.63184,152.76693,162.14416,156.73734,111.20543,98.03841,119.67981,109.3991,84.92458,114.75575,95.36266,105.13383,135.27106,168.17447,152.51035,147.88988,142.51235,186.3906,148.22534,139.52374,140.35328
1.A.2.b,DE,1376.61558,859.68033,972.20412,859.78385,712.67973,898.66057,821.03582,797.7791,809.76397,811.24264,695.02865,708.0314,638.80181,478.33065,536.88955,511.82444,198.11901,191.15144,222.05572,181.49131,156.24215,86.17928,111.849,162.39841,141.41476,167.92345,169.04037,162.54171,148.46934,133.39626,157.13197,142.54397,131.71521,151.43514,176.55793
1.A.2.b,DK,,,,,,,,,,,,,,,,,,,,,,,,,,,,,,,,,,,
1.A.2.b,EE,,,,,,,,,,,,0.19892,1.24328,0.19892,1.54166,0.99463,7.21087,6.17953,3.72981,6.03101,5.58333,2.60749,7.03141,5.68601,5.69554,2.23793,2.63575,2.55377,2.48641,0.99503,1.24317,0.49774,,0.76133,0.73453
1.A.2.b,EL,582.2135,711.76862,707.27738,690.41815,662.99641,673.97285,702.83036,692.98989,785.48172,902.70591,935.89721,928.14505,975.3735,1012.18293,977.70487,816.18247,831.62212,825.06239,747.33041,538.50408,507.90771,466.11963,532.09915,772.20519,622.89849,587.06893,562.21568,759.08011,321.51584,357.57629,335.36619,673.92458,557.85286,620.0472,645.93917
1.A.2.b,ES,1177.78575,1592.50211,1600.83722,1196.82123,1402.64201,1485.67858,1641.11687,2739.64235,2714.25744,2651.19054,3234.51497,3658.89624,3832.39918,3841.54242,4013.454,3578.06451,3132.81656,3132.26715,2901.38986,3147.16682,3266.50637,2724.26061,2237.75255,1515.21777,1243.06857,1090.68378,1093.01818,1136.64333,1214.44127,1535.86181,1318.55934,1488.9305,1247.11147,956.69731,996.92338
1.A.2.b,EUA,11963.79745,12959.78548,11623.87749,10042.21854,10699.2783,11242.09324,11450.97641,12203.76115,11908.96476,12086.30282,12548.4615,13100.95883,12791.24699,12310.93251,12340.72835,11320.96855,11075.05151,11118.76465,10759.40629,9865.08072,10443.99042,9799.20662,8970.88999,8531.22026,7980.70659,7982.34565,8027.08036,8376.89546,8511.64171,8792.66263,8219.96707,9248.64444,8367.03515,7587.01339,7509.54692
1.A.2.b,FI,337.95168,235.66654,141.9635,173.79106,136.84661,108.72876,118.03885,130.0985,135.57617,143.87022,145.61501,148.47067,128.87811,123.44696,114.57021,99.86656,101.49282,105.58146,107.72618,92.73247,113.9086,106.9202,99.07328,99.97809,94.09921,102.25108,107.3954,103.20311,118.13097,105.4722,99.68475,80.78033,86.85423,89.59097,92.47783
1.A.2.b,FR,2259.57053,3334.97054,2696.33157,1608.66092,1505.37852,1659.96149,1769.14415,1636.33634,1635.82955,1587.98604,1512.80566,1714.38543,1457.57606,1164.43722,1068.91235,1030.66689,1089.55588,1033.99332,1014.40705,841.55427,858.09126,799.01529,855.69623,794.96106,812.98807,837.64771,944.95867,824.29864,790.74105,829.07648,662.07494,775.82389,744.54509,707.00683,546.15946
1.A.2.b,HR,17.12915,7.07765,6.39811,7.19561,10.57806,10.61946,13.45593,23.73751,19.49322,16.28398,16.88966,16.23951,20.13824,15.76841,27.60728,21.4847,18.24631,21.51279,21.15625,18.06512,13.98444,18.52011,19.71966,19.92993,18.68167,10.89688,10.66383,20.70692,26.90989,26.99539,25.52608,30.29262,30.86767,29.53639,31.22403
1.A.2.b,HU,300.9985,450.87496,383.72743,343.03885,240.153,220.39299,304.51278,226.96792,243.67416,228.86137,257.53774,288.11708,299.18178,287.29,271.00489,231.9632,236.578,217.396,216.7152,150.5819,187.9875,189.4968,159.4827,171.864,166.992,166.0287,175.2878,194.3666,189.4497,180.3456,152.3898,161.056,161.1254,149.4298,153.299
1.A.2.b,IE,808.86254,831.25186,967.08055,991.6063,1253.27049,1189.87512,1131.30292,1226.97539,1224.64413,1298.85812,1352.54366,1190.44057,1164.39244,1166.9023,1242.84742,1138.30346,1444.46744,1557.40145,1586.2491,1294.16133,1576.91732,1359.801,1248.73481,1374.52158,1345.39181,1342.64172,1318.91576,1371.16034,1385.95518,1380.54963,1463.37648,1364.21357,1269.45212,1178.8693,1218.34245
1.A.2.b,IS,13.5006,16.33181,18.59847,17.6172,17.72276,17.0495,17.75797,17.84796,23.61286,26.36846,27.20559,27.12754,35.06754,28.42186,23.94578,18.96494,17.65388,17.16258,17.36524,15.95649,16.40982,15.77166,11.92111,7.7743,6.35882,5.67518,5.7014,7.64032,8.10147,8.35967,6.14297,9.16952,6.27958,4.18909,4.13939
1.A.2.b,IT,735.24786,932.17491,916.05188,850.91701,852.31083,879.26858,931.96975,920.36462,993.40364,1245.6425,1249.18809,1237.99419,1177.81363,1223.9957,1212.16656,1175.52556,1211.5708,1162.3277,1137.99572,1059.5738,1104.96907,1342.88517,1062.92565,1042.39622,1030.26305,998.55142,1000.37494,1080.2393,1139.61894,1114.47519,1036.22126,1325.66709,1132.86474,1086.52927,1033.36775
1.A.2.b,LI,,,,,,,,,,,,,,,,,,,,,,,,,,,,,,,,,,,
1.A.2.b,LT,,,,,,,,,,,,,,,,,,,,,,,,,,,,,,,,,,,
1.A.2.b,LU,28.47265,29.53487,29.79887,29.28186,35.5812,36.74144,59.05305,41.90635,43.77664,42.63177,41.43765,42.02634,40.32436,46.25845,52.5971,58.33496,61.21857,57.04151,55.48673,48.92163,55.97941,53.76272,54.44993,53.20762,51.46707,49.77948,50.69319,53.81783,51.47394,47.45117,43.11355,48.74075,47.59199,41.99189,40.92224
1.A.2.b,LV,,,,,,,,,2.97395,5.59664,9.35217,10.55817,14.95693,16.7657,14.94398,11.27099,11.32189,11.17199,7.44344,5.61837,7.49476,9.51288,9.4013,7.52083,3.92746,3.37433,2.09807,1.44532,1.48518,1.37451,0.77647,1.2069,0.49889,1.94768,2.24223
1.A.2.b,MT,,,,,,,,,,,,,,,,,,,,,,,,,,,,,0.0029,0.0029,,,,,
1.A.2.b,NL,213.84947,197.96141,200.06981,215.78354,239.03481,246.975,245.92345,252.35807,243.01042,224.76609,235.87055,219.09702,213.48637,198.57966,233.94758,229.54587,216.67856,250.0347,245.13682,175.45033,203.89941,185.10943,151.56148,151.6322,121.90582,133.43331,132.39788,180.07749,175.71658,161.82166,156.79557,162.16629,144.61159,102.05516,99.06296
1.A.2.b,NO,297.08469,302.03278,256.53586,256.09977,268.03116,275.81569,303.12813,289.34456,271.47706,270.55925,292.72898,273.1632,196.92538,216.36319,180.29948,187.0741,197.50773,221.19519,258.87878,214.79238,269.50157,225.52233,202.55222,185.10701,201.16399,173.20622,185.46824,193.91181,201.65265,191.07837,209.51198,222.12712,214.58467,210.32233,203.2177
1.A.2.b,PL,1052.82342,982.59184,531.36252,734.53884,1300.02426,1707.51964,1781.3585,1744.80996,1422.78109,1389.45628,1429.22135,1499.35939,1375.74108,1309.79158,1208.17641,1055.56354,1103.12043,1168.64227,1137.77933,1050.70141,1038.74145,1102.71311,1125.53971,1112.70432,1154.68594,1187.90734,1085.39116,1044.11384,1101.08166,1148.27789,1068.79447,1095.25853,1212.59078,1013.72449,1001.37711
1.A.2.b,PT,,,,,,,,,,,,,,,,,,,,,,,,,,,,,,,,,,,
1.A.2.b,RO,81.30489,,,,,,,,,,,,,,,,,3.03738,,,,,,,,,,,395.87956,328.41792,318.76975,372.31488,177.37377,122.67739,159.31961
1.A.2.b,SE,128.79151,124.25739,122.5447,114.20643,104.82288,94.17058,88.68613,98.29448,106.15114,122.43674,100.1353,90.32565,92.39376,74.86881,74.84951,72.60786,77.44967,76.648,86.5976,82.56402,90.1928,83.24466,84.28363,,,88.27728,100.81363,100.84599,99.51739,110.83032,106.84665,117.17915,99.16165,103.64341,103.2856
1.A.2.b,SI,439.95285,422.85666,270.65652,294.77774,325.84555,178.5079,154.66339,54.62652,55.43618,54.0831,63.19094,57.53043,56.07892,56.60737,58.02979,62.35848,68.63778,84.53228,98.25154,113.13829,90.07386,88.04682,93.18903,96.09159,97.30372,106.64975,105.15948,129.83586,125.96009,101.31004,118.0678,139.31938,132.75986,120.38965,136.17161
1.A.2.b,SK,1256.17464,1061.58918,894.14335,751.40577,631.23944,531.50736,450.07253,384.79795,333.54662,294.18156,285.82749,276.27643,277.61797,241.64844,198.08132,187.72749,185.81912,173.49052,186.75366,157.6142,198.705,245.89557,225.46939,186.42461,148.25431,137.18031,112.65888,123.11858,94.44129,98.96543,95.26296,113.76587,78.93612,48.91536,55.79587
1.A.2.b,TR,1084.05744,1012.55692,1064.63959,975.91589,1302.01775,1749.90034,1354.96105,1243.62216,1161.68994,1694.84093,1945.03552,1981.54559,2133.94119,1932.31084,2181.83906,2219.21111,2482.49539,2393.3872,238.80748,987.27697,1151.4036,754.31895,1171.26745,759.31067,987.36739,1196.69909,1404.27663,1133.80021,810.79274,818.28026,692.7177,865.68288,868.02927,986.67421,1768.51291
1.A.2.c,AT,858.63793,883.53525,726.60879,976.58709,680.0231,692.79684,772.00488,878.78499,793.61879,1034.06662,1061.91028,1111.43882,1120.70715,1168.39481,1029.23133,1069.65907,1006.99279,928.92111,1152.21817,1210.54073,1338.00918,1324.95603,1263.83077,1170.74599,1183.96201,1171.0813,1298.78747,1387.35637,1312.32338,1223.15344,1234.92686,1284.9381,1122.01059,982.54842,1041.65812
1.A.2.c,BE,5098.13459,5193.26541,4828.88676,5352.09212,5343.64421,5301.41182,4891.49971,4960.03955,5181.34633,4611.90165,4430.69598,4654.3084,4746.4062,4210.55606,4209.16901,4303.91085,4277.14663,4250.5503,3894.23943,3330.3343,3770.52173,3724.56052,3734.95244,3732.55007,3811.56283,3860.8168,3862.40006,3996.99582,3884.4611,3816.84427,4322.81626,4542.57025,3707.69473,3738.79774,4069.54969
1.A.2.c,BG,965.51921,524.74446,236.14458,318.94004,287.07432,267.25075,662.83034,2639.21839,2496.9249,2080.38066,1820.83239,1848.93445,1315.04927,1503.47693,1362.76825,1221.58935,1137.7241,1202.71444,938.85316,302.49788,215.64503,223.70724,226.01758,249.15577,224.27041,346.04441,379.72993,1021.32953,1538.57954,1427.40552,1327.37729,1556.46459,1432.93937,1085.09909,1271.18596
1.A.2.c,CH,913.5627,910.35712,830.04341,801.6173,825.50349,923.16311,921.6308,845.38383,851.9652,840.33458,822.79066,851.59039,756.35434,839.79258,858.64998,933.76257,905.25259,883.00199,867.84314,758.87606,706.33319,721.69139,822.87926,829.4356,709.56484,728.14455,827.50377,793.91508,762.6215,681.31385,621.94842,607.32623,526.39477,465.04377,482.90573
1.A.2.c,CY,2.199,2.44582,2.96191,3.07411,3.16386,3.43313,3.61264,3.79215,4.03897,4.15117,4.2858,4.33068,4.15117,4.26336,3.83702,3.56562,3.64149,3.03457,2.73111,2.73111,2.1242,2.42766,3.1863,,3.1863,6.31326,6.31326,6.69211,7.81644,8.17409,7.78018,6.73146,10.03357,11.80357,12.26919
1.A.2.c,CZ,2996.37401,3062.57288,3246.92781,2849.66079,2771.42617,2394.67139,2853.71153,2598.41054,1722.44518,3316.31857,5109.37055,3691.39872,3945.29008,4832.64403,6172.82144,5873.03172,5682.96665,3601.90088,3861.43203,4888.34389,2223.20089,1921.34912,1801.86186,1757.57881,1496.88852,1406.16279,1361.33859,1878.4443,1850.06214,1854.59162,2028.02376,3247.03298,3254.57046,2952.05051,2499.40793
1.A.2.c,DE,,,,,,,,,,,,,,,,,,,,,,,,,,,,,,,,,,,
1.A.2.c,DK,336.95613,368.00111,386.99817,380.40974,395.95119,395.61882,434.70874,422.23206,454.00637,483.61796,473.85789,492.68182,465.59802,453.7582,416.49798,371.43383,340.45654,292.88461,335.42658,342.72184,367.91328,376.8527,331.60583,349.62331,380.00126,367.48638,299.16646,267.90583,259.33205,242.2481,218.30728,246.89016,212.67408,186.42418,181.75602
1.A.2.c,EE,389.61049,296.44865,350.94554,261.79831,271.83333,335.5578,319.86928,230.79342,182.07179,112.39206,105.72938,112.04394,58.36259,119.18184,139.62193,139.22552,140.53808,131.60071,105.60653,24.41658,31.28324,22.92212,32.77241,87.28063,15.02604,35.23705,31.2851,24.42074,19.32105,19.9829,10.76283,14.65072,12.91685,6.8148,8.06444
1.A.2.c,EL,807.79955,622.39833,505.64604,547.5225,487.7287,602.6094,874.31362,839.82783,917.09908,548.33764,649.12533,591.63929,529.77972,648.64587,914.52729,781.24975,758.1393,617.16246,750.29841,806.09364,977.93037,807.60676,669.74671,342.9636,356.93426,443.5439,92.02789,266.24873,478.34176,452.16971,617.9056,645.1852,217.44042,383.35343,812.06676
1.A.2.c,ES,5227.31609,6088.55311,6075.6618,6000.90281,7016.30644,10195.77512,8101.8453,6790.51874,6509.23132,6449.12475,7391.84532,6827.46132,7849.92306,8499.21212,8601.86166,9069.25622,8709.51454,7655.01325,8023.86441,5616.7726,6002.41002,6757.8322,7633.64898,8733.43999,7575.3069,9249.48426,9421.90622,9793.21387,10007.09511,10048.25586,9823.69226,9900.30906,7688.09028,7396.59255,6191.60054
1.A.2.c,EUA,94487.33124,88458.81021,74130.47027,74806.2244,79719.58075,92542.52647,90246.06885,87917.2008,79208.95384,79881.5781,79649.44223,77700.08599,73913.97365,75453.89949,76687.05185,76585.73381,74454.21114,73042.84683,72590.87564,64336.83391,65166.7201,63913.22581,60749.80881,59460.38395,53875.03852,56387.15633,55898.05145,58462.37474,59282.42179,56475.64126,57003.23758,60840.50728,50957.33397,47704.23284,45282.37274
1.A.2.c,FI,1187.49224,1176.82375,1166.15525,1184.89544,1308.15084,1293.56368,1265.10209,1215.03023,1068.07699,1030.30317,1049.91443,1149.14653,1081.03042,1214.32469,1191.73176,1241.75416,855.47765,869.77249,933.22256,686.22118,754.72799,771.66251,640.11065,729.26107,723.4741,731.30091,749.38125,604.40932,663.27071,678.49071,649.82949,679.63926,657.86172,555.41003,646.22674
1.A.2.c,FR,13186.50695,16597.29853,14260.76443,13613.0894,15003.28262,16096.20015,16747.46469,16828.63753,14015.89187,14165.16264,14205.21966,16684.84088,15010.64626,15671.21916,14452.02285,15338.11712,14421.19876,14125.31164,14136.91655,13168.22723,13490.76343,12832.45811,12346.50368,11885.64385,10840.84931,10651.61543,9908.41121,9141.00707,9291.90122,8634.82961,8419.33879,8723.41099,7983.44435,7643.39174,6994.37745
1.A.2.c,HR,737.82566,723.14121,554.96134,642.69609,621.47194,669.53377,651.35916,642.02185,708.27369,551.10163,705.03563,621.18643,496.79309,563.76603,758.36573,580.60087,673.10701,627.97305,570.27865,502.84985,449.69685,417.73974,279.75984,253.19689,288.08636,294.34151,296.38408,332.42169,279.61787,292.00987,336.18382,234.27064,72.46009,115.09063,103.36141
1.A.2.c,HU,1626.30721,1628.65906,1330.25264,1211.93963,921.18709,1146.20317,1154.72707,1070.55949,773.13653,723.20906,530.7882,576.3563,381.85889,284.4674,188.44199,298.65569,253.16098,329.31659,347.77951,106.22069,216.44,179.81629,203.32012,344.79962,302.19073,368.91986,402.14518,439.35419,403.79496,394.19883,380.43763,398.32424,336.9355,377.70478,398.62342
1.A.2.c,IE,410.2399,355.37586,347.09481,358.49582,373.6557,358.91504,336.42885,343.74527,342.33944,390.05636,473.49594,490.98622,456.95971,441.13392,436.15641,473.10792,370.75547,328.01123,342.29925,340.22226,374.76818,362.27167,385.27163,353.60473,361.95935,367.10349,379.87597,371.86355,398.33401,401.08323,402.97048,406.77992,356.79005,346.95085,375.56441
1.A.2.c,IS,7.42958,5.60422,5.18539,4.75093,6.02931,7.23221,6.07749,6.33517,6.61199,7.72144,7.08573,6.69989,5.94804,6.16058,5.00535,,,,,,,,,,,,,,,,,,,,
1.A.2.c,IT,21428.81807,19401.87797,18127.24633,18820.22604,19085.18381,18659.26184,18355.82599,19241.11582,19093.33759,21484.42694,18103.77994,15231.5094,13933.99954,14761.4878,17560.81538,17241.25103,18106.14092,20166.05081,17879.58127,13696.88188,16394.65084,15575.93114,13260.57649,11352.8673,9549.98478,11131.7164,11126.48986,11332.54854,11581.94772,9088.06016,9136.77607,9813.13327,8476.04194,7990.91683,7057.55856
1.A.2.c,LI,,,,,,,,,,,,,,,,,,,,,,,,,,,,,,,,,,,
1.A.2.c,LT,396.93733,431.80745,187.10649,111.06437,108.6246,106.03069,110.40609,129.32247,137.66132,30.78119,10.04637,14.20829,16.97482,18.74747,100.65785,272.22091,289.57866,275.11581,279.90676,314.21157,304.45429,317.04421,364.25317,280.10342,310.60077,302.60065,253.61232,271.179,281.1488,310.25507,275.70173,280.4042,240.78917,209.12148,222.52404
1.A.2.c,LU,169.83373,186.15312,173.50718,180.8687,200.13413,193.58614,195.09338,185.03322,181.61387,174.03212,191.46821,198.73627,199.0442,212.33442,216.99089,216.7566,211.88593,187.83001,187.74596,141.49849,165.40093,217.45868,202.97038,211.40683,169.64204,138.11376,147.11939,131.47735,119.75586,116.60041,110.53844,122.0072,110.44855,88.14143,89.25853
1.A.2.c,LV,293.52255,179.61348,145.61834,267.92802,289.23674,412.40915,305.99746,265.01727,41.85512,29.697,27.09524,27.48175,27.99002,26.55356,22.49099,24.57509,26.6734,21.16001,36.88267,31.19098,34.33416,25.40433,29.15026,31.69855,27.43059,26.75013,29.6525,34.03691,38.38147,26.73068,23.87954,30.13726,23.89445,22.02433,23.21093
1.A.2.c,MT,,,,,,,,,,,,,,,,,,,,,,,,,,,,,9.18837,7.24081,7.72015,6.8825,5.77133,4.51803,4.30477
1.A.2.c,NL,11573.92793,10976.58802,10603.84735,9693.89968,8425.61162,8735.65071,8895.06957,8323.81523,7977.65522,7357.76561,7219.34997,6738.79534,6507.33525,6344.61949,6050.72977,6100.51051,5677.1804,5501.87421,5394.52661,4959.68693,5651.82207,5653.09273,5810.70013,6072.66369,5319.28896,5356.46049,6001.30134,6547.93749,6022.32399,6186.67209,7148.987,7153.86807,5964.27923,5810.13358,5792.42803
1.A.2.c,NO,255.34421,220.62419,194.35025,207.98694,280.68068,232.73471,265.20974,329.07373,282.51658,300.05537,304.01876,238.87151,228.7202,250.14667,224.04477,240.0338,305.66687,193.01011,171.40349,216.49361,174.22563,161.44063,145.4575,180.43741,200.57808,189.38971,178.33905,141.80107,179.14305,205.17904,160.43365,159.99415,171.34939,142.43538,139.4667
1.A.2.c,PL,4002.82583,4173.20698,3915.62786,5160.48902,4798.32065,11344.30579,11355.47742,10496.581,8826.27561,8187.62178,8026.51841,7468.88606,7100.807,5467.47552,5465.43217,4925.73494,5161.19149,5198.66393,6239.40104,6354.1611,6710.36535,6596.79444,6480.68103,6836.24348,6520.97228,5992.2043,5971.07303,6561.10532,6583.04238,6808.52119,6613.13331,6899.73623,5781.15843,5012.38572,4876.67377
1.A.2.c,PT,1412.19415,1418.47962,1425.24707,1216.38863,1308.88807,1526.8063,1404.84708,1532.93002,1612.40892,1692.32601,1669.34269,1538.26446,1500.30194,1452.7876,1664.24273,1555.23986,1536.65577,1640.50207,1565.90819,1116.17863,1299.64637,1224.72862,1013.81999,1089.2636,1029.10595,1060.46393,1068.0397,1134.11702,1155.89842,1330.19342,1227.80413,1338.43921,1120.91089,651.02182,503.57272
1.A.2.c,RO,17833.3908,10221.54087,1556.61551,1690.02,5965.59666,7829.77212,6748.57597,4542.73086,2767.8245,2433.71433,3628.61411,4901.30885,5323.25794,5670.87524,3938.73475,3723.20942,3189.50697,3392.55707,4045.37822,4984.22168,3042.6049,3266.46863,2795.20305,2434.33841,2330.25764,2066.27241,1611.37882,1833.23861,1952.98142,2163.80554,1720.60788,2436.60432,1543.30346,1271.47741,1299.36721
1.A.2.c,SE,682.52889,722.20213,669.92606,633.9412,757.44893,776.18368,843.71941,899.53805,923.01282,857.62283,935.26005,1090.2372,911.73913,937.21506,801.32499,717.38971,759.68554,747.72368,659.06237,607.775,667.43896,628.72767,607.58771,512.26121,462.69032,458.24444,625.92735,501.8281,553.50578,409.13818,418.5546,322.74332,101.66013,396.90841,368.99999
1.A.2.c,SI,210.85475,224.46962,169.29224,133.3777,84.78347,154.3416,111.03533,250.12764,237.54199,178.51996,169.70752,171.10741,172.33117,185.79643,201.93106,171.89101,170.57692,176.58333,169.4707,172.95896,120.02775,88.6637,78.46478,78.74549,75.6557,71.75389,72.79662,69.17547,64.96881,62.44688,65.80642,73.39407,73.64333,67.11465,49.59438
1.A.2.c,SK,2651.57824,2999.60753,3136.42595,3195.91716,3210.85253,3050.63757,2850.54325,2587.3772,2241.26563,1954.94638,1656.15293,1462.79714,757.637,760.9625,786.64662,871.79706,694.31517,770.61855,737.84551,629.87489,560.54011,592.74897,553.81301,570.94762,515.7111,483.12458,501.50786,514.0678,525.02741,472.53909,473.37578,475.96007,449.57101,398.43683,389.16772
1.A.2.c,TR,4875.33207,4444.31645,4912.36493,4798.6572,4232.82804,4948.17316,4867.90799,4932.77317,4073.20926,3580.89242,3750.88745,5058.81199,4548.52475,4382.34075,6838.40209,5333.92128,4480.5348,2055.73524,943.80873,2445.34844,2889.15546,3131.6499,4634.92441,3929.48339,3692.06679,6671.85549,6053.79116,5305.81751,7115.01136,6408.00956,6826.85969,8288.86327,7812.49497,7347.74567,8336.22307
1.A.2.d,AT,2208.07763,2669.63704,2159.25262,2016.43354,2545.67978,2300.87196,2392.23865,2818.09945,2631.48615,2342.16029,2379.0402,2248.83381,2255.88297,2430.80197,2287.90034,2292.6409,2194.71459,2185.60911,2190.95063,2195.05461,2311.7543,2264.05866,2022.86865,1898.56032,1741.35237,1828.69366,1773.96265,1775.84364,1882.97879,1970.34328,1799.92367,1836.84864,1540.0675,1205.83897,1064.97118
1.A.2.d,BE,643.91977,694.52532,735.64019,672.02444,715.86356,759.4106,726.58858,707.12579,751.15504,703.5651,737.11195,737.33846,762.12288,666.74551,613.18537,625.37377,657.52678,548.79437,519.27277,484.5132,637.04708,535.85558,537.32895,531.53268,580.17083,612.9939,608.94581,560.55577,511.30619,531.94693,561.16837,568.1409,564.39601,524.15778,512.1476
1.A.2.d,BG,15.55686,99.14886,61.99686,9.94547,8.95179,15.39221,18.73663,283.06113,278.60117,196.36733,192.06912,138.78542,364.19168,279.05977,219.34769,221.21718,163.4554,199.57708,166.13539,86.61143,102.68828,112.4782,107.78327,122.9744,113.30647,111.17166,117.01112,105.61706,106.7801,102.19427,94.62631,110.25007,88.12269,57.62621,46.90596
1.A.2.d,CH,675.66144,723.07034,800.12562,819.1454,859.57565,788.49379,739.67671,753.68245,739.40225,698.65991,612.6815,714.33582,643.88903,683.3151,669.30886,596.2132,623.26652,518.72337,516.88683,385.68733,404.35671,353.47645,315.61501,322.26211,269.07013,214.13259,176.24392,166.52864,122.39767,127.95969,121.09796,131.02011,115.57149,98.65188,111.71388
1.A.2.d,CY,4.82073,16.15596,15.37422,13.029,14.3319,12.63813,14.46219,9.1203,8.85972,8.85972,9.1203,7.03566,7.16595,8.07798,8.85972,5.15029,3.49484,4.96635,4.59847,3.12696,3.67878,6.25392,3.49611,2.99667,3.12696,3.12696,3.12696,2.72539,2.60167,3.06845,3.11463,3.48592,1.64862,1.97721,2.21474
1.A.2.d,CZ,2285.33285,2315.02629,2413.10544,2009.48303,1929.51321,1367.89269,1291.46587,1182.77356,678.27568,654.70866,720.04892,837.41091,733.6155,551.09379,320.67024,713.1149,658.35938,662.90782,644.22301,676.04226,627.0308,533.85778,523.0101,467.97495,421.64783,441.02918,403.78716,400.80358,408.58275,443.80829,472.71415,778.0511,664.78022,508.48758,364.27123
1.A.2.d,DE,3.64696,4.71201,7.88497,9.80771,12.51938,6.869,10.18895,7.66151,10.18879,13.12218,13.93686,14.79689,14.05343,15.52851,14.82149,15.98548,13.87478,16.80459,17.60792,8.33332,9.47144,14.67492,16.10188,7.79012,7.1995,4.09121,4.40161,3.85411,6.55284,4.3585,7.80305,10.78201,8.85927,10.49317,8.84634
1.A.2.d,DK,342.93889,339.82634,280.43931,225.53398,261.57468,229.30482,276.88435,270.48936,271.89908,272.33058,231.23795,235.10099,229.20052,231.31175,227.62437,230.51135,219.95528,185.59002,167.91671,149.16286,155.85455,146.47756,129.83958,122.79595,112.06289,99.34649,74.17551,80.82244,85.1334,60.56709,44.02985,49.26696,53.25529,51.65412,45.10625
1.A.2.d,EE,145.23578,132.88008,95.25001,99.28194,73.77496,27.21711,56.47853,97.18671,83.04982,25.12973,39.0125,34.165,34.76402,75.41867,45.34897,38.54175,44.75784,48.58773,47.59273,52.76807,69.72307,67.8173,61.06932,59.97629,48.83584,47.54352,54.00802,49.80853,61.65775,62.17129,63.01047,56.41554,42.19099,25.31631,29.1968
1.A.2.d,EL,306.0454,291.46714,284.277,268.61731,253.37547,213.17684,292.33804,343.72237,308.67962,317.61072,377.28176,347.13151,357.17186,367.53527,254.09579,231.01308,270.775,257.47464,241.54796,198.58168,179.80539,151.74551,118.98801,138.34345,133.23561,104.37059,79.65935,76.89376,91.27948,92.92503,84.32834,86.4498,83.9067,98.44627,104.52835
1.A.2.d,ES,2567.38309,2728.57632,2649.53884,2643.7554,3244.92575,3903.64232,3736.02396,3734.05897,4043.2219,4404.76353,4853.75269,4540.21675,5425.9553,5472.59596,5489.78146,5352.16604,5202.62477,5293.61127,5641.74084,5249.61609,4663.32388,5167.79534,5264.34437,4812.05778,3920.02174,3752.9288,3995.4923,4145.11774,4157.29008,4651.77468,3913.43426,4103.35568,3359.10247,2686.74835,2753.64352
1.A.2.d,EUA,30115.42034,32335.22869,30581.57024,29809.98943,32706.45697,33899.16494,33787.83725,34555.40626,32925.18275,31431.33092,31953.6522,30724.35551,31028.36178,31213.17023,30282.52721,30386.05089,29984.48489,29076.64459,27770.56919,26183.93991,26712.51894,25599.82787,24853.77781,24276.59486,22195.14965,22640.75991,22995.09698,23143.80791,22981.30292,23820.95861,21619.71255,22706.34514,20038.06649,15982.64817,15842.31402
1.A.2.d,FI,5329.60779,5152.9662,4976.3246,4942.04691,5147.0304,4772.81176,4550.01113,4456.64486,4112.6129,4013.76632,3856.68576,3732.44335,3484.91641,3614.67507,3721.04874,3390.9429,3867.90587,4076.92243,3624.34931,2994.75922,3436.1993,3136.76364,2804.50546,2791.45174,2704.82297,2680.02729,2642.88961,2480.24982,2550.04503,2458.27535,2185.1543,2206.20167,1873.80465,1302.3676,1090.12189
1.A.2.d,FR,4478.43349,5614.00986,5035.78824,4787.27276,5096.4646,5169.53805,5473.5609,5424.62777,5475.55676,5299.76618,5290.57653,5112.69063,4625.51495,4694.9175,4317.22632,4055.63663,4000.35824,3642.13407,3226.37556,2785.38398,2946.82953,2372.75531,2410.25446,2801.19495,2703.35989,2527.30518,2692.52904,2473.1987,2449.82447,2338.95199,2196.9474,2336.51621,2129.5465,1796.54561,1808.07328
1.A.2.d,HR,303.29635,200.56332,198.1563,200.20374,248.50629,183.65895,152.09292,161.66102,138.05658,146.95095,153.36902,173.18665,155.32094,161.98031,172.34861,174.39861,181.64078,171.5765,153.59333,148.27945,161.39318,148.20529,126.14351,113.36541,71.38351,70.0448,105.49552,96.60997,92.93855,110.62262,115.41294,121.37984,118.15809,113.9227,118.0589
1.A.2.d,HU,349.15121,206.71716,244.37651,195.49804,228.406,211.57889,214.06392,225.79848,228.8205,222.12299,194.82793,215.1852,257.6116,282.847,211.3685,200.8045,210.6591,221.7657,196.9295,147.0964,158.0859,159.2514,155.9911,192.7071,195.5071,145.0096,424.33725,478.08034,422.99534,469.20906,416.75115,371.95311,387.7034,369.83554,356.7155
1.A.2.d,IE,28.44011,35.66004,41.94992,49.48393,59.38886,65.95011,68.61789,77.50501,86.47348,91.58883,104.20433,102.58107,90.29911,82.78931,74.03733,43.77713,27.01806,10.6965,18.64898,27.97663,21.47981,28.30358,22.89768,17.65342,14.74443,19.81406,22.05153,29.40342,36.32976,18.52235,27.05386,19.67934,15.9812,12.4682,13.57014
1.A.2.d,IS,,,,,,,,,,,,,,,,,,,,,,,,,,,,,,,,,,,
1.A.2.d,IT,3107.50469,3588.89907,3680.29558,3649.80304,4033.69079,4184.63183,4298.50144,4465.48345,4625.7943,4159.98324,4253.0701,4348.90139,4426.02714,4519.07325,4811.27276,5456.60436,5242.18977,5376.87136,5219.96632,5288.76241,5148.37324,5134.56752,5161.93635,4851.32732,4809.62306,4872.4908,4789.19962,5026.82914,4916.00334,4974.85999,4664.7062,5010.88733,4535.39254,3949.97451,3794.35925
1.A.2.d,LI,,,,,,,,,,,,,,,,,,,,,,,,,,,,,,,,,,,
1.A.2.d,LT,255.34133,282.57721,177.89884,70.47414,86.42118,79.60016,79.04485,82.45763,76.86826,68.12648,73.74223,71.59292,51.92659,26.78556,21.89812,24.96816,21.81806,26.69614,33.42759,49.38872,64.7969,52.485,44.29568,43.3909,26.63152,21.72156,28.89946,33.25083,43.05233,38.77074,31.76055,30.14432,28.35088,23.69555,23.9724
1.A.2.d,LU,,,,,,,,,,,11.41099,13.32429,16.97815,20.3796,17.52917,17.54086,11.0124,7.06524,9.83108,7.77591,4.98,7.20478,9.38054,11.92219,5.77325,5.39042,5.2401,4.93736,1.27167,1.88374,0.40196,13.82422,8.34674,8.05251,8.72632
1.A.2.d,LV,168.47776,160.50276,147.42659,56.47728,10.79676,17.06924,11.79065,11.04998,7.83945,8.16153,5.62244,10.06675,10.01555,11.77261,11.72693,13.66698,15.50759,11.17199,11.16516,5.61837,5.60719,5.60594,3.76721,5.61338,5.54216,5.44083,5.12897,6.08788,6.13162,5.52954,4.63253,5.75449,4.035,5.38248,5.96875
1.A.2.d,MT,,,,,,,,,,,,,,,,,,,,,,,,,,,,,1.18975,1.32235,0.71256,0.73606,1.12407,1.11729,1.18869
1.A.2.d,NL,1668.4741,1741.1366,1710.18687,1689.21595,1668.76516,1386.66126,1503.35664,1539.8762,1521.63311,1536.00927,1556.49321,1468.07933,1519.41259,1455.79054,1459.78633,1686.69574,1612.66841,1388.17729,1200.16714,1089.15891,1190.47577,1105.8701,1098.474,1007.85818,1007.79573,1053.66623,1027.586,1047.93384,1008.27189,961.41009,881.33011,945.62266,845.36463,662.32416,694.46227
1.A.2.d,NO,316.73578,302.55896,241.19936,295.40686,653.9217,628.26114,805.7947,591.82689,588.24118,534.14467,353.49354,519.55262,483.31137,531.57832,531.7794,467.18755,527.79067,384.88594,353.54537,326.00743,401.89375,296.24761,201.01579,134.36086,108.01215,92.7102,105.2594,91.87064,102.89697,97.34974,73.03897,106.06364,118.53602,75.1998,61.97993
1.A.2.d,PL,284.40896,300.86813,267.06758,595.33258,524.60511,2361.52522,2284.28127,2503.50781,2028.48007,1882.35505,1720.94163,1711.07916,1593.87254,1618.80756,1626.92829,1551.53094,1424.33097,1299.35741,1166.98158,1235.1827,1393.29938,1475.66108,1448.94238,1581.96184,1591.90952,1585.81968,1525.86935,1484.88707,1304.28683,1474.00561,1335.13242,1435.76025,1359.19198,1194.91177,1182.07972
1.A.2.d,PT,753.74465,820.66185,898.69887,925.33008,1065.19103,883.40794,924.72422,875.68519,881.40256,881.7044,1051.65943,740.38381,703.17935,663.65676,657.87054,599.04829,644.94598,600.73323,661.25448,811.89628,997.65036,1091.72005,1038.70331,1005.38253,1012.72361,1097.62429,1051.77242,1181.14322,1255.96722,1404.36314,1274.62877,1118.34537,969.47716,814.69309,734.16839
1.A.2.d,RO,,,62.77998,21.6455,186.5648,577.47979,560.0872,479.69437,398.64203,383.99972,388.18465,366.26255,363.46336,409.64239,280.2326,286.28194,233.08124,288.55705,147.58467,106.91994,261.22502,61.65527,95.60491,96.72182,122.94486,155.38545,177.13295,230.17075,155.78829,212.75484,188.25078,314.63775,281.17808,158.69484,172.75126
1.A.2.d,SE,2155.77705,2320.6835,2072.68542,2571.12711,3312.50473,3265.92841,3071.96251,3399.16341,2919.77241,2417.69383,2544.25374,2469.3583,2442.31471,2499.52378,2382.48812,2105.7593,2069.46562,1619.05655,1509.88974,1345.22472,1377.51759,1086.7852,1000.51495,828.1186,34.66797,603.62069,669.7178,680.97686,764.00843,675.84637,584.36847,630.54818,587.88228,21.76082,551.63963
1.A.2.d,SI,380.51774,589.38711,595.26968,538.88276,614.38571,694.72729,699.73576,370.46158,464.17727,553.33084,505.29855,444.10816,474.71752,453.03132,500.91456,523.79926,471.01792,446.33904,430.20907,414.34582,388.02665,353.96374,342.13821,336.70405,327.06405,316.44097,310.79575,310.77352,313.47705,317.02382,277.83031,245.21618,242.66613,198.89893,215.91441
1.A.2.d,SK,2329.28717,2028.64054,1769.90581,1549.28378,1363.22508,1208.18033,1080.60018,1028.49036,893.63611,827.15346,690.6994,604.29655,628.66716,599.32847,534.21487,528.88053,521.32622,485.60112,518.60924,622.35997,396.20154,378.01523,305.39781,426.2188,479.69599,475.66208,401.88111,377.23316,345.55832,434.4492,390.48513,296.09155,243.5334,177.25659,138.71127
1.A.2.d,TR,,,,,,,,,,,,,,,,,,,,,,774.03076,740.33035,763.61031,884.51267,959.55799,1071.72625,938.75425,1012.56396,1028.79415,1286.75116,1305.76337,1386.14559,1060.45831,777.47119
1.A.2.e,AT,869.7703,932.98288,853.86131,885.60021,916.26514,931.36436,887.42698,1041.37009,942.52459,831.1343,882.35466,925.97936,1100.40452,944.34212,947.40425,959.73035,934.47139,886.90619,877.59301,908.19563,965.65606,962.18314,942.21451,826.96506,922.20769,979.6729,815.75714,803.04373,769.19963,759.48371,789.57019,806.40968,910.16416,798.92912,852.44589
1.A.2.e,BE,3023.47131,3316.91987,3174.89196,3392.84582,2754.67703,2850.23731,2571.3765,2242.08857,2486.05973,2180.37734,2136.31161,2209.48891,2471.71979,2318.17886,2350.00296,2201.46352,2029.01032,1981.25245,2064.01264,1887.15343,2237.22721,2065.67322,2091.00454,2191.37969,2257.35373,2199.88957,2206.6812,2284.07874,2419.02941,2478.28475,2298.51725,2401.68618,2407.54593,2421.40871,2542.92859
1.A.2.e,BG,453.58805,334.43709,329.99629,214.78908,161.25741,154.79729,130.70367,737.89016,693.72107,686.77175,668.07483,568.37697,558.43189,497.30244,499.71592,476.1211,506.00041,496.54487,433.72877,373.71708,354.30465,318.41374,289.78562,289.27921,256.39796,259.19293,239.90182,240.18637,238.41673,228.03321,222.87668,318.01169,302.87502,288.27861,285.57512
1.A.2.e,CH,710.12402,844.51335,796.30909,779.84455,622.48134,602.37698,758.65134,703.11861,692.95622,670.31322,692.06227,703.07619,662.50642,643.90859,640.58765,653.72498,723.22621,700.75305,684.0168,780.7188,815.6588,705.46285,704.07464,810.91298,752.78673,704.97569,669.5967,676.21294,650.1479,711.73546,708.07579,730.75066,610.27254,605.02373,611.23786
1.A.2.e,CY,72.57057,209.33381,202.49608,174.02677,189.76502,170.41339,192.84064,129.4423,126.72419,126.89496,131.08907,106.20802,107.39879,119.34298,127.11323,81.28839,61.8164,77.65378,72.32888,54.67075,59.47181,94.26853,52.62469,43.3268,43.3268,55.81099,49.64006,70.98347,65.51374,66.56301,61.93313,63.9649,66.83103,49.34008,52.59085
1.A.2.e,CZ,2988.17759,3548.51497,3148.53395,3004.67359,2524.58202,2229.73511,2409.5159,2105.25357,1917.57338,1556.38119,1747.47849,1761.19872,1701.35678,1853.411,1562.2074,1419.95987,1336.845,1195.99144,1003.53966,982.17511,1037.70936,966.88346,972.41587,959.83462,991.25341,1018.83401,1020.28377,1032.36858,984.50371,881.67961,995.77728,1182.6739,1063.81033,948.69516,898.33233
1.A.2.e,DE,2015.90944,1898.59034,2216.78836,2082.12992,1971.66134,1805.11261,1802.42483,1619.73183,1669.49021,1189.47705,1485.07751,1473.98216,369.40304,440.55093,635.88095,148.42753,70.11965,153.68915,266.73419,240.63397,179.57232,237.2474,273.32463,164.89656,202.07544,175.87673,168.24924,187.13325,198.79214,194.75554,160.84976,167.99118,204.91062,190.00084,208.97747
1.A.2.e,DK,1650.64404,1722.58648,1603.07817,1704.5715,1886.18483,1917.68657,1792.80151,1836.36474,1791.93873,1797.77471,1757.279,1812.24308,1714.36354,1616.1153,1633.99831,1567.66797,1598.80393,1345.46435,1252.17833,1193.48749,1435.46197,1263.63439,1159.90421,1089.58259,1108.16699,1062.21622,1057.73907,1058.86319,1084.79833,966.12008,897.18211,926.08312,772.76551,706.58505,601.64579
1.A.2.e,EE,695.49282,639.87247,358.35788,503.91829,401.83177,290.72103,402.89914,341.01057,274.75953,206.28059,170.11919,174.22839,170.69132,107.24013,133.06897,132.4462,114.43912,115.54657,101.77583,93.73884,106.42447,84.03683,75.54212,92.60184,85.02304,84.93575,92.37207,64.55078,66.49668,94.00251,98.05388,82.37952,61.82239,46.39471,72.90404
1.A.2.e,EL,916.84255,942.5137,951.79054,970.20885,929.84052,946.19802,1016.37167,983.51919,1069.94476,972.34881,1096.77134,1002.00063,1047.87456,1100.60893,882.97631,797.04963,854.18864,711.11666,657.43406,592.87642,502.90235,404.05527,510.77319,568.35192,645.79036,620.38589,630.33854,636.65891,607.51534,580.77592,555.00681,611.44623,624.54413,640.28857,644.35114
1.A.2.e,ES,2977.12233,3228.96959,3198.59279,3191.01809,3948.81324,5159.41291,3922.59471,4158.86332,4102.20584,5303.48055,5269.11892,5481.91244,6069.97347,6403.65211,6158.79034,5769.50426,3713.6308,3391.81446,3366.69114,3200.66153,3266.60078,2548.12197,3150.01305,3474.37978,2978.85278,4016.91619,4381.04118,4840.6492,4821.62209,4698.82046,4378.38385,4569.58931,3714.90625,3577.33682,3181.35022
1.A.2.e,EUA,45591.37478,49274.35774,47650.87786,49491.79845,51390.62024,54977.5004,55947.49455,53919.92552,51712.96306,51543.66021,49671.46846,50368.0748,50615.62029,49449.44505,46769.35743,45890.75213,41994.17275,40886.51235,39273.36045,35957.49199,37213.94768,35211.5873,34816.18106,34847.53664,34390.40397,34555.75243,35420.11159,35958.72551,36226.04597,35792.94289,34177.40955,35316.04192,33307.62546,31254.247,31247.91704
1.A.2.e,FI,827.68358,797.98531,768.28703,725.67689,717.94506,698.63003,657.94732,608.92973,567.5057,494.07998,325.27667,318.87957,316.83563,262.02055,242.97672,206.11284,198.4014,180.84849,151.35717,237.98053,235.42259,245.51817,212.76368,226.4677,228.90455,153.51843,167.65953,151.29443,128.08956,145.95553,125.03571,101.91727,97.26142,94.24224,85.98007
1.A.2.e,FR,8668.05174,10638.49471,9802.78235,10197.95008,10250.97283,10893.31874,10823.87523,10594.67425,10617.55449,11208.08789,10472.431,10832.41656,10685.36457,10315.8566,9709.52089,10327.42925,10570.92612,10641.67588,9773.93786,8951.96375,10120.45058,9453.59055,8821.60995,9064.91213,9008.70593,8494.99059,8985.92679,8373.88292,8442.18872,8407.01113,7697.19452,7900.27503,7331.10703,6338.94451,6503.50669
1.A.2.e,HR,729.4127,546.20879,438.98187,440.85442,464.19507,578.3558,570.99538,612.91013,610.9979,581.16472,431.29588,505.56053,561.07193,520.44932,527.43713,592.60852,591.32753,548.10365,641.79236,492.06296,514.07608,495.81535,429.75629,388.01153,399.57783,350.7136,376.64739,358.38359,334.07784,335.67739,294.71319,242.02536,314.54983,303.59133,288.03714
1.A.2.e,HU,2279.35169,2217.0572,1726.59428,1550.93747,1434.44649,1430.59861,1542.81801,1269.36327,1259.17503,1057.03696,857.9698,1114.98523,1189.03447,979.59642,993.76122,804.14,789.4539,672.3105,715.8919,610.9421,634.7234,630.7173,563.4577,699.10402,728.8006,750.7349,717.7043,757.7089,860.3941,798.4651,841.3298,876.9795,804.8859,795.3539,830.96416
1.A.2.e,IE,1017.55238,1125.84964,1037.7805,1102.16032,1163.8578,1180.20112,1145.68743,1262.05727,1284.28786,1322.73856,1569.23746,1574.75054,1328.34509,1177.54136,993.91446,1093.6522,948.968,848.97943,859.80307,874.04425,845.09492,773.90876,875.45806,909.09733,877.2608,937.13673,965.51925,1034.36825,1064.90879,1042.1284,1107.43707,1122.69927,1109.51413,1062.44871,1137.55945
1.A.2.e,IS,128.24079,67.84456,143.96262,161.33791,146.92571,151.71415,200.55132,208.08146,157.4684,159.40628,113.68481,145.86612,165.87943,124.85575,95.97821,67.02253,62.58103,66.48157,81.05933,71.64702,54.77857,57.09369,66.34823,50.11857,19.72051,43.86694,43.44425,20.22837,25.9409,15.15594,15.64035,22.23995,77.89477,42.17607,62.19671
1.A.2.e,IT,3890.6402,4777.51063,5101.38311,4538.88882,4866.22828,5095.41163,5112.60607,5119.57735,5581.33555,6919.40096,6282.37288,6413.665,6847.45003,6865.27466,6045.59014,6016.51988,5608.54267,5151.08957,5548.42107,4865.97841,4131.96942,3920.86858,3690.03531,3662.95739,3518.64609,3444.1174,3350.26115,3704.98424,3517.11103,3454.5031,3472.04402,3650.51886,3377.48793,3305.10059,3188.69119
1.A.2.e,LI,33.82648,32.97901,33.30069,35.0664,33.26488,33.40927,33.42497,34.97735,37.3098,36.60734,33.35198,33.75999,35.00279,37.61616,36.655,35.51184,36.74518,30.43126,32.65837,23.80986,22.49028,19.5245,21.02424,21.70468,22.43822,22.8952,21.25715,22.77182,20.20351,19.98299,18.62888,18.94982,16.90378,16.13865,15.19248
1.A.2.e,LT,676.38654,740.97446,490.29576,219.54661,277.52002,253.42367,255.29235,271.16099,352.21174,302.75945,306.97766,270.03486,298.20792,297.11114,272.25757,263.91824,270.11252,292.83115,266.66488,245.73148,268.01264,288.31757,297.50191,280.20637,248.10433,239.01153,246.19692,246.85581,253.20878,233.4753,242.1105,235.55558,209.74068,264.79817,270.91964
1.A.2.e,LU,5.44075,7.26473,7.04213,6.42849,8.73347,9.71199,9.80375,8.74036,11.55754,10.14976,20.77941,23.21841,25.75878,15.45565,14.15442,15.08955,13.08929,12.78955,13.93556,14.67634,12.38769,17.83744,15.14398,15.39049,20.91243,17.64233,19.45859,16.88041,11.94456,12.5385,12.38783,14.54477,12.73283,12.48985,10.05911
1.A.2.e,LV,840.2068,549.99379,505.40703,527.90552,494.32567,519.71948,591.29471,533.0879,516.70718,443.20711,345.02102,257.99755,266.6153,228.12083,236.6113,240.67476,246.7938,199.14204,160.95783,142.05727,143.42064,131.4546,132.74754,123.83858,113.76008,103.23139,100.50702,90.7354,91.22263,88.75427,87.87252,93.37655,68.23793,89.34674,87.02168
1.A.2.e,MT,,,,,,,,,,,,,,,,,,,,,,,,,,,,,13.62017,11.52687,11.58431,11.58683,10.60353,8.39661,8.73797
1.A.2.e,NL,4008.93757,3972.50395,4279.27826,4428.79209,4326.2362,4049.76469,4316.62038,4160.12013,4240.63798,4502.36743,4300.62908,4106.40545,4243.998,4080.18883,4013.26347,3881.8934,3704.36535,3792.47368,3594.89774,3169.45382,3326.64864,3544.04992,3387.51131,3273.58932,3476.43374,3371.42126,3401.65975,3458.57154,3464.08191,3544.5095,3465.21174,3540.91159,3312.49355,3170.62776,3123.18367
1.A.2.e,NO,490.46918,450.19033,493.95878,495.87528,565.23108,480.26834,554.20787,487.33574,574.29371,507.95931,418.66032,397.35271,413.90415,465.04213,385.91866,320.3204,357.60174,344.78659,353.36382,304.54449,348.97867,316.39535,302.43012,295.81616,291.44884,321.24609,315.9398,367.4326,308.60791,300.80047,297.89753,318.14363,327.91208,376.89009,276.05501
1.A.2.e,PL,3715.41113,4021.93981,3688.06233,6201.68276,6203.5642,8000.9279,10248.96657,9021.38402,7692.17735,5856.83491,5667.21519,5377.57705,5662.1559,5522.44252,5264.58235,5194.48956,4679.4743,4756.9075,4312.15984,4084.74803,4078.08724,4034.98005,4189.17304,4025.39138,4000.97124,3798.38569,3973.9278,4154.10369,4525.53975,4436.80321,4177.42165,4149.0493,4264.0649,4233.15158,4341.83517
1.A.2.e,PT,830.41547,903.79955,918.84403,880.61516,894.05469,936.83,957.18577,1109.75714,1143.21974,1139.96552,1041.89718,1118.67541,1165.44474,1172.21858,978.09244,895.87254,972.07712,1045.73363,954.7192,924.62901,962.96674,937.8318,869.27533,824.72596,786.83648,799.28053,780.23091,777.92805,733.01293,742.27991,736.39078,722.31747,647.58143,623.75678,620.16329
1.A.2.e,RO,131.67799,18.50781,862.05727,577.9414,2692.32629,2977.21312,2755.06875,2263.07993,963.83108,1111.15722,1145.12393,1517.20665,1218.95927,1054.96908,1127.89219,1594.25183,942.76354,1351.6383,1247.15804,920.5001,902.72892,905.97123,947.55336,810.25749,850.50999,833.88921,891.59021,887.94577,782.93912,873.8972,843.84239,855.76024,967.85279,783.80497,782.28333
1.A.2.e,SE,945.23474,923.73851,839.50077,893.17787,917.02459,935.62155,939.90142,978.66156,945.92244,918.71354,809.33221,694.59152,759.93853,832.58281,760.23512,599.62001,617.12878,543.93394,474.36722,476.61458,474.9976,474.75015,482.66763,445.5281,207.37757,368.35417,372.05059,312.95575,313.98164,272.54354,170.51483,251.09243,232.94808,101.58905,213.53607
1.A.2.e,SI,221.02457,217.24636,192.24148,196.33901,179.48298,202.24899,177.54212,215.22037,212.50564,216.77897,183.01382,166.95844,183.77648,228.99318,179.05616,174.63099,204.60766,132.72114,126.16992,115.06645,111.63261,99.42691,88.06734,87.86222,106.85289,90.58557,89.00173,89.53099,111.10384,99.23279,92.15893,95.88179,106.3642,91.92137,93.15895
1.A.2.e,SK,1140.35793,1040.56128,953.95232,879.11943,814.82828,759.8445,712.93373,695.66677,638.39383,608.29599,569.22066,559.53337,551.04596,495.87871,478.8532,436.18972,416.81509,359.35399,335.11029,303.73267,305.99697,312.03098,295.85618,309.59854,326.30122,329.00793,319.76556,324.07957,322.73279,345.12235,342.0088,321.31437,310.02395,307.4252,321.17806
1.A.2.e,TR,2892.42461,2893.83848,2326.55378,2127.19448,1564.05267,1676.05887,2223.01396,2176.25349,2625.7707,2013.65185,2130.33823,3960.01189,3891.55699,2684.7713,2329.56965,2108.15935,2000.52923,1377.07439,1365.08121,456.45275,877.24856,3364.25952,3514.51077,3590.64388,3309.7908,4341.7322,4943.02738,4902.01886,5755.96452,5353.51442,6037.33364,6646.75947,6558.56962,6183.8718,6794.9749
1.A.2.f,AT,1669.12687,1667.61516,1672.99239,1620.55627,1693.15692,1520.38475,1550.69776,1698.3113,1600.38331,1472.12129,1539.93967,1507.62359,1659.27233,1686.94099,1829.68994,1656.31101,1771.76597,1895.28456,1845.45399,1553.7023,1527.92894,1545.99891,1529.58346,1551.66882,1613.03127,1605.45348,1630.50173,1636.38403,1694.23948,1663.77916,1654.30233,1681.73521,1578.69649,1378.00641,1319.55956
1.A.2.f,BE,5525.48855,5481.50103,5209.37622,5067.00262,5301.3015,5435.65822,5368.88178,5502.82463,5360.5726,5129.6003,5294.43811,4986.71994,5049.6376,4858.00327,4919.15032,5145.51185,5240.50156,5151.66157,4861.79188,3848.03037,4094.59718,4125.62896,3869.32215,3675.65369,3677.1437,3506.8644,3480.23259,3346.7241,3490.80038,3448.22344,3071.31863,3238.79886,2944.87685,2670.41286,2503.17233
1.A.2.f,BG,2645.80489,1793.9355,1592.26599,1528.49846,1807.2732,2050.573,1904.02728,1924.11383,1516.79185,1277.2249,1397.0755,1515.98543,1703.80299,1766.59059,1880.3434,1916.64671,2055.72134,2409.60047,2079.1488,1426.8381,1712.41111,1304.58907,1246.2541,1244.77653,1254.44894,1228.78587,1232.14295,1194.10797,1145.57287,1030.12041,1006.56703,1068.86942,1049.98433,940.69829,888.72862
1.A.2.f,CH,2127.96833,1901.64213,1718.00217,1564.69073,1646.92731,1549.95501,1323.45583,1272.2372,1250.55426,1241.02342,1375.24763,1326.24107,1218.51071,1171.93297,1255.86014,1273.0105,1276.06126,1318.25784,1304.34668,1243.15032,1300.42977,1251.58787,1159.42926,1171.49448,1201.28159,1096.91805,1093.49966,1091.83077,1083.43378,1050.74636,1026.70006,1038.53175,1056.13588,942.11003,880.46178
1.A.2.f,CY,379.82648,594.13837,399.73222,477.36782,470.35008,480.03041,547.15629,531.81991,542.11705,562.94032,574.81779,551.49669,566.80653,568.56616,610.70549,714.63974,699.38369,678.17282,689.34165,605.72135,522.63638,393.205,333.02001,441.22591,557.93645,480.08441,477.36443,470.65027,410.42081,402.5458,419.83484,408.7125,392.99806,404.23418,389.75291
1.A.2.f,CZ,4527.11577,4329.25458,4496.71485,4381.15782,4138.68003,3981.82331,3771.51233,3790.23596,3804.23443,2897.37794,3182.55516,3038.73587,2790.18234,2908.87644,2946.30549,2853.70832,2845.17472,3154.21803,3188.10943,2389.23038,2736.50006,2619.01798,2481.44724,2281.49813,2389.31268,2467.07148,2649.28072,2735.72547,2747.82488,2729.89931,2630.39626,2760.29531,2434.68913,2190.20836,2056.37933
1.A.2.f,DE,18507.3763,15988.05577,16917.26711,16706.10289,18095.62872,18595.35248,17865.64674,18134.09184,17601.10946,17328.10938,16858.74384,14695.39459,14023.00621,13975.2595,14234.70559,12885.49155,13648.35574,14561.48013,14129.00433,12598.43499,13052.10406,13740.94581,13100.03831,12533.53724,13106.35312,12948.17696,12926.61939,13235.02452,13008.93195,12850.80613,12560.38563,13167.58263,12482.28656,10582.36962,9581.87661
1.A.2.f,DK,1346.52462,1637.82427,1658.0162,1603.17336,1736.08845,1818.31306,1939.37098,1981.89429,1924.04013,1888.80195,1790.11476,1763.39543,1696.03144,1735.94691,1859.56565,1786.08989,1906.43937,1997.73752,1535.14167,1118.38008,1145.64725,1281.30974,1259.55206,1215.42757,1237.72525,1267.39094,1447.43784,1560.18026,1530.81246,1496.15604,1535.56179,1490.93688,1337.29685,968.59305,789.3368
1.A.2.f,EE,1052.61729,1043.71909,657.9435,512.40997,496.23813,513.08093,464.87915,421.12634,437.73446,303.31105,386.93536,547.3418,317.4766,290.06384,362.63572,415.34788,411.72377,708.8494,731.27812,401.78718,378.12379,504.68626,471.85302,433.37956,453.93817,224.54752,203.81264,260.65231,281.15987,279.70278,65.07641,38.70466,38.77251,60.92803,55.00787
1.A.2.f,EL,6278.26405,6386.99515,6165.53611,5903.00682,5906.07608,6689.92343,6939.3486,7048.49059,6798.48589,6079.92236,6502.24683,6791.51364,6190.91393,5668.10221,5358.67518,7323.0212,7480.05816,7348.19052,6738.69317,5140.24535,4484.41018,2938.24638,3427.75382,3234.53904,3490.40891,3345.87412,3806.94951,3874.51976,3459.36685,2989.22804,2718.64089,2646.64518,2789.32362,2468.47874,2337.25743
1.A.2.f,ES,16556.38061,17714.85284,17894.63405,16317.41137,17074.94155,19243.32016,20903.14305,19196.17484,20185.17603,21393.85547,21492.6757,22456.88039,22350.1302,23879.94774,22560.85212,24180.84996,23375.02112,23142.22871,20036.77916,16186.6198,16063.13044,15841.99203,12957.43627,11314.87984,10878.84095,11140.43981,11762.41943,12159.76378,12652.35379,12287.41979,11083.99697,11925.25776,10629.12522,10129.00877,9881.65538
1.A.2.f,EUA,127272.60659,124118.38568,119898.05811,113765.38109,117232.15603,120024.15884,121800.80036,119974.14102,118256.95765,118528.53199,119817.6534,119559.79351,117004.85624,120049.01385,119666.30715,123587.04583,122448.44336,125121.37937,118528.99457,96946.58765,98148.8635,96194.01551,91218.63357,82083.75574,83029.15701,83439.45517,84168.44872,83982.86877,85739.89874,83665.04654,78952.77087,82721.69027,78177.29629,69751.61187,67031.10264
1.A.2.f,FI,1368.11436,1170.28441,972.45447,844.36217,760.6852,803.16783,821.98473,798.4654,790.89474,862.34274,887.15439,894.89153,911.36072,897.73646,967.49924,950.07932,996.57318,989.28253,968.25804,635.8852,720.0665,751.92069,646.47304,631.14072,591.41937,588.01431,641.61904,672.2221,595.25341,577.91999,568.00972,584.25796,569.54887,419.52096,387.23534
1.A.2.f,FR,15062.60286,18167.16507,14526.89382,13217.33152,14372.71898,13864.00716,13950.52221,13151.02671,12961.31426,13894.13382,13278.03044,14408.09595,12925.14178,12821.46459,12751.32747,12762.15342,13822.21353,13814.76227,13175.45848,11884.77484,12283.73612,11807.52739,11113.17264,10694.87682,10107.43637,9415.29554,10004.70172,9292.11286,9455.31221,9677.3932,8775.24466,9720.81353,8774.18927,7836.88567,7158.02736
1.A.2.f,HR,1923.91826,1406.72386,1340.49122,1197.10296,1267.97946,1074.68161,1143.53275,1221.31427,1223.01866,1288.64305,1413.79158,1548.40479,1523.14962,1485.05352,1672.11119,1846.85171,1812.23401,1863.74428,1803.23965,1472.98321,1399.2584,1246.83776,1166.84051,1223.85895,1192.66924,1146.98112,1116.54677,1295.17651,1308.89067,1279.73029,1257.39711,1362.33798,1313.41565,1356.72466,1216.35054
1.A.2.f,HU,2470.58991,1911.73917,1541.2781,1601.62157,1685.3165,1549.43242,1486.50117,1553.47627,1791.11974,1566.43178,1401.28655,1500.83885,1561.62353,1584.07165,1624.46899,1661.54797,1545.07658,1623.30063,1608.62625,1074.89495,994.53812,899.98363,806.79872,839.93431,924.21856,1032.80103,1121.54785,1155.15053,1226.4283,1268.23379,992.23404,1054.14772,915.91818,603.76798,551.03724
1.A.2.f,IE,819.02678,859.03271,568.02586,629.62339,460.94564,508.87374,564.8687,557.08954,512.63444,499.39887,711.81889,654.67093,914.91518,1367.04578,1747.71677,1778.59394,1648.96945,1684.0037,1534.24625,940.71643,740.81193,684.82698,749.41412,803.05429,990.19266,1058.09412,1084.88441,1085.36572,1171.70092,1145.04271,1048.71464,1204.20777,1112.79653,1066.89721,905.51881
1.A.2.f,IS,47.41541,43.01864,32.41278,36.01987,37.11829,36.26022,32.9687,40.25271,49.64464,50.47468,50.70948,55.41592,43.75475,30.60251,50.27032,55.89826,60.07026,61.02715,53.28049,25.40189,9.14845,19.92321,0.20718,0.27585,0.24038,0.33659,0.32639,0.38795,0.37759,0.41124,0.40749,0.40594,0.4056,0.43842,0.51779
1.A.2.f,IT,21045.37586,19711.08787,19630.08286,17778.75411,17409.24764,17460.61503,17237.50005,17915.91814,18428.13066,20782.88582,21407.12985,21842.19132,22622.29712,25405.52351,23687.85889,25270.58297,22528.71091,22612.0078,23700.61268,18220.77211,18099.37308,17756.96556,17915.28006,13307.91943,12398.9636,14006.8236,12855.08105,11598.10449,11898.56711,10915.38886,10347.69081,11016.7724,11388.71762,10304.32876,10387.32999
1.A.2.f,LI,,,,,,,,,,,,,,,,,,,,,,,,,,,,,,,,,,,
1.A.2.f,LT,3209.89199,2909.48742,1034.27751,964.67373,956.06803,760.03096,680.31687,664.85158,557.69667,441.70794,397.49528,400.69162,399.37792,429.91007,454.48304,521.60966,693.36736,702.25417,571.48248,376.68503,411.549,494.2324,560.85511,624.63588,526.82075,439.8321,408.41246,402.60375,441.1035,488.51205,413.84325,483.88135,488.86125,372.92724,382.97463
1.A.2.f,LU,536.57887,474.08457,512.8635,461.99702,561.76721,487.64007,516.28898,473.74885,439.44782,478.57626,520.56214,537.51019,443.60504,383.48891,435.52559,449.56844,487.25256,435.91315,421.25873,425.15995,409.63642,411.14155,400.24391,355.23551,383.18714,376.65239,401.72375,398.57784,400.9301,414.40477,356.60281,336.95902,259.98004,159.29189,170.15616
1.A.2.f,LV,598.82177,347.58327,341.53779,195.3163,280.15342,273.22225,272.27336,226.51874,204.78046,213.03606,169.24399,166.84871,223.59787,261.39692,249.97698,267.17412,292.98963,313.90964,303.14949,195.24484,316.30565,321.42618,326.05635,291.16299,302.43937,264.60759,216.82858,260.2999,325.99567,304.55368,292.13288,263.9024,245.04811,254.67029,218.50945
1.A.2.f,MT,,,,,,,,,,,,,,,,,,,,,,,,,,,,,15.37389,16.53435,16.80808,17.93735,20.33157,10.28734,11.24943
1.A.2.f,NL,2297.52886,2357.0319,2375.11443,2256.617,2216.78059,1930.53925,1949.68387,1924.53269,1844.29226,1883.1303,1907.3788,1850.78675,1574.81784,1551.83655,1574.73297,1554.98934,1542.28143,1638.32128,1604.22681,1429.69071,1487.65631,1320.94653,1215.38482,1098.97236,1122.43465,1321.5385,1370.82254,1370.64203,1408.15226,1277.96273,1195.26162,1205.28901,1150.37405,1010.02543,911.13845
1.A.2.f,NO,754.85232,660.24422,757.27373,933.83341,958.87356,946.19515,976.76775,1029.96138,942.72434,820.95885,813.06087,749.62569,746.01772,783.72651,718.40436,686.22671,735.79778,772.13438,752.70706,698.7141,731.079,748.97984,712.34921,730.22862,669.07569,655.9709,679.03962,755.80801,754.91261,721.31354,650.09331,670.28386,668.24586,569.09358,547.46697
1.A.2.f,PL,10339.7294,9822.33751,9456.94919,10209.25385,10881.95912,10739.9433,11388.79646,10736.78249,9708.66661,8592.11637,7842.45478,6778.49151,6242.80848,6633.3002,6968.98076,7093.16217,7245.99095,8528.515,7641.76364,7201.13808,7780.11931,8567.41085,7645.18694,7215.42728,7560.04981,7334.53709,8147.60774,8725.02099,9374.7954,9573.25285,8977.13219,9200.61377,8796.1443,7859.25738,8006.77966
1.A.2.f,PT,3289.06746,3546.37878,3447.47397,3504.6326,3640.48383,3871.92264,3884.98766,4207.34412,4107.42544,4201.69177,4210.73267,4130.38891,4416.71019,4072.48412,4382.38501,4436.05066,4258.24511,4326.36835,4023.18454,3359.95852,3454.56254,3017.53523,2762.53027,2828.26573,3002.22053,2983.2816,2592.06283,2727.31546,2591.08565,2574.99477,2585.76112,2487.75985,2468.26156,2352.13616,2472.20774
1.A.2.f,RO,284.96316,78.27587,3567.53347,3068.74115,2514.66964,2756.58194,2793.31352,2548.49576,2208.2934,2036.24637,2831.97749,3195.15805,3434.78488,2143.45961,2972.57478,2509.11902,2119.69415,1847.67498,1907.88296,1570.48903,1236.75713,1499.18024,2279.80064,1932.36977,2096.56232,2333.65314,2437.41698,2436.73337,2777.59233,2682.4126,3118.66172,3217.89451,2872.52207,2528.50403,2618.05037
1.A.2.f,SE,1832.23825,1532.87097,1212.31503,1311.47563,1239.61756,1522.03617,1541.62533,1479.73922,1610.76453,1507.06028,1767.59334,1807.2975,1641.84818,1475.25124,1564.11683,1625.70511,1735.6017,1594.13266,1453.96754,1251.92786,1450.15579,1483.15264,1428.33088,659.10195,1368.03424,1285.70352,390.85554,332.74713,362.89933,375.64364,417.04564,256.46199,372.16956,311.99548,310.45422
1.A.2.f,SI,297.24074,274.65286,202.25326,230.46459,342.88552,265.40006,575.02791,603.31611,520.45764,526.79578,559.03768,546.36999,495.20079,499.57015,556.26149,600.78525,669.16276,691.63805,698.42175,484.26515,475.233,423.32581,386.50594,418.91306,437.11243,402.32153,412.39225,446.12764,468.82624,469.18936,435.91236,457.01985,440.61442,408.7517,393.02694
1.A.2.f,SK,3408.39263,2911.75767,2504.035,2176.7261,1921.14304,1827.60465,1738.91283,1682.43764,1577.3751,1421.06979,1492.42282,1442.06954,1326.35696,1699.12293,1493.65825,1381.45463,1615.9346,1408.12714,1278.47307,1153.01184,1171.61478,1211.98193,1139.49917,1232.30037,1366.25651,1234.62902,1349.18398,1310.93597,1495.50841,1445.99601,1408.23743,1423.8954,1310.35363,1102.70137,1128.32947
1.A.2.f,TR,8215.76489,9348.07011,8154.90092,8126.90887,9463.45916,8749.57193,10301.35815,9451.547,8353.78464,10707.91175,9203.6559,8803.65484,8869.53481,10104.5701,13152.47458,14810.4948,14823.82017,13418.76221,18496.74349,16430.19669,21249.29801,25224.43304,27811.02522,26245.45632,28126.19358,29812.928,31483.29116,32431.91218,29784.29877,25577.15654,29602.4487,33203.95161,31769.47872,29748.35457,31421.58767
1.A.2.g,AT,1974.35057,2142.5661,2188.28027,2318.70402,2365.75664,2662.26246,2935.64087,2927.89483,2733.27181,2151.29983,2288.65829,2223.25446,2025.18926,2262.18631,2437.33765,2893.1047,3084.87794,2993.94671,3111.79886,3108.68904,3222.12651,3132.40394,3224.86063,3144.29346,2792.79777,2620.20582,2814.2817,2901.18004,2916.86086,2938.45946,2851.45689,3149.38715,3105.44671,2858.69626,2778.11921
1.A.2.g,BE,2882.90027,3088.68121,2940.29862,2847.85036,2919.30944,2750.77139,3057.06093,3145.79744,3163.46869,3357.68903,3347.75041,3435.3834,3019.55162,2973.21457,2789.21543,2620.72336,2589.49322,2489.69614,2538.92854,2259.93015,2442.50405,2522.07845,2501.2666,2632.23393,1881.35392,1895.16006,1866.70979,1915.12973,1968.0923,1908.62801,1888.89289,2014.3237,1763.65974,1713.03697,1761.87078
1.A.2.g,BG,10579.08652,11550.2236,9935.80134,8920.21486,8455.46943,8571.81654,8952.82722,2843.05866,3099.6581,2409.64478,1974.33201,1758.06772,1806.11158,2503.30011,1962.66208,1949.59336,2047.2324,2206.27384,997.94217,563.84757,444.55615,469.0988,461.40097,448.46091,441.78617,613.93751,624.91778,706.3973,867.74307,904.13694,953.86277,1149.9409,1076.86396,1057.64684,1181.61973
1.A.2.g,CH,1723.65899,1960.45474,1833.94085,1822.00307,1838.70185,2106.11636,1992.11913,2079.08479,2320.87613,2272.90445,2146.27236,2306.08676,2200.25535,2206.64442,2262.6829,2254.2264,2287.65302,2193.8386,2313.95202,2271.31173,2265.24992,2036.02922,2042.66993,1992.65878,1768.99336,1829.90209,1823.22052,1805.98116,1744.61539,1712.55208,1599.03972,1664.11338,1518.7481,1400.04822,1374.43173
1.A.2.g,CY,38.00831,100.18436,86.71883,81.23999,84.26923,82.73371,91.55856,74.66626,69.83245,73.73448,72.9766,67.96685,64.01274,74.87016,101.42753,88.66265,89.13867,124.71769,103.7874,91.64744,73.59931,75.45566,60.30234,50.62476,69.22937,44.39922,50.69958,57.40758,51.92755,66.43626,57.44829,67.35505,83.92471,88.29164,93.66379
1.A.2.g,CZ,19063.89364,14423.3392,18278.16253,16675.47404,10832.52734,7851.89327,7565.58505,7418.65303,6420.81826,4893.50686,7024.24021,5114.05586,5276.60024,4892.35033,3770.32593,2827.83067,3015.14323,2784.84548,2700.08372,2558.85982,2823.50462,2484.29041,2508.72076,2265.169,2265.29701,2406.46096,2133.90288,2090.0673,1981.8433,1927.84797,2005.75966,2579.19564,2037.25885,1962.27881,1905.29671
1.A.2.g,DE,125780.37204,108384.41857,97360.55884,90007.91138,86201.03551,86468.59549,82678.07759,84288.44063,77091.38424,76906.65714,73370.19797,72489.03119,72124.19453,71455.51585,68205.56101,67748.59736,69874.39514,70271.50353,71905.68719,65785.19582,71170.05043,69568.00965,68289.10535,68192.33619,67314.48355,68665.90074,73360.00432,75116.21582,70937.92899,69364.461,71850.77008,71425.50905,64709.78332,57579.17276,57857.27659
1.A.2.g,DK,1855.26726,1894.49423,1859.8448,1789.14869,1527.22404,1571.06914,1601.86585,1548.97671,1554.96582,1617.57605,1566.30995,1618.3028,1519.21497,1535.57422,1531.09752,1431.51544,1443.04588,1420.07956,1434.15251,1168.39372,1348.48893,1211.29204,1087.46648,1008.81223,938.21122,933.29092,928.76458,912.97095,949.96901,913.17671,898.44313,951.86769,927.37264,929.42368,927.25028
1.A.2.g,EE,1162.68753,1215.16355,463.64023,411.73228,269.53995,295.21531,303.74711,228.51926,206.00412,160.55595,180.58566,215.8458,209.15219,332.31754,293.12663,284.54208,286.642,282.54154,198.31946,161.38208,173.47371,206.24909,234.22399,212.09903,195.41204,189.16838,225.06835,170.9535,175.44298,174.3515,170.04933,112.27885,107.96528,85.89686,92.80672
1.A.2.g,EL,,,,,,,,,,,,,,,,,,,,,,,,,,,,,,,,,,,
1.A.2.g,ES,7727.60226,8180.49485,7699.08612,8497.88603,8408.51369,9623.86976,7891.48586,9214.20232,9642.48889,10281.57739,11235.0981,12256.69984,12360.52287,13540.97293,14325.63489,16035.64809,11621.39073,13811.91454,12923.39351,11850.24598,12050.3663,9176.47705,9067.52176,8239.7125,7127.83386,6228.1113,7013.15244,7135.58465,7777.23901,8086.64102,7178.14221,7292.12223,5540.9869,4811.35094,4460.10592
1.A.2.g,EUA,254211.61475,224913.19123,219826.20925,213684.10995,192010.68973,189328.05399,190979.10262,182253.82491,178275.23903,173257.90228,164533.15623,163288.31264,162436.08513,162957.73694,156373.06539,151568.11887,148215.95474,149994.20045,146961.50787,127396.10696,133471.74404,129709.98394,126184.69633,126128.80488,120551.95465,122657.23759,126184.46798,130001.94186,127428.83318,124988.80383,124877.08618,133797.66596,122862.50562,112939.49494,112242.58262
1.A.2.g,FI,1638.93874,1608.35267,1561.80147,1561.51028,1635.38235,1648.67038,1654.0373,1690.16348,1713.57977,1700.94803,1735.09617,1724.47977,1699.23547,1662.54809,1636.73205,1615.3266,1626.39722,1635.86923,1690.57148,1628.30464,1603.58213,1497.12966,1585.14463,1580.85084,1566.11553,1485.82736,1395.41831,1530.53404,1596.29519,1570.61968,1635.77082,1656.86876,1594.55028,1649.38491,1639.65368
1.A.2.g,FR,11557.51047,13052.05431,11932.02657,12876.94446,11063.2913,12364.19581,12997.59116,11873.31872,13357.41574,12932.32431,11853.52458,13587.92391,13729.52414,13564.98669,12859.49037,12489.07217,11693.04562,10680.56314,10337.92686,8396.75674,8650.26648,9129.05928,9027.5595,9473.47452,8872.90037,8753.47783,8740.30651,9174.95301,8770.44256,9106.05348,8821.92295,9475.20613,8632.09243,8175.24398,8322.29484
1.A.2.g,HR,328.97376,251.26886,145.12549,159.38208,178.34853,158.16099,164.14425,219.51349,238.49489,243.38408,223.78467,232.0057,262.04152,321.48019,328.4353,376.21647,427.94003,460.19869,509.86381,394.73194,352.46544,338.88665,311.07367,302.53615,274.37681,277.23261,270.88804,265.54523,294.05842,311.14092,329.48935,371.27233,399.7631,450.98821,507.85019
1.A.2.g,HU,3923.94794,3640.15449,2782.36253,2620.62659,2374.73743,2309.33148,2492.30482,1145.52806,1027.69588,989.99364,926.69584,958.13119,1007.20202,1048.03196,1028.67711,1164.94103,1121.44226,1105.69695,1051.37587,941.31231,986.92569,1183.87607,855.11628,1396.44135,1390.66885,1477.26391,1584.09112,1700.91252,1878.68612,1807.81194,1872.68731,2068.31606,1870.73449,1679.17204,1690.70309
1.A.2.g,IE,798.61528,1118.82936,1044.84764,1081.69892,1167.70649,1196.86228,1097.24629,1225.92196,1221.04617,1249.172,1420.32381,1587.30256,1313.91674,1164.15402,965.28699,1051.41083,937.58667,1026.2253,954.88423,788.19678,659.17463,587.42612,595.34602,638.06868,570.2353,545.57658,582.46417,679.73888,715.43882,711.07998,654.74317,609.50746,605.74743,593.72221,608.73896
1.A.2.g,IS,108.48875,95.03765,90.41308,85.82632,78.45418,80.73142,76.60107,122.74595,135.24163,143.28844,149.2236,146.62966,135.90926,171.24119,191.7127,180.16014,187.77362,172.90566,144.38085,76.11949,55.61299,43.6652,38.75507,53.77544,49.83302,54.73048,77.46385,69.79386,59.48154,56.37249,33.6823,41.37436,41.70596,56.22181,58.78185
1.A.2.g,IT,15310.07977,15232.35799,17202.39009,18197.70456,18522.49533,18490.05336,20301.56109,20920.76379,25415.13583,25533.64554,21061.89351,20699.05504,20716.57911,21412.78011,19894.50881,16338.1708,14604.57892,15622.82323,14147.80516,9151.91103,8302.50681,8732.34408,7755.02036,8754.38087,8037.59238,9459.96027,8684.26729,9557.52197,9997.28061,9599.82578,8245.19498,13814.4865,14784.57622,14064.40968,12115.41735
1.A.2.g,LI,2.36205,2.85241,2.91157,2.40583,2.2574,2.18587,2.23636,2.52424,2.92921,3.09688,2.96097,2.54099,2.76427,3.44711,3.05391,3.53278,3.6684,3.3728,3.59635,3.65419,3.50201,3.95625,4.60121,4.59204,4.80547,4.61374,4.65228,4.92322,4.44842,4.17616,4.24591,4.23242,4.35904,3.66832,3.20157
1.A.2.g,LT,1567.25984,1795.59288,1127.83596,611.69051,594.59875,528.62693,394.16181,393.25023,386.56575,330.75422,286.39312,278.82497,331.10206,348.38637,350.94755,385.94832,335.79276,321.04895,307.16254,190.77087,224.84758,214.61831,198.0761,180.94334,177.7285,163.0333,186.56747,199.57905,207.38259,196.76737,189.49016,211.63883,220.701,197.50276,200.94736
1.A.2.g,LU,96.29048,228.07489,248.80217,269.27335,277.3264,251.50679,256.95406,326.89879,337.02486,378.51631,238.34433,231.62165,230.16303,234.7077,237.59084,228.93692,236.38252,252.2783,237.47891,233.98992,235.81967,245.98494,256.39207,267.92628,266.31583,269.10968,291.20919,293.46811,294.47942,332.1365,329.33953,337.88921,320.95294,328.35289,354.44659
1.A.2.g,LV,1619.60135,1429.6916,1107.09577,892.31557,637.63931,499.44394,481.92332,461.16139,494.01163,423.99889,298.95739,276.99032,274.06249,288.16819,304.1967,308.3833,322.95367,353.42172,302.81713,248.59896,277.33521,311.05269,318.00363,268.62831,237.47745,214.75105,220.10108,226.28317,240.74312,198.57693,198.51817,210.67533,203.63889,209.8379,228.18517
1.A.2.g,MT,52.66759,54.60744,63.48709,65.16308,70.48902,75.30908,75.96058,78.30281,59.7247,63.46218,62.43655,56.45781,59.59061,64.03688,64.18396,27.7609,30.6635,36.8555,36.8555,24.61502,30.7538,15.2738,27.7481,53.48102,62.69688,59.7014,59.508,53.50477,14.243,25.58166,44.16937,48.0977,55.89046,14.58457,14.90079
1.A.2.g,NL,3773.32096,4228.41872,4083.12761,3821.26355,4124.02847,3906.56354,4043.09338,3935.5367,4063.81068,4150.13008,4046.76366,4038.404,3963.58077,3877.65428,3815.91443,3811.34405,3681.94099,3659.85328,3767.13156,3770.35966,3714.78114,3625.18548,3502.4863,3417.19439,3182.08685,3105.58879,3374.54329,3288.46744,3244.26997,3061.13454,2906.58679,3001.37527,2691.45078,2561.17188,2299.98224
1.A.2.g,NO,1164.4582,1086.96791,1148.27371,1133.96194,1204.82561,1244.52556,1353.58778,1240.14078,1297.89052,1280.18695,1135.01905,1227.67247,1214.19604,1232.77172,1235.95871,1217.65483,1291.21299,1406.3323,1335.7923,1183.68261,1314.77078,1319.00641,1369.64068,1494.0839,1329.51238,1350.46335,1298.33321,1308.55224,1421.68964,1257.29536,1166.3012,1277.41214,1210.61919,1010.54277,1010.47883
1.A.2.g,PL,6978.70325,6166.76161,5577.68899,10761.27394,9713.99286,10608.45506,13465.62019,11474.56856,9093.44273,7404.06972,6648.14669,5613.02565,5153.76787,5161.0336,4748.05476,4602.19866,4759.75614,4036.01726,3904.06983,3431.61792,3379.09822,3222.71403,2833.19712,2867.43572,2685.91743,2649.62337,2643.95329,2853.73711,2909.11315,2898.59075,2722.17366,3000.84183,3085.81932,2869.74141,2701.34392
1.A.2.g,PT,2194.56415,2140.88351,2086.32529,2141.01683,2212.75438,2287.62364,2614.53098,2922.07706,2938.48845,2696.31232,2786.71387,2923.39263,2933.99016,2737.88873,2903.67385,2774.39435,2571.75594,2441.99126,2210.58435,2134.85979,2164.76278,2018.33541,1698.20211,1568.90763,1518.46934,1673.69116,1543.47322,1565.64198,1571.45355,1516.73724,1561.00394,1686.90307,1331.71669,1207.77304,1199.5697
1.A.2.g,RO,26456.24057,16394.3066,23919.22803,21108.43144,12341.73174,9035.47644,10002.72219,8018.49013,8384.78663,7888.38899,6605.76551,6422.29535,7038.30578,6273.05189,6706.53914,5554.32003,6631.3869,7123.9102,7069.38797,4592.11319,4830.99217,5574.67174,5796.88103,5688.68341,5250.62727,5582.35433,4877.11574,4738.89344,5110.64398,4714.50672,4852.84157,4718.32453,5231.39014,5294.92556,5632.01125
1.A.2.g,SE,3196.58947,3245.90468,3087.17159,3103.95036,3258.89101,3276.79861,3372.91231,3376.71493,3118.44247,3051.26614,2850.66217,2929.35622,2907.81435,2713.67864,2639.50622,2529.43564,2611.06411,2578.55959,2496.95356,2290.38607,2547.06543,2469.48051,2420.50651,1826.43161,1805.97661,1749.6472,1118.23687,1104.05774,1077.40118,1151.88881,1162.94637,2161.14013,1066.32404,1160.59313,2338.11208
1.A.2.g,SI,1094.44567,1033.93264,920.39051,874.41882,878.75698,877.42753,528.22038,542.80238,518.36088,506.03631,506.23853,518.70089,557.16489,446.52632,613.22757,692.92233,762.77532,596.60493,572.00749,476.21365,525.67409,464.11457,457.7423,418.24866,402.16272,407.08742,405.89906,417.42561,506.65855,462.97944,501.51249,494.64382,406.48578,437.22194,417.56237
1.A.2.g,SK,2559.69705,2312.43332,2124.1109,1987.28394,1894.8741,1935.32107,1958.26949,1958.60329,1925.3196,1863.25803,1921.26662,2031.73704,1853.49414,2068.32125,1859.71106,1737.11878,1809.13295,1676.76391,1450.53826,1153.17687,1237.02275,1234.47551,1111.33172,1231.43008,1224.20163,1186.67644,1188.9239,1345.77093,1373.1959,1039.23323,993.8703,1188.49873,1007.4095,959.07406,912.85332
1.A.2.g,TR,13258.36074,15921.52767,15652.08991,17406.59309,12950.99405,17135.04985,25304.03645,31649.16705,32861.92989,23591.21262,34068.29379,18939.88261,30957.22318,41104.31792,34003.5977,32781.09626,41440.60263,47638.69686,21904.66173,23674.33554,22309.70631,15153.98022,18586.64716,12854.12931,12248.26509,11096.89187,10698.70554,10922.25674,12077.78273,12258.98465,11779.33146,12426.64126,11699.8081,11416.48988,12116.36468
1.A.3,AT,13753.67433,15215.8044,15189.21452,15322.74861,15370.73107,15654.61959,17215.85159,16236.43347,18334.50435,17809.12826,18623.39256,20113.85255,22017.39842,23867.57299,24387.44574,24743.52897,23482.86356,23707.70681,22247.09944,21592.34731,22395.31009,21745.31042,21558.69374,22726.47535,22036.14616,22502.92344,23323.76438,24040.45048,24151.79336,24198.21889,20913.97136,21697.18181,20548.1709,19623.81178,19073.9378
1.A.3,BE,20645.87563,20813.60642,21551.14128,22046.51278,22543.19037,22619.19554,23039.49471,23269.68208,23937.32848,24274.07233,24718.71854,25245.9854,25571.69685,26183.65099,27261.94173,26508.9246,27108.00308,27948.59141,28036.87533,27264.2304,26481.23118,26072.98845,25245.07932,24759.99134,25003.12641,26666.49779,26386.97633,25839.08681,26023.84201,25805.50602,21550.37919,23763.29906,24036.31724,24382.54015,24527.91905
1.A.3,BG,6347.09499,3465.23326,3788.13895,4295.98263,3927.62197,4202.90556,4132.76683,4210.10965,5356.27121,5524.72238,5368.26669,5480.91914,5750.83515,6346.22452,6893.65141,7716.34475,8169.79194,7962.43457,8444.45089,8096.42715,7891.91295,8059.63733,8408.76801,7344.82333,8319.7252,9091.97111,9194.10963,9333.02076,9544.98153,9699.48034,9121.60253,9815.43712,9832.58822,10048.13848,10713.79275
1.A.3,CH,14387.28265,14863.36026,15179.86808,14125.25352,14292.23272,13989.48106,14044.72501,14595.75658,14808.49175,15412.42268,15660.83555,15382.99849,15327.79181,15507.91769,15641.25263,15712.04631,15837.82524,16161.86245,16510.57704,16309.44228,16199.8323,16020.93993,16137.18838,16049.04372,15942.99836,15211.60651,15050.72354,14792.08839,14799.22578,14758.6222,13464.93291,13643.45415,13467.9871,13484.85536,13201.22225
1.A.3,CY,1219.47795,1220.08279,1365.79613,1379.96404,1434.13858,1521.90997,1571.32618,1637.31056,1714.25807,1758.99884,1797.61488,1856.856,1839.39407,1947.89634,2051.50687,2091.64404,2080.03109,2219.76051,2309.85326,2314.23959,2360.41206,2290.31233,2115.76448,1904.12388,1837.42162,1900.40366,2017.77521,2081.60233,2092.13219,2118.65841,1896.40401,2030.78966,1999.26389,2061.92762,2085.66636
1.A.3,CZ,11077.83718,10032.36792,10430.4981,9994.53243,10879.63494,10184.54838,10386.80306,10363.99943,11735.64194,11829.45667,11935.89125,12812.30696,13277.79795,15139.5942,15850.62854,17135.99136,17439.90909,18384.24668,18252.82144,17606.62763,16612.12575,16440.99088,16154.99703,16027.40125,16532.10468,17278.06743,17938.24529,18438.88641,18629.75073,18804.87483,17514.47861,18710.90127,19182.38483,19680.60442,20394.24959
1.A.3,DE,161430.38157,164653.88841,170583.72654,175029.52312,171182.28527,174939.6869,174746.7585,175194.20802,178559.97585,183761.55335,179995.70056,176289.63069,174351.60538,167629.61984,167598.7986,161011.87292,162399.08563,152326.64003,151973.16539,151468.49459,151901.69297,153543.83703,152022.92166,156139.43588,157430.66542,160843.56553,163379.84804,166871.84745,162300.95029,163114.65902,145063.27776,146040.23727,147772.69454,143842.72132,143287.55424
1.A.3,DK,10557.32374,11058.04599,11249.07861,11293.72559,11711.80306,11843.52222,12103.30628,12300.86172,12309.84442,12342.12679,12211.73221,12268.14342,12433.02194,12900.07746,13139.17626,13351.1864,13667.61769,14211.29655,14045.04442,13289.88036,13165.87121,12855.53531,12282.80423,12080.08249,12187.68462,12371.67555,12633.54335,12798.3093,13060.05584,12869.43461,11791.32947,11997.74089,11846.85207,11705.43174,10544.86103
1.A.3,EE,2511.14849,2290.04607,1235.46251,1371.4021,1667.32869,1646.11695,1731.00605,1826.20455,1888.99254,1762.59177,1741.33493,2061.54405,2151.24701,2085.83116,2127.12629,2195.8803,2344.58619,2434.86153,2358.06451,2184.83098,2321.54442,2323.99741,2360.84609,2324.98909,2338.0884,2414.046,2473.25724,2576.3856,2616.75478,2584.86639,2430.85128,2507.16391,2618.80036,2621.27171,2650.27298
1.A.3,EL,14136.62237,14932.09047,15294.11834,15460.88384,15753.13809,16084.98668,16535.05221,17236.85684,18998.76916,19311.12107,18364.23776,19227.91843,19553.33833,20628.4622,21024.82338,21333.01257,22004.6276,22639.50809,21938.64331,24796.63246,22045.51857,19771.67417,16465.14924,16246.66541,16267.36328,16801.61186,17129.15998,16901.57508,17129.03578,17519.8068,15040.8796,16439.58717,17621.15675,17253.1472,17924.74693
1.A.3,ES,57727.52384,61082.66813,65064.74639,64638.27008,68127.18629,68966.0047,73522.23928,73170.94054,79824.19107,83536.71974,85198.9226,89170.78422,90977.45973,95494.49187,99163.47861,101756.93631,105044.54588,107380.56851,101500.02478,94293.32864,90969.85747,85811.73653,78679.87123,79507.12385,79778.66816,82897.28622,85745.90989,88288.66367,89322.5662,90452.38295,73034.39534,84568.91125,89497.37453,86759.92087,89406.76802
1.A.3,EUA,662514.73735,671387.68758,692976.83446,696253.04713,700735.63924,712773.65998,733814.28118,743197.98569,771894.12257,789456.7077,787735.29102,801989.65662,811705.26735,821498.19401,840062.80091,840301.82636,853657.13976,855145.6584,836454.93722,815482.3165,809604.07579,800163.92229,770763.02577,764620.77215,770141.77108,785274.99109,802350.29764,816651.61973,819101.10441,824304.58662,713154.11978,773701.03539,794601.4773,785662.06717,794748.22987
1.A.3,FI,11821.45864,11454.16982,11371.82848,10916.489,11272.0942,11076.34599,11077.52768,11638.05694,11771.31791,11988.70462,11890.46104,12006.78225,12201.26808,12401.35604,12754.26271,12742.69086,12913.81988,13274.43438,12641.41504,12075.65697,12570.63271,12395.50015,12091.77466,11871.13466,10749.38946,10759.22614,11969.80379,11372.78659,11572.91114,11165.95693,10360.99431,9903.76273,9735.36685,9357.03042,9542.3077
1.A.3,FR,121926.40429,124625.58154,128904.81917,128997.55479,129801.03704,131526.39105,133045.58918,135340.19869,137454.4949,140580.88461,140400.72769,143047.61786,143945.64353,143421.71908,143606.37596,141114.49588,140489.86548,138958.78626,132634.92742,132233.72946,132975.69575,134132.01245,132443.90297,132012.85034,131494.84833,132974.81669,133347.84434,133288.62536,130795.86668,130028.85421,109262.46564,123263.81376,127560.9121,122389.68165,121012.61668
1.A.3,HR,3787.05724,2866.9868,2776.79002,2925.16107,3102.93251,3292.90809,3620.2202,3966.10977,4098.78034,4329.17652,4354.38242,4420.0688,4729.31671,5126.75564,5262.21199,5467.69149,5820.93832,6242.16952,6079.11076,6091.05588,5865.77545,5726.92602,5551.15817,5636.54582,5580.72505,5887.7767,6106.37998,6570.28884,6340.78021,6516.86877,5732.11159,6194.87063,6667.33426,7504.54464,8299.11507
1.A.3,HU,8748.79197,7679.16047,7411.87556,7407.96751,7215.11317,7380.54502,7367.57142,7766.65392,8578.7118,9062.36012,8979.34274,9444.90096,10063.282,10552.14144,10982.76068,11910.29914,12699.97598,12990.03905,12972.89953,12891.34942,11590.22871,10975.32737,10647.62865,9927.66345,11075.52217,12086.27127,12117.77291,12909.98878,13715.48191,14540.93247,12443.52912,13784.16362,14894.0125,13811.59016,13769.33318
1.A.3,IE,5029.64645,5207.48301,5621.84281,5583.62207,5805.75144,6058.88378,7027.31141,7347.93592,8620.65536,9533.52276,10561.82863,11079.04948,11279.14593,11489.08166,12209.43252,12922.25862,13606.1328,14203.66986,13517.92544,12312.73081,11407.81827,11101.37673,10717.22652,10938.35472,11217.18656,11689.74931,12165.28665,12003.40655,12175.92031,12187.86715,10284.38375,10962.84739,11626.26067,11670.92104,11524.1711
1.A.3,IS,587.97251,594.76723,606.74246,608.51968,609.30211,615.56797,606.45589,618.38859,621.82945,643.71223,646.23989,656.97384,660.42241,754.27545,807.19377,813.36699,956.17755,992.05518,939.33847,912.18233,868.26643,838.17708,820.07051,835.28197,839.65768,868.9988,946.89748,1000.32383,1038.25798,1030.45879,863.17452,891.80601,966.01076,950.56367,923.0266
1.A.3,IT,100319.07681,102839.13464,107833.79546,109431.18333,109131.67809,111531.083,112948.0063,114682.63624,118881.46965,120324.35804,121641.50436,123453.30489,125920.2427,126140.67425,127913.76665,126780.46025,128062.0745,128174.15284,121423.1025,115962.18088,114626.62359,113667.96906,106364.39562,103302.66956,108130.59154,105589.7482,104513.49761,100474.71117,104041.92022,105234.94951,85639.38625,101845.67292,107892.90659,107870.32663,112221.30067
1.A.3,LI,75.36248,88.52588,87.75091,85.64382,78.35776,80.30398,81.5731,85.07087,84.83231,88.97904,89.78025,86.44962,82.56933,82.45451,81.38166,80.96513,78.43193,82.54961,86.97994,81.13393,76.9793,76.20189,79.23265,78.95228,73.14657,61.27416,59.88607,60.28554,58.26432,56.79136,52.25652,55.51216,49.78501,53.54019,42.56944
1.A.3,LT,5685.04666,6251.56959,4130.56243,3140.93136,2509.19021,3103.01839,3408.59205,3780.4859,3969.75157,3508.08863,3134.66287,3407.26174,3500.56974,3576.75639,3900.19626,4112.45504,4363.31491,5116.33333,5086.33505,4203.74207,4320.42781,4292.74889,4308.58223,4301.19508,4772.09867,5023.66074,5404.94369,5634.39649,5994.00846,6209.94819,6061.83891,6047.43942,5944.22486,6078.28909,5827.98512
1.A.3,LU,2598.72715,3192.17114,3483.8076,3528.59227,3583.66735,3342.98098,3459.40226,3727.98457,3923.73583,4355.98684,4884.68118,5144.34999,5324.74004,5862.2996,6820.61119,7183.99922,6837.99081,6541.6912,6629.80587,6089.51295,6462.39147,6818.42739,6503.97369,6369.97311,6052.65608,5617.92907,5438.052,5573.64344,5950.87018,6108.64895,4569.29754,4867.3616,4170.72701,4018.75164,3841.09317
1.A.3,LV,2940.2113,2754.37358,2457.07335,2265.86866,2149.80036,2047.96638,2013.623,2005.75504,1981.20593,1949.31063,2156.35715,2552.18412,2630.27121,2776.41572,2917.55447,3044.95445,3360.47743,3803.5376,3592.35156,3149.99774,3222.59328,2860.39773,2757.51577,2794.27734,2917.71371,3097.44178,3119.98547,3272.44267,3282.01591,3267.50724,3069.37858,3164.28628,3088.18292,3096.2548,2808.05225
1.A.3,MT,346.2345,366.34357,390.4494,411.50071,429.68648,443.80773,465.20364,476.94963,483.55173,491.62623,497.00998,522.03524,523.67309,524.48496,501.20534,523.91932,527.44496,543.31352,542.35379,527.74836,573.64626,557.59092,537.93144,537.94516,547.72888,581.5805,581.25595,602.09228,655.73104,695.69067,575.19821,616.61573,718.53748,759.10632,781.33742
1.A.3,NL,27667.56609,28204.16554,29669.16491,30491.20864,29871.32724,30283.6389,31689.79298,31552.25286,32238.51906,32762.2662,32767.87348,33078.47784,33835.76665,34395.17755,34989.2699,35222.51358,36109.16799,35091.84404,35314.55366,33757.16718,34538.56791,34437.88967,32937.1926,31425.10092,28866.68656,28688.98716,28764.38468,29508.78817,29655.82741,29197.53454,24705.64632,24900.84135,24691.21451,25905.5951,24777.10828
1.A.3,NO,9751.9774,9506.91327,9722.37959,10014.16649,9973.5024,10732.61192,11255.60588,11512.40299,11817.72743,12484.71045,11709.22196,12056.59786,11962.62826,12505.38817,12726.4036,12771.00435,13271.42515,13565.27379,13345.86614,13116.56554,13738.48183,13789.61165,13913.16,13955.74048,14302.49567,14079.00463,13583.52825,12778.04792,13031.75339,12494.9037,11731.10956,11992.43925,12444.50035,11833.58874,11045.90315
1.A.3,PL,20264.20593,21314.82482,21723.20537,21264.68693,22320.23173,23090.29713,26172.49846,27683.23793,29166.0246,31743.12996,27932.80496,27755.72293,26812.78265,29271.52264,33145.30008,35616.62129,39450.29077,43567.4269,45557.1467,46229.16765,48725.57869,49319.46318,47432.51687,44625.86949,44973.64088,47447.21402,54087.08152,62417.63574,64205.34613,65192.58103,62221.39595,67382.33393,67368.30146,68350.54843,69262.73621
1.A.3,PT,10617.98362,11334.98014,12189.41231,12628.36783,13300.54373,13879.94848,14667.39849,15329.69334,16723.23906,17569.45777,19286.5162,19652.55165,20124.17315,20011.53962,19982.14356,19694.63896,19715.45479,19312.13654,18982.74789,18988.4509,18779.52488,17444.23695,16066.34947,15702.9977,16039.44179,16202.24074,16661.84278,17006.16105,17069.09611,17561.30312,14680.13606,15746.0481,16941.82491,18067.71116,17936.48854
1.A.3,RO,12071.06928,10321.75668,10572.75928,8446.5597,8993.47239,8269.36091,11618.01512,11876.74777,11204.91288,9287.13346,9615.24892,11613.27161,11959.43061,12604.5632,13183.9476,12371.67667,12843.33863,13414.699,14988.50736,14947.01666,14011.93793,14117.71775,14999.50278,14826.30679,15372.20931,15495.18435,16568.99175,17697.04007,18191.45048,18656.28143,18101.69584,19282.71956,20872.00717,21832.60528,22412.32632
1.A.3,SE,19918.16827,19993.0006,20988.12714,20008.20497,20517.07835,20522.98834,20237.70761,20276.45527,20316.23704,20588.85114,20470.37903,20507.12351,21023.88672,21239.69788,21594.60186,21807.90418,21780.00564,22062.19072,21485.86266,21082.28913,21191.89757,20822.66988,19639.77033,19188.98661,18764.02445,18859.205,18157.75243,17761.85948,17087.98532,16973.31597,15575.54379,15582.45618,14052.76557,14014.65715,17001.78317
1.A.3,SI,2673.10107,2531.8753,2573.26544,3106.2905,3471.82683,3870.00752,4393.55456,4601.11013,3826.41126,3620.22354,3566.13151,3724.53914,3836.29679,3888.11159,4070.13056,4339.87011,4576.57413,5176.13204,6089.8132,5108.98083,5247.61707,5594.7105,5612.00726,5312.468,5326.26787,5296.31353,5665.55741,5793.31996,5771.05496,5562.82405,4523.54248,5147.28501,5732.55165,5307.85324,5616.95986
1.A.3,SK,6693.02798,5686.27647,5126.13436,4865.3126,4663.14979,5389.99181,5617.66211,5699.11491,5995.32656,5851.13542,5639.56689,6052.47377,6070.98292,5992.47518,6730.45215,7600.05508,6759.21099,7457.48691,7810.036,6924.50049,7347.64177,6982.93779,6856.70169,6785.3215,6530.04582,7209.59729,7457.27531,7594.60519,7722.9752,8035.63415,6990.00628,7437.26777,7688.74344,7647.08514,7503.74639
1.A.3,TR,26250.80777,24982.31897,25639.90588,31268.75273,29789.14287,33179.97497,35277.22176,33702.47927,31816.75521,33634.52256,35490.22469,35533.74399,35316.13593,36892.83547,41061.32008,41043.82557,44376.84169,50988.89686,47116.85919,46871.22531,44382.59769,46366.8182,61248.52492,67478.09005,72084.27937,74271.57748,80207.78079,83064.08208,82902.42501,80745.14782,79032.4793,89319.2786,90063.66771,97351.21456,100766.2482
1.A.3.a,AT,38.24446,42.2796,45.50435,48.03065,49.99779,53.19502,57.80004,60.80798,63.35464,62.75933,67.10813,59.92654,62.06069,62.40556,64.20077,66.60829,71.59267,73.52779,70.59831,67.28485,63.35013,61.55142,54.58493,53.46334,49.69676,49.69541,47.43211,42.43583,46.01143,46.06588,23.21763,23.89165,29.61176,30.38284,26.32681
1.A.3.a,BE,14.68866,14.86881,14.10782,13.97636,15.20412,14.66402,15.57701,16.52771,16.07459,17.02543,16.08986,14.956,13.37428,18.16166,16.65439,17.6609,15.96359,18.70329,19.65858,18.08542,17.91315,16.12614,13.60437,14.83172,13.56394,13.90097,10.7529,11.45033,11.26043,10.31206,8.7962,7.36915,7.74489,8.23812,8.61223
1.A.3.a,BG,49.78304,39.06942,31.6822,27.20557,31.87655,27.39993,22.92331,21.49589,18.42144,46.80958,17.25664,36.09951,22.2645,19.95866,16.92012,17.21451,15.39788,17.53507,23.92694,23.91063,22.11644,27.2114,25.10673,19.7227,18.75317,19.14202,18.87149,22.13615,21.96648,20.74831,12.2103,14.79639,16.60737,17.46651,17.10731
1.A.3.a,CH,252.55489,233.8265,235.51754,231.70143,225.21522,225.0595,217.52578,208.61938,200.7264,196.45409,185.8298,168.05385,148.38947,142.77329,143.66893,124.28547,121.28748,138.32463,118.36822,124.64973,123.46736,132.25002,136.54342,132.29092,139.83082,137.37309,140.62907,119.46109,114.98418,114.34026,76.891,59.00964,68.70027,64.56632,86.7519
1.A.3.a,CY,26.04502,29.66484,27.61655,22.43403,21.97052,22.95493,20.88457,19.46755,19.3616,18.64647,17.74593,19.40575,17.33097,17.11025,14.32476,12.16862,10.36031,9.25217,8.9414,7.31118,7.77207,2.48023,1.83521,1.40262,1.04909,1.17808,0.77521,1.23032,0.87779,0.35889,0.51457,1.26879,1.13768,1.06522,0.49777
1.A.3.a,CZ,,,,,,,22.05,116.55001,233.00001,144.80001,119.60001,154.15001,53.25,138.30001,84.75,37.59999,9.24999,31.3,62.79999,12.39999,28.15,25.1,12.39999,12.39999,12.39999,15.44999,18.59999,21.74999,21.74999,21.74999,12.39999,12.39999,12.39999,12.39999,15.54999
1.A.3.a,DE,2310.47867,2227.70306,2264.46251,2178.4526,2160.10967,2266.71276,2182.49855,2292.82279,2304.02456,2345.84882,2467.49904,2384.56929,2274.54621,2261.67458,2233.51443,2259.517,2312.74941,2381.76173,2405.98701,2259.88218,2247.8838,2270.23602,2157.98505,1950.07929,1971.58798,2057.16868,2064.30122,2001.82483,1993.91083,2054.56019,919.85995,709.41056,1030.84409,1082.61463,1087.31696
1.A.3.a,DK,214.74252,203.20747,198.52585,192.18006,198.55528,205.11553,220.86384,224.22306,203.76294,187.9561,169.48408,181.47737,154.8304,152.90802,141.86549,155.88637,162.01202,179.59345,181.94772,173.43619,180.42254,171.88242,150.06044,144.52654,140.98402,133.03031,137.40193,139.96404,140.65159,142.80438,75.49378,82.64129,117.86902,121.93901,124.17877
1.A.3.a,EE,5.5188,5.6462,1.85552,3.74392,2.47859,3.23828,3.05077,3.39483,2.47943,2.6176,2.40358,2.53392,2.41122,2.62584,4.50418,4.67258,4.63089,5.14397,5.61053,3.15137,2.78054,4.70197,3.91705,3.86379,3.90173,4.11813,3.35892,3.54974,4.04204,3.88336,3.5632,5.57097,4.82161,5.50891,5.42317
1.A.3.a,EL,335.9073,289.22468,304.1665,330.92363,331.09334,347.78605,373.1477,423.96871,431.22518,515.63373,573.32293,513.06748,440.84219,503.85932,545.69074,455.8393,497.60989,518.25414,465.36439,538.17084,462.84823,512.08942,478.59428,338.08172,361.4638,386.55287,410.4801,403.52386,421.41198,409.9699,213.45364,320.32194,389.38751,416.12473,445.60638
1.A.3.a,ES,1654.69289,1826.79092,2006.20303,1973.60667,2083.58207,2280.99959,2490.82003,2659.39864,2827.52307,3085.16729,3309.36198,3374.53384,3247.78328,3407.26063,3772.50116,3998.37351,4073.27093,4244.7661,3977.69408,3491.49261,3482.76028,3383.649,2811.51149,2402.45221,2387.52251,2470.04265,2666.87349,2793.56109,3026.00394,3143.91848,1520.87926,2171.75688,3027.77138,3270.11619,3497.52394
1.A.3.a,EUA,11267.62705,11255.58985,11519.48767,11340.30223,11712.45807,12650.62818,13620.49499,14496.99604,15237.99014,16044.29046,16737.2981,16250.92796,15936.85057,15861.67509,16358.66807,16350.50075,16344.15174,16780.47339,16427.10683,15565.43399,15551.79454,15525.84762,14386.60354,13189.9473,12977.82091,13046.62038,13521.69443,13903.91095,14510.38244,14783.56338,7835.15641,9732.65161,13074.96807,13043.91681,13197.80312
1.A.3.a,FI,385.13885,339.76169,311.6399,282.45874,258.59467,262.41835,305.43215,338.93816,386.91032,383.32832,379.58216,372.1273,323.04684,326.67509,331.97824,302.48093,282.85313,265.47154,258.23807,236.1868,227.56469,253.74642,210.97234,180.14294,181.75412,178.9203,181.82708,192.557,216.0491,210.23154,88.97522,80.78392,137.08116,134.58611,146.59848
1.A.3.a,FR,3631.24354,3734.96148,3704.60881,3712.59947,3888.13294,4456.79275,4959.33783,5104.22238,5297.72852,5467.80496,5650.16902,5335.82708,5182.00235,4728.74013,4801.22014,4662.91233,4466.60796,4413.47719,4453.13445,4421.61966,4392.20088,4598.65136,4621.09821,4557.39909,4366.92185,4361.16486,4499.75784,4648.58006,4891.93377,4971.74179,3052.92438,3769.56192,4580.54847,4365.17503,4202.61384
1.A.3.a,HR,6.60101,6.44078,6.59529,20.35083,19.16785,22.92901,22.00198,22.62,22.31099,22.62,25.45413,28.23521,31.40956,34.5527,37.69584,37.69584,40.83898,40.83898,40.83898,37.69584,31.40956,34.5527,31.40956,31.40956,30.46662,30.79622,31.10835,31.42266,31.73698,32.05129,16.64991,22.30537,25.76501,30.16322,30.79404
1.A.3.a,HU,5.6962,5.1154,5.2606,5.0428,6.0592,5.9866,6.1318,5.9866,6.1318,6.3496,6.8552,6.6374,6.4196,6.347,10.0052,14.392,12.3284,8.525,7.9442,6.9278,6.63544,6.219,5.55418,4.97046,5.1156,6.3407,10.8615,14.0535,4.67859,7.90138,4.31192,5.69835,6.65544,7.22512,4.90608
1.A.3.a,IE,47.97992,43.50939,43.12761,37.09719,38.5564,45.33723,48.51164,50.96487,56.34187,63.80648,69.03887,68.59157,67.98045,70.5573,67.33988,79.51276,91.23841,84.28084,79.82841,65.04899,49.08095,24.43902,14.86104,15.23873,14.56461,15.50534,16.70081,17.40464,16.54817,17.76413,13.48856,19.53783,21.50427,23.034,25.82969
1.A.3.a,IS,33.33821,31.95782,27.01828,26.22918,24.39895,30.01428,34.03065,31.88175,33.51816,32.09415,28.24368,24.83225,21.72545,22.00785,23.32909,26.00714,28.13831,22.05115,26.235,21.78691,21.13741,20.27915,20.86469,19.61594,19.54942,20.44166,22.5744,22.95846,24.58319,27.75592,13.1457,20.73541,24.08533,22.34091,20.34415
1.A.3.a,IT,1493.11851,1460.55395,1540.08372,1533.76424,1566.24319,1588.53682,1850.39014,2053.49059,2230.78357,2522.00527,2718.15032,2582.84137,2940.04556,3035.09524,2905.6309,2839.36126,2923.04591,3099.67125,3020.07954,2905.92724,2958.48141,2824.0405,2568.28047,2299.42393,2301.0286,2166.74762,2164.13266,2226.47045,2321.07072,2378.75796,1194.75713,1703.35493,2484.57905,2358.82195,2418.62349
1.A.3.a,LI,0.07538,0.07538,0.07538,0.07538,0.07538,0.07538,0.07612,0.07686,0.0776,0.07831,0.07902,0.07974,0.08323,0.08091,0.07859,0.07628,0.07397,0.07166,0.06935,0.06704,0.06473,0.06243,0.06013,0.0541,0.06198,0.05873,0.04067,0.02515,0.02929,0.08292,0.05918,0.06136,0.06196,0.07653,0.10112
1.A.3.a,LT,8.15692,7.86796,7.43514,7.28942,6.78498,6.49602,6.20644,6.06072,5.77114,5.5538,5.915,10.99878,8.43844,3.02044,4.0318,3.94654,2.30176,3.89104,4.39238,2.58948,1.65036,1.86708,1.7226,1.72384,1.9387,1.56061,1.41992,1.48873,1.98784,1.98956,1.91961,2.20629,1.70546,2.13382,1.50129
1.A.3.a,LU,0.21483,0.32634,0.46053,0.59598,0.70497,0.75915,0.77543,0.78624,0.67672,0.69211,0.65929,0.65479,0.60688,0.70665,0.61952,0.61377,0.52263,0.55326,0.53029,0.54176,0.53524,0.5684,0.49415,0.47246,0.50234,0.60412,0.6085,0.58038,0.56477,0.50666,0.49368,0.59835,0.53729,0.4606,0.42723
1.A.3.a,LV,0.06537,0.06738,0.06946,0.11579,0.23121,0.46242,0.69425,0.92577,1.15728,1.3885,1.62063,1.85184,2.05556,2.19943,3.47346,3.13989,3.52278,1.9465,2.7375,0.262,0.43015,0.6616,2.206,3.3545,3.3545,1.707,1.92,4.42567,1.12744,1.04893,1.23399,1.62208,4.44254,2.67042,2.206
1.A.3.a,MT,1.1955,1.12851,1.50618,1.52082,1.85206,2.02263,2.03795,2.14128,2.05248,2.06932,2.06431,1.78886,1.58702,1.50702,1.79199,1.85691,1.57095,1.83909,2.43199,2.51734,2.69056,2.25651,2.01923,1.79421,1.79461,1.42707,1.7123,1.6771,0.54432,0.26729,0.14938,0.15389,0.30682,0.24238,4.10565
1.A.3.a,NL,84.76853,84.57356,85.83193,81.76756,85.66375,82.76629,83.00598,82.30036,74.80069,59.53004,56.62775,52.35646,46.76076,53.53779,42.27169,43.98525,38.63803,42.18207,40.49226,39.14887,42.07141,44.83806,41.34128,39.79864,33.59955,30.54975,30.02442,32.14216,32.16032,31.78752,23.96184,26.81865,32.10458,29.09678,27.16657
1.A.3.a,NO,696.2738,714.21248,736.78469,734.12804,822.5934,883.18692,979.86031,1007.81346,1030.36633,1180.35682,1082.2021,1089.36768,940.38209,981.59458,983.62869,964.26205,1007.74693,1020.76747,1101.94102,1091.44712,1074.19133,1126.42309,1155.10565,1099.3871,1202.00557,1155.15032,1089.08218,1114.45685,1197.84105,1118.36011,800.7353,796.55354,1046.22975,1065.48145,1035.12404
1.A.3.a,PL,63.09781,55.04145,49.1222,55.14611,74.28639,68.36714,67.25637,67.75943,62.44789,54.00412,56.8536,56.14123,58.35177,62.0917,58.10024,75.20343,88.67521,88.45483,88.12831,85.36059,97.59922,106.4001,153.88889,110.63796,133.15025,120.49488,113.26213,84.35892,86.52452,87.08192,51.23711,53.353,128.40113,144.52748,154.54783
1.A.3.a,PT,177.81769,187.59179,197.54609,185.66125,199.38653,218.41315,219.491,226.39506,254.13557,278.54665,319.7493,335.51073,350.80921,335.52465,378.23221,389.14288,383.87841,380.68485,351.67109,400.55974,401.08249,369.27918,372.66271,335.51096,341.05386,365.95721,447.13024,501.75282,498.1216,495.79332,257.30123,340.10917,476.78179,510.75017,567.35375
1.A.3.a,RO,24.86842,23.84548,22.82255,31.15176,44.99175,31.45565,21.68517,27.16669,35.32134,35.17741,26.46569,17.68421,14.67258,20.51392,138.12185,188.11702,191.07899,240.55595,239.4078,252.56453,332.89534,243.20516,120.91749,136.5145,72.60237,97.88212,83.74486,147.53155,166.1749,193.50111,115.64081,139.73251,209.87975,117.06005,114.44347
1.A.3.a,SE,682.7556,622.26512,645.07512,590.33783,622.26409,631.19864,612.60525,663.47196,676.74744,708.76483,652.75702,634.14875,609.0642,590.6027,676.92196,672.09273,632.00613,613.73993,598.07041,500.52981,484.38589,533.10024,523.37803,525.6254,523.76152,511.06344,553.06683,552.91706,548.42478,494.98231,219.27797,214.64003,323.31626,349.36834,265.40736
1.A.3.a,SI,1.0688,0.609,0.96527,1.71434,2.01579,1.96403,2.19545,2.34465,2.90189,2.81054,2.81358,2.3019,2.29139,2.35333,1.85101,2.71352,1.99069,2.19759,2.05866,1.96473,1.95194,2.74739,2.27768,1.71114,1.85146,1.96406,2.01039,1.70211,1.99425,1.95591,1.56527,1.45677,1.68228,1.18779,1.49427
1.A.3.a,SK,3.73821,3.47558,3.21295,3.1346,2.65437,2.65621,3.12034,2.76413,2.54315,2.57416,2.65004,2.5108,2.61464,3.38546,4.4561,7.79265,10.21578,12.32579,14.59354,10.86355,5.13184,4.24687,3.92014,3.39507,3.43737,3.656,3.55922,3.41997,2.85386,1.82931,0.87988,1.29095,1.48146,1.55737,1.64077
1.A.3.a,TR,913.73537,1042.69897,1106.72588,1473.81273,1746.53287,2747.95497,3017.58176,3182.84927,3277.73521,2839.65256,3067.89469,3325.35399,2478.45593,2685.77547,4811.43008,4048.41557,4466.81169,5960.32686,5165.81919,5096.37531,2832.95769,3308.0782,3687.65492,3714.94131,4047.02754,4161.92623,4236.85965,3798.42267,3648.1311,3472.11008,2140.8672,2825.82799,3334.88055,3924.55888,3815.27782
1.A.3.b,AT,13280.2641,14750.00457,14725.08503,14864.87818,14912.85057,15184.51706,16746.26623,15763.33448,17740.14769,17124.08024,18031.83102,19370.59104,21495.31223,23239.07909,23747.9596,24091.41276,22724.56801,22927.50532,21494.83489,20878.30618,21664.57751,20924.0801,20857.01228,21891.45206,21291.92673,21704.72474,22545.78108,23182.27754,23337.48401,23414.27862,20303.98408,21171.47411,20206.27411,19414.68559,18869.12241
1.A.3.b,BE,19675.29048,19868.15242,20617.64998,21129.24851,21613.49833,21690.37184,22105.82082,22358.08741,23045.80135,23352.01777,23710.19193,24305.81312,24619.53903,25174.83581,26226.17435,25501.23586,26122.89242,26926.11478,27000.72047,26304.0391,25426.35523,25054.58615,24292.32513,23816.47522,24157.36468,25786.71186,25534.28498,24951.46584,25089.54199,24818.91324,20634.69483,22829.70608,22996.05961,23435.79932,23711.00809
1.A.3.b,BG,5786.39986,3181.46234,3442.83101,3903.85351,3621.06148,3929.38634,3947.79323,4021.53002,4994.67917,5159.53482,4845.45119,5016.73318,5301.58834,6025.74454,6466.75958,7097.744,7525.92931,7247.67552,7708.53326,7675.69293,7472.75879,7495.32183,7836.00435,6850.04578,7865.19519,8671.23782,8792.92197,8865.49041,9164.26856,9515.40131,8993.11696,9635.38285,9584.71445,9775.33832,10356.14391
1.A.3.b,CH,13960.35031,14460.49799,14772.29246,13721.27669,13901.2208,13602.85152,13663.70863,14222.83869,14446.01893,15051.76604,15307.77963,15046.95428,14963.9338,15153.94414,15283.33059,15381.16613,15473.37295,15794.59055,16160.61471,15981.06223,15878.46403,15691.88104,15807.35537,15747.84372,15612.19697,14889.00334,14749.42577,14505.54698,14516.95765,14471.56935,13219.69471,13439.67263,13238.75828,13272.59281,12975.65245
1.A.3.b,CY,1191.23514,1188.30389,1335.60502,1354.86126,1409.43652,1495.97232,1547.32283,1614.55679,1691.40092,1736.41144,1778.17411,1836.07948,1820.27284,1929.41445,2035.28077,2077.14672,2067.89,2208.51146,2298.49666,2302.17696,2349.62385,2285.00657,2111.93582,1901.21606,1834.5915,1897.21095,2015.49701,2078.31685,2089.11003,2115.50195,1894.74041,2026.88081,1993.67513,2055.04592,2078.65001
1.A.3.b,CZ,10251.30741,9343.59201,9778.79863,9452.16148,10349.13553,9601.10208,9817.82467,9747.55112,11051.17814,11270.10138,11415.37361,12268.52944,12854.72469,14641.16072,15404.71347,16722.16874,17033.79387,17916.79234,17698.46713,17125.43286,16127.79939,15974.50225,15761.31458,15646.47806,16150.8811,16912.77297,17645.83,18113.82062,18310.93328,18472.78733,17183.99276,18429.7634,18909.60405,19435.36088,20152.39128
1.A.3.b,DE,151889.81331,155595.14598,161489.7837,165982.57329,162377.14022,166451.96865,166484.90653,167393.05004,170835.30356,176348.41557,172541.33206,169013.72483,167277.59465,160359.96047,160329.85815,153733.56975,155007.54953,145414.17113,144777.91166,144976.1086,145430.37757,147121.72821,145739.6637,149816.72791,151444.01604,154675.03399,157431.79582,160958.11468,156409.22343,157196.36104,140845.56933,142074.57607,143302.8582,139702.21448,139371.6229
1.A.3.b,DK,9336.66707,9748.60679,9918.59408,10040.12127,10532.15861,10624.781,10798.89147,11007.65032,11192.1757,11334.74933,11221.29392,11247.93028,11384.52334,11850.04482,12166.309,12268.41786,12644.89258,13239.71494,12925.84212,12223.21165,12152.57592,11872.82898,11336.62698,11147.10466,11362.06815,11582.03713,11779.66233,11952.26379,12242.25224,12042.8265,11067.42193,11208.04683,11071.52207,10974.08407,9846.80605
1.A.3.b,EE,2234.90966,2018.69184,1013.11203,1143.17065,1444.89294,1424.12959,1488.35793,1595.0291,1633.30561,1500.04675,1482.02327,1808.09027,1891.19004,1838.56943,1897.19215,1964.56348,2105.40285,2235.67948,2187.41371,1980.68509,2064.34607,2116.87518,2156.93905,2122.88017,2142.32952,2206.67176,2271.56185,2348.24382,2375.39891,2329.3452,2162.74676,2281.56315,2353.31127,2345.72015,2373.03274
1.A.3.b,EL,11793.0633,12631.87821,12938.2186,13238.68608,13424.12967,13856.47007,14524.38268,14863.72261,15612.5285,15892.13501,16087.02707,16437.97516,17043.37806,18076.62526,18193.26248,18681.68516,19109.10769,19881.3931,19445.43604,21295.88219,19187.87918,17545.1852,14231.9563,14457.9781,14317.59126,14555.6869,14787.90148,14533.95765,14592.54221,15010.61483,13136.45723,14263.55195,15213.15659,14756.11118,15336.18081
1.A.3.b,ES,50429.36285,53332.55051,56971.05352,56480.44515,59549.20384,60411.40676,64326.19241,65012.21746,71355.17801,75090.80562,77123.64552,80949.16426,82819.12229,86647.95548,89858.52671,92418.19053,95285.65582,98171.97844,92987.18614,86979.73623,83795.49521,79460.86118,72824.60512,75128.25693,75981.52191,78688.62504,80740.20049,82061.59041,82739.711,83614.0814,68770.33198,79248.77371,82594.62906,80355.21626,82710.72445
1.A.3.b,EUA,609634.85978,618902.72771,640989.07786,646611.51873,651627.01476,663014.33319,681978.57149,691753.71803,719154.66263,736880.76861,735781.60651,751312.08583,761718.08498,770982.27535,788162.35758,788890.06257,802052.93508,804836.5535,786319.1783,768296.28719,762322.57865,754983.18306,728175.7585,724267.64045,732293.25252,746734.14839,762503.83001,775198.95013,776284.28133,781034.02128,680080.78554,739105.94167,755824.06168,748743.20647,757651.99924
1.A.3.b,FI,10803.93276,10488.61831,10453.69557,9982.82707,10310.01413,10161.63741,10108.00406,10594.20852,10703.09768,10909.56944,10823.58357,11013.61359,11237.63321,11424.99877,11783.02862,11807.84559,11963.26446,12348.94116,11807.02587,11269.72977,11718.62038,11538.82949,11303.08497,11127.79956,10077.4482,10092.89173,11318.82371,10693.4079,10860.79705,10457.69734,9857.9563,9398.2819,9199.55237,8851.71262,9062.19814
1.A.3.b,FR,114050.79427,116529.71392,121079.7466,121184.44383,121903.70302,123030.30712,123937.79814,126118.89088,128084.2648,130910.48397,130417.47549,133552.62187,134458.59465,134334.64323,134668.8044,132594.41151,132459.56539,131213.14044,124690.13553,124495.20542,125332.61686,126290.0595,124513.65288,124242.43623,124088.91374,125599.84559,125842.65774,125823.53214,123021.48708,122202.39199,103790.87554,116996.6185,120353.15224,115616.77467,114401.20993
1.A.3.b,HR,3505.87954,2603.08728,2503.17809,2680.03046,2900.01733,3063.3391,3347.0477,3727.52101,3886.02395,4124.59593,4155.7927,4210.26056,4497.8646,4890.86133,5039.24596,5232.6985,5572.99059,5989.15873,5803.71044,5816.20913,5627.68435,5491.06176,5329.20344,5409.10872,5346.63596,5671.08157,5884.94321,6342.84232,6113.02058,6284.04883,5546.02588,5978.76162,6442.07016,7288.17576,8059.64642
1.A.3.b,HU,7851.17478,7035.6551,6862.69281,6892.154,6714.06321,6870.97665,6834.93948,7259.53894,8079.26169,8532.48093,8520.74655,9007.20896,9622.88386,10095.83791,10547.13883,11481.68047,12272.49495,12606.97268,12557.64729,12533.95351,11276.29904,10687.12395,10360.67583,9679.46566,10800.14353,11860.42204,11870.61491,12612.44134,13400.33767,14224.44134,12196.85289,13601.53583,14714.60264,13649.61491,13604.8704
1.A.3.b,IE,4690.42381,4878.78001,5297.3479,5276.18885,5499.03175,5686.11017,6609.52975,6958.56145,8248.05732,9118.48966,10156.92206,10618.48756,10826.15792,11006.03757,11660.32527,12359.02469,12993.97468,13662.67398,12952.1227,11779.29503,10877.60488,10632.694,10264.08357,10482.89027,10726.72998,11207.82879,11637.63459,11510.7208,11645.13757,11631.70437,9690.56723,10327.58795,11031.6351,11054.59975,10914.00055
1.A.3.b,IS,519.80823,537.77787,551.77214,548.43222,556.02326,545.63816,525.92518,556.60992,564.58984,590.02516,601.81404,608.13278,616.86082,695.22951,731.87348,760.91763,873.35183,905.16078,852.30127,853.39707,806.57998,788.60845,783.49216,798.06398,797.45939,819.7401,894.419,943.56767,968.68751,948.46024,823.04925,850.89076,916.52783,911.4702,888.42302
1.A.3.b,IT,92331.73843,94295.2676,99372.98784,101339.52442,101210.99022,103532.11406,104149.75884,105582.03961,109368.70305,110547.80827,111523.8864,113916.47894,116222.58911,116432.95978,118296.4418,117111.9571,118315.57688,118810.27549,112031.76466,106900.67396,104657.40187,104586.97484,98203.85339,95672.8793,100709.05679,98349.18949,96863.00039,92743.66913,95772.91325,96608.10585,77836.52917,94633.55764,99432.46736,99916.23721,104024.74844
1.A.3.b,LI,75.2871,88.4505,87.67553,85.56844,78.28239,80.2286,81.49698,84.99401,84.75471,88.90073,89.70122,86.36988,82.4861,82.3736,81.30306,80.88885,78.35796,82.47796,86.91059,81.06689,76.91456,76.13947,79.17252,78.89818,73.08459,61.21543,59.8454,60.26039,58.23504,56.70845,52.19735,55.4508,49.72305,53.46366,42.46831
1.A.3.b,LT,5247.15041,5818.71317,3713.6464,2763.10966,2071.28645,2769.67312,3050.41313,3444.7168,3645.29503,3243.8387,2860.00207,3137.5832,3238.40099,3282.36666,3610.38861,3832.42822,4084.28572,4824.31127,4799.27441,3973.35436,4080.34109,4049.71907,4063.63916,4074.58688,4542.42741,4814.40411,5197.59297,5405.19618,5753.30728,5993.20769,5851.2874,5838.98143,5803.65472,5933.78232,5694.18461
1.A.3.b,LU,2572.38146,3165.60031,3457.17858,3501.75046,3557.50685,3321.53964,3435.64285,3704.56589,3900.46208,4332.57821,4861.67194,5119.56026,5302.53719,5842.52925,6804.66403,7173.08119,6829.5227,6530.63624,6617.25497,6077.58909,6449.55808,6805.5674,6492.2124,6359.78925,6041.18801,5609.60202,5430.23088,5565.23199,5942.09759,6100.34188,4561.62732,4858.87183,4163.68846,4011.31483,3834.41418
1.A.3.b,LV,2402.36594,2229.34941,2030.73025,2001.5506,1917.0964,1805.47741,1770.88296,1750.09809,1747.5458,1747.15422,1947.58946,2336.82565,2405.1901,2519.42819,2652.95485,2780.70266,3127.67526,3550.27854,3335.21052,2904.90644,2996.36945,2608.30381,2491.20702,2539.5182,2685.02099,2878.90485,2929.75415,3089.64969,3093.12032,3118.85347,2979.6496,3078.24349,3006.10957,3023.06489,2754.29887
1.A.3.b,MT,333.24329,355.01689,376.77682,396.59412,413.96415,424.47317,446.81366,459.51565,466.64076,474.22554,478.42568,500.07676,503.04731,503.07822,479.75907,489.55936,495.54632,507.32992,508.58322,489.21329,517.75618,501.37147,491.96039,501.72139,511.64594,542.55348,545.45347,561.28407,623.60254,651.07146,520.72185,547.76573,660.97714,681.15656,684.83456
1.A.3.b,NL,26424.32411,26867.22806,28410.68856,29276.29818,28708.38433,29079.0933,30348.96764,30317.41755,31057.4739,31578.47779,31546.84692,31806.55862,32547.31208,33098.86076,33620.79154,33779.98076,34652.4321,33696.10529,33884.77963,32354.45865,32960.15567,32945.55252,31541.93456,29783.63373,27471.07609,27210.92054,27361.37857,28139.45699,28311.31427,27946.07223,23670.92707,23784.7774,23536.01251,24694.09493,23467.81029
1.A.3.b,NO,7289.41228,7174.02197,7206.92126,7380.29689,7276.82657,7385.27818,7759.38644,7751.67002,7982.97441,8406.68961,8243.13924,8737.79297,8814.94509,8961.00611,9262.10658,9424.41434,9709.15224,9939.86044,9802.40756,9650.42339,9894.57727,9830.716,9853.74154,9902.51053,10111.29127,10142.5335,9869.98721,8997.9934,9236.99289,8601.7821,8224.28316,8556.39294,8584.25698,7920.94587,7400.14954
1.A.3.b,PL,18426.74833,19962.40982,20741.76499,20323.68836,21292.17011,22063.85928,25281.25359,26893.22093,28440.76432,31079.21087,27175.24096,26966.36639,26039.69366,28356.52737,32126.45964,34455.3825,38144.37348,42330.76136,44304.72449,45125.56019,47746.76598,48317.11048,46323.19591,43316.81931,43691.094,46248.16331,52836.19939,61219.92631,62913.9003,64053.83473,61255.95485,66435.40997,66907.18788,67843.59982,68746.81687
1.A.3.b,PT,10000.45701,10703.25546,11551.85693,12023.98339,12688.10992,13261.86367,14053.33186,14706.33194,16077.51523,16926.80137,18629.74413,19001.58306,19456.4368,19372.86679,19305.69112,19013.95363,19046.54468,18645.64915,18336.74312,18306.08906,18102.16631,16830.30288,15432.73998,15087.77176,15403.22442,15523.35832,15925.13193,16206.78944,16279.63744,16766.66885,14195.28138,15173.92631,16165.55719,17240.55184,17044.75973
1.A.3.b,RO,10365.54532,8458.21258,8379.88163,7006.57124,7653.04428,7020.01659,10186.11295,9811.95659,9608.98491,7861.11835,8241.22188,10756.4174,10926.40806,11772.41139,12225.07051,11702.69527,12163.82356,12172.92063,13718.03387,13988.93469,13015.85459,13086.86709,14147.72378,14042.52767,14837.54102,14907.69193,16014.36275,17066.34639,17605.02804,17922.7718,17505.36264,18557.33414,20184.61038,21233.83469,21839.75401
1.A.3.b,SE,17650.53363,17574.64803,18458.29008,17757.38562,18321.43352,18395.86184,18190.21283,18221.22701,18341.52287,18641.48322,18603.14356,18800.36516,19281.49607,19498.51396,19782.78341,20059.10123,20031.07499,20342.92804,19891.83016,19495.73252,19644.98697,19211.89176,18109.58149,17673.45854,17263.55877,17351.30252,16606.94938,16231.93119,15517.60681,15455.44756,14380.81792,14373.29211,12704.23709,12631.91653,15707.59485
1.A.3.b,SI,2606.82933,2458.45038,2523.34361,3063.10851,3427.86551,3824.24367,4350.64316,4559.29643,3784.95388,3579.83464,3525.06669,3684.901,3794.71465,3848.86377,4030.84818,4299.68875,4537.25919,5137.72026,6052.30556,5075.53759,5211.22185,5559.59927,5578.71349,5279.55713,5282.27391,5254.28108,5629.65273,5757.94655,5741.84978,5536.92286,4503.87537,5124.20535,5709.18988,5285.21652,5594.34798
1.A.3.b,SK,4503.02419,3820.3328,3544.53962,3552.31058,3804.82587,4033.64128,4089.46007,4267.88138,4562.3967,4464.31958,4077.90274,4628.54579,4849.87921,4918.10032,5201.92546,6159.7363,5734.84806,6297.2138,6503.18978,5968.57272,6435.38637,5989.1781,6379.91294,6215.06187,6267.78768,6930.99384,7064.01222,7183.03609,7338.65808,7550.3276,6743.41686,7227.07152,7583.55245,7537.98245,7410.82674
1.A.3.b,TR,24142.97,22685.57,23232.04,28403.0,26671.8,28941.72,30753.16,28992.55,27032.82,29346.49,30987.77,30693.5,31263.77,32517.43,34229.51,34668.43,37463.39,42689.16,39630.26,39289.36,39033.32,39994.81,55141.73,61607.36,65608.16,67889.31,74055.25041,77094.397,77289.16763,75130.6079,75024.21109,84698.62758,84698.25349,91796.00487,95112.06374
1.A.3.b.i,AT,8881.30261,9950.49178,9706.29893,9548.59174,9520.58237,9536.14966,9236.83653,9187.5396,10027.8921,9783.45545,9973.21826,10658.42228,12203.60397,13322.6053,13762.08805,14055.86031,13783.96985,14144.08176,13329.91143,13223.31173,13273.3459,13109.38992,12890.15192,12844.11872,12911.64727,13374.28304,13909.58296,14218.30286,14260.44211,13995.85923,11265.66114,11773.73049,12018.65134,12461.62344,12263.88113
1.A.3.b.i,BE,12748.98405,12907.77329,13562.24079,13694.95199,13979.12805,14104.76543,14254.14327,14162.41474,14575.32252,14686.71601,14701.54709,14961.56401,14975.6278,15195.94606,15484.06816,14676.57961,14878.68826,15095.26171,15485.65409,15444.72256,14697.95901,14529.24173,14032.149,13595.99037,13731.17249,14552.38909,14288.32366,13700.16712,13606.35326,13462.35331,10334.60569,11682.27922,12116.32376,12258.39146,12156.89075
1.A.3.b.i,BG,2862.14462,1383.85309,1741.26973,2064.1787,2074.81189,2300.25944,2077.13648,1746.78048,2212.97768,2313.93533,2380.50794,2446.05848,2704.86528,2896.89802,3161.67242,3434.551,3985.08878,4063.24068,4283.77379,4456.86215,4397.35155,4356.86965,4562.83431,4131.79321,4735.3842,5158.70305,5266.91496,5304.50198,5375.49064,5548.65033,5318.63905,5709.7548,5759.60183,5869.23616,6242.13986
1.A.3.b.i,CH,11017.09418,11472.74899,11852.95037,10998.56605,11019.38692,10734.30813,11002.01602,11486.28455,11646.50052,12113.11262,12251.63308,12037.62295,11960.01201,12098.56606,12140.9265,12057.10973,11999.19837,12232.54369,12443.32575,12436.58848,12327.82179,12155.25193,12206.91252,12129.67637,12008.0314,11440.97245,11314.63128,11133.13876,11119.56283,11079.39512,9618.7212,9833.09442,9721.94995,9826.86195,9585.56218
1.A.3.b.i,CY,490.93428,508.75023,500.47926,498.40008,533.61207,533.81762,626.92761,654.99214,672.0986,690.18732,714.41313,736.77109,776.22326,859.38849,966.83745,1033.09894,1091.80598,1186.39107,1271.11654,1299.88335,1330.46837,1321.16348,1270.32615,1188.17596,1172.01116,1205.94969,1281.30975,1327.24749,1351.74185,1319.02537,1225.26463,1328.59226,1330.45325,1437.18632,1324.50326
1.A.3.b.i,CZ,3756.73804,3562.32423,4520.06248,4474.56647,5293.58053,5455.6207,6113.35407,6190.77356,6568.12142,7008.96544,7080.74955,7421.93135,7769.12577,8857.2744,9161.14119,9602.48009,9552.53473,9898.23514,9777.96415,9718.5089,9088.67153,9102.76955,8988.9335,9008.12747,9132.70846,9304.6878,9952.59192,10199.28918,10392.56172,10641.90226,9948.07184,10590.85918,10944.12533,11610.48809,12032.49498
1.A.3.b.i,DE,112755.31778,114147.05557,116219.69756,118199.54752,113217.76886,115799.0018,115817.41003,115117.55295,114859.09137,116445.1134,113152.17737,112626.68487,112649.58779,109307.5625,110352.88612,105711.25812,103259.22954,97403.37757,96481.57567,96652.40161,94594.58971,96377.91562,92875.84822,95674.83733,98305.70886,99229.41154,101303.67791,102386.49804,99034.11378,99112.96285,85456.86407,86912.55628,89250.54954,88757.85709,89323.5465
1.A.3.b.i,DK,5042.74323,5389.47885,5637.79812,5780.06197,5986.27723,6042.20015,6106.41275,6262.40581,6378.19809,6400.26522,6368.27787,6271.1154,6368.72065,6527.3544,6584.35617,6505.17794,6560.73771,6785.45296,6712.41473,6562.71493,6438.16898,6299.86899,6198.43318,6197.43222,6247.27649,6399.9252,6449.09329,6540.05186,6700.89968,6662.61236,5895.43681,5914.19511,5849.03533,5793.76915,5371.59347
1.A.3.b.i,EE,1146.36562,1149.30796,470.36124,547.55353,832.01796,772.23152,829.43088,886.62341,837.34853,810.98296,810.89625,1027.29283,1015.42873,1031.21897,1055.1435,1116.18109,1234.33918,1343.52614,1311.17203,1278.80989,1262.06356,1257.87287,1285.89285,1293.62574,1356.65874,1388.0561,1482.18736,1515.7961,1533.85621,1526.42654,1436.06981,1424.4358,1407.77707,1435.2174,1386.03519
1.A.3.b.i,EL,5615.35296,5786.88562,6043.46337,6169.93185,6249.05094,6507.5164,6972.89693,7247.26873,7618.02921,7851.59825,8079.27628,8424.0298,8847.44885,9346.53683,9644.10299,10175.13305,10509.49906,11060.01572,10779.88148,11208.35883,10066.04941,9551.0781,7934.39359,7409.28358,6928.04703,7163.1579,7224.19867,7171.9088,7106.94928,7178.43593,5918.00443,6702.12284,7058.74893,7138.0207,7119.31215
1.A.3.b.i,ES,29292.18291,31228.26745,34887.03931,33532.51701,34648.42463,33850.96158,37319.21483,38808.30291,43196.77148,47048.78632,48155.79913,49454.39812,52220.73763,54748.1613,55504.87895,58519.9689,60456.90086,61601.78518,58861.03428,56908.004,55174.7673,52628.83346,48704.17845,50411.79607,50957.99278,52298.32844,53983.09078,54284.80901,54636.47948,54938.87339,44138.87339,50173.66324,52943.43429,50769.02633,52285.09858
1.A.3.b.i,EUA,381526.01566,387401.51768,400015.56314,403171.99028,405003.1404,412215.6521,422043.02078,426298.67677,440688.2433,451897.15745,449941.91429,457782.19549,467821.97132,472745.85911,479761.99365,476496.40136,483140.48305,485401.44838,477632.96889,476793.48136,468410.11966,462760.06623,443523.48182,446076.02436,454473.78278,463025.96095,475038.99643,475799.04439,472167.03801,473929.32909,398383.43619,433548.14329,448079.8631,446771.57808,450677.43321
1.A.3.b.i,FI,10803.93276,10488.61831,10453.69557,9982.82707,10310.01413,10161.63741,10108.00406,10594.20852,10703.09768,10909.56944,10823.58357,11013.61359,11237.63321,11424.99877,11783.02862,11807.84559,11963.26446,12348.94116,11807.02587,11269.72977,11718.62038,11538.82949,11303.08497,11127.79956,10077.4482,10092.89173,11318.82371,6000.47,6005.99271,5837.8775,5421.95794,5236.16542,4984.70729,4856.33584,4969.07878
1.A.3.b.i,FR,67608.15435,68153.03331,70733.94134,70645.99276,70634.42841,71531.2293,71977.49512,72397.13588,73650.40366,75366.59465,75152.09478,78037.81135,78714.4724,79262.32016,78814.52694,77412.4513,77635.21511,77371.26281,73826.9175,75201.43758,75299.16812,75032.77983,74034.32083,73713.30465,73798.34429,74466.52854,74495.53862,73851.17013,71590.67636,71306.88896,57821.47722,65414.63213,68967.60345,66672.25033,66138.11957
1.A.3.b.i,HR,2331.30286,1761.85327,1617.36862,1642.29647,1846.73668,2133.50743,2278.48884,2488.14753,2687.3078,2836.73176,2924.95162,3092.14439,3031.51167,3328.18951,3358.75464,3554.95942,3858.10492,4276.48299,4154.75728,4154.56946,3903.01637,3850.72916,3928.70931,3684.91829,3796.86169,4084.14797,4296.8443,4309.51045,4189.98657,4196.19012,3751.76798,4106.8641,4374.13676,4917.55968,5421.29719
1.A.3.b.i,HU,4920.87743,4456.02106,4379.14968,4589.91805,4517.86158,4519.99826,4293.61554,4382.77049,4475.5908,4578.02074,4543.55126,4810.56323,5079.53623,5409.31483,5647.88835,5963.28785,6129.51149,6457.69926,6439.28895,6563.07678,5838.52557,5310.41066,5441.93274,4858.96677,5535.09016,6059.41863,6314.63716,6646.43308,7148.39423,7875.7749,6871.21733,7513.78585,8095.86979,7642.70971,7664.84901
1.A.3.b.i,IE,2924.44837,3037.08047,3252.63236,3280.4721,3442.63065,3675.11741,3958.99789,4241.83537,4695.47186,5085.93089,5297.68397,5512.3382,5674.21008,5705.21982,5892.53147,6248.65537,6465.51245,6721.30667,6697.56448,6336.58618,6037.25892,6090.96456,5958.51084,5973.4107,6057.65944,6107.57493,6128.92579,6025.02968,5959.21025,5847.5107,5055.91431,5156.60926,5511.50959,5547.6205,5615.57945
1.A.3.b.i,IS,386.22295,399.0191,407.45803,401.00691,406.00779,404.7422,410.30027,417.57225,433.14397,446.68886,446.82723,451.6291,458.27584,479.27649,496.74584,516.85886,553.18596,561.00098,543.87641,549.62327,529.05287,518.20261,510.44168,516.04728,515.3279,528.38025,562.45331,580.79219,582.31413,563.14454,482.68496,469.65017,500.09567,487.71654,488.54793
1.A.3.b.i,IT,54852.77561,56090.48797,59192.28074,61170.17093,61607.52388,63276.76,63905.83791,63792.79934,68117.53469,68867.32178,69874.61605,69243.16393,71500.22895,70859.0101,71805.04798,69021.46995,71043.72506,71680.73693,71024.52734,70642.51019,68249.1143,66365.0291,59184.54161,62824.83322,67028.57386,68966.40419,69175.53195,68191.09528,68169.15242,68175.58214,51858.69074,63886.69065,65417.50003,65029.57409,65280.6462
1.A.3.b.i,LI,75.27943,88.4432,87.66947,85.56318,78.27852,80.22494,81.49296,84.98949,84.74996,88.8954,89.69554,86.36457,82.48126,82.36901,81.29849,80.88426,78.35395,82.47394,86.90651,81.06313,76.91159,76.13677,79.16993,78.8959,73.08272,61.21409,59.84423,60.2593,58.23403,56.70757,52.19655,55.45011,49.72254,53.46306,42.46795
1.A.3.b.i,LT,2508.04138,2993.7916,1739.89435,1375.40075,1145.32491,1603.60748,1771.45081,1833.21593,1854.61087,1528.38524,1390.3214,1470.72545,1572.1087,1724.2265,1877.56491,2071.80734,2316.58594,2834.95249,2769.11698,2361.02319,2325.73394,2239.44535,2259.34668,2345.63007,2460.01723,2649.44923,3007.16386,3110.32818,3277.68588,3371.21645,3190.43594,3132.70786,3142.68375,3195.45329,2814.86692
1.A.3.b.i,LU,1568.26015,1870.75387,2056.91916,2080.99439,2243.54816,2131.35008,2191.14519,2318.82606,2390.36427,2533.44096,2699.47851,2766.35426,2818.95047,2985.96005,3046.42825,2947.21824,2828.38876,2809.43071,2852.07338,2782.59965,2727.2978,2901.32163,2889.50422,2713.82053,2659.52512,2555.67602,2471.80694,2471.84257,2482.33916,2522.00758,1865.53017,2126.54754,2034.56463,2131.6074,2143.2268
1.A.3.b.i,LV,1204.45258,1080.62652,991.09153,962.50123,920.25762,855.87723,843.91079,828.50976,852.74163,862.31448,1013.23504,1217.07414,1255.67053,1330.66072,1420.10366,1465.96086,1682.00707,1952.97034,1858.8231,1682.67634,1673.84699,1516.45698,1474.366,1471.09159,1584.90379,1714.09697,1768.32118,1843.68882,1864.41982,1875.87934,1794.0303,1749.1407,1673.09683,1697.24836,1524.65999
1.A.3.b.i,MT,221.1591,236.57359,251.56972,263.16525,273.47938,283.60536,294.24337,301.37953,303.10199,309.27077,311.87999,320.2727,324.02567,326.08516,315.80358,320.84618,324.73108,334.4102,334.31336,333.31886,344.54324,337.09717,334.83098,345.73637,352.5684,372.44427,372.96675,378.03397,405.50475,419.7983,335.79938,367.34069,415.44101,428.41605,434.481
1.A.3.b.i,NL,15624.67743,15612.72193,16076.17511,16461.36729,16727.60294,17095.58892,17690.67831,17627.28282,17915.38132,18172.00069,17787.47242,18193.87884,18573.03152,18715.97122,18847.88222,18768.78945,19028.12781,18494.78872,18321.76912,17952.19441,17902.99569,17719.20659,17166.0894,16678.44356,16248.69625,16267.32739,16703.4535,16808.74933,16789.34583,16574.84187,13284.36895,13377.82632,13549.82588,14451.5266,14098.15745
1.A.3.b.i,NO,4933.58328,4798.72957,4695.67241,4688.0832,4663.74361,4587.18007,4805.57069,4736.30293,4806.50526,4846.56664,4741.74446,4985.55521,5054.184,5100.9382,5228.26948,5240.29754,5332.79526,5465.36066,5392.18327,5367.74594,5492.05679,5374.51807,5374.62367,5374.01327,5436.65719,5449.75837,5296.92142,4870.08806,4888.80767,4440.43854,4134.165,4115.20643,3983.55125,3516.2787,3279.37101
1.A.3.b.i,PL,7788.37744,9598.32828,10378.01682,10720.99078,12207.66971,12963.36489,14351.28647,15587.74623,16101.78892,17982.37688,16364.94775,15965.57443,15588.12863,16430.55726,17991.13832,18069.23827,20709.05442,23048.79429,24018.82689,25435.69342,26723.34778,26695.43795,26144.09789,24669.99011,24755.48412,24162.93271,27503.39123,32188.73434,32916.54917,33800.25886,31602.89215,33597.1749,34593.95483,34856.37684,35293.58881
1.A.3.b.i,PT,4366.08545,4869.26646,5515.8197,5916.02471,6249.47377,6607.83202,7064.61303,7435.34018,8106.49623,8527.38415,9149.10988,9254.887,9859.06951,9977.21962,10089.15322,10028.32589,10069.93268,9953.03461,9903.06447,10113.16772,10047.91614,9466.30778,8874.68363,8857.7734,9136.43018,9274.88672,9504.19502,9747.14808,9820.4587,10163.88323,8603.30096,9140.71358,9519.37461,10135.61843,10135.47008
1.A.3.b.i,RO,6433.51461,5307.31907,3667.2802,3247.49692,3660.97377,3096.45166,4309.7272,4514.80944,4435.00088,3653.38914,3746.95209,4985.67341,5000.48555,5096.84041,5317.4774,5682.23925,5742.03116,5938.44855,6598.83947,6911.4542,6364.8303,6441.17861,7347.57934,6854.22958,7371.61501,7323.09402,7937.98746,8691.93062,9142.28521,9174.96685,9176.90078,9761.2673,10580.45692,11444.83382,11553.46958
1.A.3.b.i,SE,12551.33539,12717.4803,13042.63004,12391.92034,12574.86042,12781.48643,12695.88111,12539.45203,12390.95604,12585.76031,12629.09154,12726.09147,12969.2929,12960.1135,12864.10774,12841.40851,12679.93419,12755.69808,12423.4173,12424.65933,12159.80998,11856.12697,11366.18447,11253.24428,11160.4364,11380.55807,11163.23285,11013.63444,10521.79569,10426.11586,9494.14909,9397.00437,8402.11279,8225.09122,9721.93815
1.A.3.b.i,SI,1804.91418,1695.94381,1866.63103,2237.33593,2491.05995,2691.3358,3016.70199,3030.92678,2686.1221,2647.1025,2745.87654,2753.47471,2787.65311,2805.68175,2770.59859,2849.49061,2986.98548,3271.29591,3767.27321,3322.6326,3497.01505,3693.15187,3646.72394,3446.36488,3410.02489,3369.45161,3562.51378,3591.6967,3573.86636,3427.0082,2620.97093,3057.65795,3626.06479,3508.89959,3649.36483
1.A.3.b.i,SK,1421.64048,1417.4298,1511.75639,1692.81445,1814.43994,1904.37813,1937.17978,2119.63655,2376.42155,2411.55738,2070.20503,2390.28614,2304.59245,2310.54347,2242.78278,2612.11823,2364.57704,2569.82673,2540.87202,2552.57372,3273.64377,3170.58917,3425.8338,3501.28614,3561.49627,4104.18604,4172.69105,4280.97627,4310.48688,4546.42666,4696.54116,4313.82546,4512.25948,4499.64018,4713.14355
1.A.3.b.i,TR,,,,,,,,,,,,,,,,,,,,,,,,,,,,,,,,,,,
1.A.3.b.ii,AT,1018.23287,1047.80848,1093.31064,1110.87236,1153.22969,1173.11929,1210.55968,1232.26578,1267.71105,1305.90636,1332.39311,1357.83974,1396.65219,1424.30259,1441.47167,1426.84756,1390.57748,1406.35883,1359.14516,1320.11465,1338.5344,1356.19039,1347.17113,1366.34092,1386.40786,1412.79395,1473.13308,1517.5888,1529.20238,1574.65877,1587.78099,1710.81719,1736.83148,1711.86459,1666.76958
1.A.3.b.ii,BE,999.80663,1065.79859,1140.97394,1279.56487,1367.94073,1416.95343,1511.3508,1618.20484,1719.78793,1802.53779,1926.2033,2040.62194,2140.19751,2242.67242,2443.86142,2496.78806,2622.14165,2755.18866,2764.23978,2722.38499,2659.73896,2648.1427,2667.64134,2561.73479,2631.89032,2864.79105,2894.73544,2897.07947,2923.95753,2904.09264,2459.47569,3172.73417,3137.13538,3309.1355,3502.86684
1.A.3.b.ii,BG,1278.84032,653.95353,763.38267,876.06864,838.76803,912.88087,830.26195,656.25573,834.19092,818.72116,697.88021,643.47255,658.00658,694.15293,789.15271,815.4358,744.80121,684.59226,732.91109,712.82774,679.38098,696.20279,743.11681,631.63796,740.27067,828.32582,824.8292,830.58536,885.79,931.67614,887.43514,978.06019,955.78757,982.49771,1041.14928
1.A.3.b.ii,CH,859.4702,882.56064,888.48643,823.9855,857.63883,851.01094,833.9867,854.02153,860.5118,894.05675,913.30551,918.02129,926.37645,913.72809,930.81349,961.55704,991.49552,1020.59559,1060.44739,1028.90808,1006.31293,1015.88268,1062.88884,1067.21095,1084.16629,1057.89298,1068.93647,1052.67487,1082.73639,1106.52206,1220.60839,1221.52867,1224.60596,1230.1915,1220.15625
1.A.3.b.ii,CY,428.32065,423.92323,528.64353,549.68294,569.32974,633.46907,596.8107,618.46268,680.92014,702.04956,684.62993,724.4771,686.49458,696.8147,693.41661,673.43695,621.15916,597.02902,596.55732,572.96758,579.63925,536.69193,459.40822,393.56635,370.489,389.09864,410.68499,415.36146,448.00896,364.30907,381.74976,451.16675,416.88208,396.79923,460.84514
1.A.3.b.ii,CZ,354.21556,344.22575,397.42518,433.21887,553.52388,576.35743,665.82567,729.6844,952.3857,1003.04404,1136.56499,1270.65304,1359.141,1640.7383,1892.50828,2063.53642,2528.43025,2841.32599,2947.54486,2851.81904,2507.98845,2358.6863,2167.58756,2109.31721,2064.76864,1959.71796,2018.98855,2079.87397,2015.91843,1994.96436,2064.46917,2333.25815,2287.7439,2341.65413,2382.88303
1.A.3.b.ii,DE,4981.82,5533.72048,6065.76038,6768.52163,7369.5579,8154.64709,8662.51762,9123.20093,9538.24597,10168.75465,10447.19543,10677.03585,10607.49509,10264.86957,9998.01182,9898.45726,9714.44927,9108.42199,9157.75901,9144.65949,9009.6012,9179.31499,8943.65688,9306.46824,10007.11531,10588.23517,11203.21623,11686.26295,11689.90767,12005.92613,11407.88625,12216.91976,12470.63338,12191.97096,12384.08828
1.A.3.b.ii,DK,1356.67732,1452.02209,1454.69647,1486.49787,1542.39494,1532.21997,1552.93356,1569.85711,1604.32303,1651.21508,1689.68316,1749.32008,1759.90436,1827.84945,1955.23075,2060.92359,2257.15938,2456.88478,2429.86177,2238.72712,2165.50175,1970.09799,1829.35493,1732.46233,1654.27999,1670.86358,1661.17713,1674.81113,1691.90246,1611.46389,1496.37459,1536.48794,1629.00006,1631.6461,1640.0215
1.A.3.b.ii,EE,176.42437,170.85008,89.68634,98.18905,106.54494,113.78631,125.73145,141.86886,123.02901,131.03259,128.27549,181.29678,215.26155,203.93441,236.83319,232.83751,224.90097,227.41095,218.89841,162.50082,164.79241,170.99867,177.79643,173.60785,207.408,226.76033,208.25376,236.91543,261.24494,253.61701,254.64622,282.47584,312.82221,306.11529,296.80804
1.A.3.b.ii,EL,2153.85851,2272.23697,2360.95321,2340.70335,2376.32579,2381.86538,2439.76569,2464.43489,2519.02327,2473.30722,2442.8461,2419.08766,2467.69536,2526.9148,2475.25284,2474.57347,2463.22781,2591.115,2541.45885,2392.95235,2379.06357,2041.25687,1660.5652,1900.86078,2240.30285,2772.9151,2829.14497,2660.64702,2602.52718,2641.62388,2599.15326,2767.84401,2939.03539,2887.48348,2987.7136
1.A.3.b.ii,ES,4893.96096,5155.6373,5696.60562,5661.00335,5989.96607,6293.81448,6789.84901,6606.73976,7144.12247,7378.40006,8044.79919,9570.44059,8579.92702,9004.84809,9070.8443,8194.20555,8528.17444,9430.79237,8376.72942,6959.12702,6786.75039,6550.21362,6026.81744,6401.09817,6227.47131,6485.21085,6165.92206,6568.45175,6639.98645,6800.08165,4919.26328,6870.13618,6940.77299,7006.22032,7052.76953
1.A.3.b.ii,EUA,57408.36093,58796.34253,60487.91795,63281.54656,65273.53848,67018.95305,70553.22472,72400.29721,76328.41866,79203.30674,79710.98005,83488.46952,83757.82005,86226.62194,89023.24087,88706.42752,91090.77753,92782.55465,88144.46036,82562.78904,79822.72401,82700.2684,79882.39496,76541.08322,78116.2358,80898.04437,81440.07861,82599.76997,83462.89114,83653.86352,76889.08735,87427.439,89813.48196,89846.95672,91548.54805
1.A.3.b.ii,FI,,,,,,,,,,,,,,,,,,,,,,,,,,,,1031.25469,1062.49178,1025.42573,1000.88422,946.58972,943.0707,927.97313,963.02783
1.A.3.b.ii,FR,17446.85278,18371.3903,19112.85305,19529.1634,19584.91361,19630.35772,19877.65481,20444.04907,20624.41695,20657.82461,20087.95754,20019.44023,19967.82891,19770.43911,19260.26589,18826.01825,18331.65854,17626.16914,16607.99101,16421.8242,16659.55229,16996.72437,16949.7891,17148.10816,17062.9987,17438.97839,17711.11811,17610.81204,17595.82846,17526.90535,15639.58753,17896.05283,17857.27713,17069.17929,16751.31224
1.A.3.b.ii,HR,345.39478,331.69558,318.25792,338.27205,312.66256,302.10458,297.58701,387.95382,421.41579,421.49039,468.23407,363.5789,505.25637,557.5904,605.56734,722.74097,663.43922,666.186,676.08394,648.69651,621.00271,593.98984,544.18024,489.27981,400.8283,414.40126,408.84696,546.13883,517.53794,556.39706,518.63501,630.46593,721.02058,842.26616,938.8578
1.A.3.b.ii,HU,805.14207,747.60838,628.01466,566.18896,573.44737,601.70628,618.84288,732.6605,932.04888,1125.92445,1086.98252,1239.45913,1480.34754,1579.06047,1676.39095,1950.89154,2353.31825,2562.16443,2613.5856,2576.12474,2242.54382,2235.12631,1615.44871,1526.88602,1625.51579,1748.15823,1717.12011,1764.21783,1780.61813,1978.45408,1742.15176,1992.27288,2194.03313,1995.16521,2000.15996
1.A.3.b.ii,IE,639.26556,720.41373,725.58121,660.39354,660.85005,646.01713,844.09523,898.64498,1180.47465,1316.05421,1701.67804,1803.87332,1865.97106,1957.29946,2195.65536,2322.31008,2504.60429,2711.64464,2122.79868,1923.01315,1733.9596,1645.35544,1555.78305,1613.54998,1684.57735,1850.52935,1827.3446,1821.72386,1858.27926,1901.86683,1676.99049,1901.77093,1967.16141,1994.45054,1963.40048
1.A.3.b.ii,IS,29.11466,32.01524,33.63932,36.8136,37.5079,37.13938,35.40877,36.54885,36.8345,38.07056,40.36048,42.12775,43.24072,49.08875,53.17923,55.04458,64.76337,71.11799,68.03824,69.03498,65.82298,64.56052,63.27599,64.35883,63.79014,65.44525,71.13003,75.75294,78.42676,79.02074,76.34449,79.29152,85.73183,86.81775,83.69696
1.A.3.b.ii,IT,9078.22605,8887.39003,8861.56202,10254.50253,10378.29256,10542.41523,11190.92672,11477.97187,11599.53292,11892.25712,11472.10814,12450.11418,12911.10705,13764.11826,14696.44619,15360.57701,16731.75483,17142.96616,15191.14995,12654.87414,9795.5607,13516.0615,13540.22952,11063.37278,10966.91641,10008.24584,8896.50833,7222.62917,8198.1047,7885.93095,7641.12146,9896.07418,11140.55388,11770.4562,12988.95646
1.A.3.b.ii,LI,,,,,,,,,,,,,,,,,,,,,,,,,,,,,,,,,,,
1.A.3.b.ii,LT,189.46953,165.79666,111.36307,83.33092,60.3072,88.65305,106.42575,104.719,106.37009,90.90502,89.46404,98.57564,91.58823,98.65795,113.6068,110.77106,115.6571,153.86811,137.77488,119.49655,129.21069,128.48154,139.66131,146.99202,177.52776,195.21696,220.51819,249.78317,261.06031,270.47788,273.90014,272.82688,272.06121,256.61521,221.53685
1.A.3.b.ii,LU,43.80908,48.15483,50.84052,55.89083,59.73677,63.27896,66.3546,70.28096,74.51969,85.09494,92.88582,97.25876,102.9025,106.97245,112.0429,116.74963,122.06369,125.82733,131.40778,131.59249,136.65319,141.34314,142.90171,142.87588,145.47437,147.27981,151.65101,158.98081,166.5119,172.9981,165.33033,172.53944,177.37781,177.28869,174.37837
1.A.3.b.ii,LV,116.26326,115.31324,105.92471,113.70865,112.13576,115.77217,120.75883,115.17541,118.0376,121.14707,136.46425,161.82335,169.82243,175.2737,185.49601,201.30281,213.37547,240.17955,228.02177,203.37565,217.67737,176.20825,179.98118,197.34929,218.7196,239.81652,251.27425,260.95589,259.05095,263.32023,257.53558,267.87503,267.58738,285.29082,269.12302
1.A.3.b.ii,MT,45.37049,48.23666,51.0115,55.89726,58.77555,59.40259,66.83215,72.61957,75.4964,76.59577,78.16615,84.70812,84.64605,82.40847,77.14435,79.24159,79.63815,80.82715,80.55327,72.85596,78.11613,72.78865,70.89846,71.04271,74.28514,79.44649,79.83825,84.90507,102.91973,100.07463,83.61247,77.27167,105.61754,109.25032,108.09907
1.A.3.b.ii,NL,2224.35297,2281.70134,2483.91624,2733.9644,2780.80839,2811.35283,2922.4642,3113.59328,3395.44664,3722.63366,3744.97906,4013.94251,4076.30994,4174.56502,4355.6763,4217.16293,3926.43677,3708.8253,3653.92484,3403.08776,3471.66466,3390.43495,3310.23265,3251.89657,3208.64889,3295.74511,3443.56417,3520.98126,3543.94147,3574.65809,3518.00122,3615.34339,3712.28169,3676.07473,3421.63988
1.A.3.b.ii,NO,729.84555,732.32673,773.18512,820.39777,866.52717,877.5894,888.83107,972.5369,1051.98283,1155.55923,1169.59739,1269.43576,1270.66168,1276.01623,1306.77592,1316.97627,1380.55683,1423.19348,1429.06365,1422.6828,1477.08123,1475.90876,1488.41062,1504.70215,1531.83354,1539.99583,1505.87467,1341.62717,1410.7476,1330.96276,1307.31562,1471.47442,1488.34316,1431.61924,1340.96254
1.A.3.b.ii,PL,4956.09398,4990.38698,4226.31745,3981.88627,4015.74096,4066.2139,4765.45586,4734.88675,5364.13565,6026.4926,5429.50858,5313.14069,5195.29482,5833.67013,6971.77392,5926.56434,6320.40914,6762.12299,6454.32146,6340.22007,7403.83595,7358.1711,6849.71132,5936.04278,6588.35694,7698.55208,8327.49016,8910.41436,8607.14744,8451.89935,8391.74113,9099.58595,8651.41637,8707.53956,8679.85347
1.A.3.b.ii,PT,1902.62538,1992.71562,2167.68263,2342.21877,2690.71867,2800.8494,2967.51126,3131.87907,3511.63332,3719.05411,4178.66007,4242.89766,4173.76474,4096.96919,4143.50855,4174.82985,4319.21328,4311.12675,4312.42364,4285.31921,4249.90717,3939.31494,3542.7527,3416.14772,3412.33822,3391.28619,3428.16357,3438.98466,3406.16951,3439.44095,2875.70245,3063.1846,3507.20888,3804.69094,3684.8038
1.A.3.b.ii,RO,592.19308,549.75969,600.79944,560.67142,676.50546,636.96265,851.76014,834.59977,885.94112,824.22542,890.84269,1036.68697,1083.9869,1208.36177,1112.59812,1633.84223,1749.63133,1668.08535,1848.74002,1870.06679,1710.16939,1771.41162,2214.17116,2034.24564,2176.76541,2208.84974,2390.4138,2512.98564,2573.31079,2548.20667,2260.88042,2469.12321,2732.2934,2684.74377,2732.00602
1.A.3.b.ii,SE,1017.16069,1081.81408,1138.17954,1080.99512,1106.88861,1107.97143,1108.41249,1114.76394,1140.51821,1151.24935,1105.05949,1201.4601,1290.72401,1351.13016,1434.77356,1436.97242,1502.94173,1577.08033,1587.35674,1573.35536,1670.27021,1738.72692,1692.0024,1655.77922,1611.86551,1643.93852,1549.44651,1561.38538,1521.6821,1556.08039,1539.00755,1557.8449,1342.84214,1378.20589,1878.56564
1.A.3.b.ii,SI,47.32023,49.11218,49.00047,60.05131,71.45319,87.7565,97.3383,117.65098,122.00419,134.16752,139.80919,153.40158,191.79739,193.99829,229.15953,232.10333,239.75083,312.42861,416.45163,358.45224,401.89464,444.1082,450.19038,422.08147,421.2546,415.15475,468.71442,473.7914,468.30188,448.32916,376.14486,467.97162,532.24522,479.0691,523.37455
1.A.3.b.ii,SK,316.66381,294.67673,265.17555,260.08821,262.72005,269.02531,265.19838,287.87324,392.68708,403.22201,477.7095,573.86306,695.69686,749.00983,856.5515,1057.30731,821.86329,1033.93298,956.76948,902.35344,1029.71412,1044.22535,1061.34514,848.33853,809.75887,923.73265,877.98075,862.24857,851.48877,870.98453,869.62639,780.74569,862.78905,923.30987,833.53779
1.A.3.b.ii,TR,,,,,,,,,,,,,,,,,,,,,,,,,,,,,,,,,,,
1.A.3.b.iii,AT,3314.1035,3685.53424,3856.93971,4134.47032,4164.38954,4395.56249,6214.24429,5253.96562,6348.88702,5933.08965,6621.37149,7246.52657,7784.10203,8378.32607,8428.70555,8490.09055,7427.76372,7250.55036,6676.96934,6201.76039,6916.20318,6317.48652,6473.34774,7528.76199,6836.95357,6755.98688,6995.97137,7275.59995,7378.77411,7676.18495,7297.72295,7541.8705,6302.77446,5091.17498,4784.63839
1.A.3.b.iii,BE,5830.6633,5783.38709,5777.90842,6002.48402,6090.56785,5968.65331,6140.70002,6384.39003,6551.09025,6661.52215,6885.7044,7097.96658,7290.08491,7511.06378,8073.73577,8121.67495,8402.00633,8843.43836,8523.59238,7913.10314,7857.0793,7667.85688,7387.24925,7462.41757,7590.1601,8167.71986,8159.04693,8174.17994,8373.1512,8260.53273,7681.88744,7791.96414,7551.04759,7680.16634,7856.5105
1.A.3.b.iii,BG,1345.39028,1007.94782,772.54538,780.55292,531.28574,530.69612,887.75247,1520.51532,1826.63493,1914.07797,1678.26354,1853.91137,1863.61142,2367.42473,2495.53811,2828.32354,2777.10934,2477.79521,2668.18094,2480.12953,2370.73454,2418.29563,2506.73982,2066.21955,2367.24334,2657.75959,2673.39451,2695.33724,2866.93516,2997.03496,2744.49996,2896.4067,2813.15242,2865.97998,3006.17693
1.A.3.b.iii,CH,1820.96825,1842.62611,1753.96129,1644.59973,1794.05482,1799.10114,1616.42115,1672.12727,1729.50781,1825.41778,1927.72966,1875.18816,1857.70314,1915.08249,1982.82473,2133.86601,2253.52623,2308.77176,2419.55218,2280.09958,2308.12649,2283.14248,2298.60064,2314.91931,2286.14353,2167.82886,2144.68721,2103.89108,2100.20072,2074.22199,2171.92949,2178.23092,2102.45547,2020.18423,1981.70596
1.A.3.b.iii,CY,160.10762,147.87762,201.90889,187.00989,198.06603,191.79461,200.12064,215.94059,215.26393,216.26429,230.50435,218.87457,201.37545,206.76491,208.6957,206.38716,198.35302,265.89254,270.63373,276.13795,281.22771,271.4949,237.00869,189.0774,183.24002,195.05445,207.78985,215.87336,166.13363,327.59877,174.50873,120.98311,118.64525,95.26825,133.21914
1.A.3.b.iii,CZ,5971.47447,5283.19014,4663.77666,4374.37725,4310.2465,3363.9584,2822.10109,2620.487,3337.93245,3083.11404,3045.2035,3431.59634,3587.70307,4002.43516,4216.85313,4920.40375,4830.46836,5049.40468,4845.26408,4428.27784,4408.78012,4390.2546,4485.14443,4412.08189,4832.54859,5524.10021,5545.06469,5700.62468,5766.97654,5694.56856,5034.39664,5362.74308,5528.69703,5320.328,5586.38149
1.A.3.b.iii,DE,32333.23008,34195.22081,37560.60703,39581.34276,40406.30766,41015.15573,40429.85124,41499.95619,44742.30221,47938.42121,47165.72868,43960.41545,42255.48249,39058.29839,38258.21402,36409.42211,40339.83234,37304.59278,37595.71669,37686.82164,40418.42438,40190.00227,42624.80295,43541.93427,41807.2876,43502.93827,43549.65555,45501.70217,44346.97986,44722.30162,42594.09033,41718.40645,40280.84659,37600.49981,36508.7178
1.A.3.b.iii,DK,2890.85988,2859.43505,2776.06602,2721.52228,2949.05227,2992.98068,3079.14957,3109.02564,3137.49732,3210.93626,3091.12405,3159.52649,3185.67302,3424.32223,3557.07113,3632.04422,3754.31474,3921.00928,3707.4116,3348.55994,3477.51018,3534.0926,3240.0037,3148.02138,3390.30849,3440.90392,3599.61324,3666.84686,3778.49264,3698.91067,3608.22879,3690.19781,3527.90391,3483.66857,2774.22931
1.A.3.b.iii,EE,911.32651,697.92948,452.44919,496.80671,505.74485,537.19506,531.91503,565.06637,671.18192,556.16932,541.01661,597.62528,658.42119,601.08738,602.31959,612.09128,641.11438,658.19818,649.19056,532.33041,630.54527,681.50901,685.9958,647.49726,571.17459,584.21448,572.77477,586.89609,571.4025,541.89778,465.92947,565.18873,622.45584,595.09246,681.55198
1.A.3.b.iii,EL,3795.79775,4317.20317,4304.30111,4431.87907,4466.4996,4610.68576,4734.15984,4759.71805,5040.39906,5091.98607,5046.17944,5032.71555,5108.07628,5552.53794,5421.23745,5359.78946,5522.78199,5616.05581,5465.73102,7019.35035,5939.23464,5131.25592,3797.21588,4307.37006,4373.68819,3914.74764,4033.67907,4018.45786,4148.75271,4464.74577,4031.42825,4119.897,4531.64023,4059.96132,4478.79648
1.A.3.b.iii,ES,15180.77899,15720.15982,15246.78894,16128.22409,17560.67547,19035.68298,19158.83628,18536.12596,19935.2684,19460.16012,19608.31774,20376.35831,20612.41576,21229.18212,23505.17122,24023.73277,24383.0236,25040.72215,23544.3276,20841.38078,19749.95058,18501.65742,16513.52494,16839.4595,17124.12094,18252.58056,18861.66236,19406.12608,19637.03923,20055.93918,18424.3926,20692.33366,21250.17786,20912.27397,21377.22158
1.A.3.b.iii,EUA,162270.77646,164254.23353,171402.09461,171041.40369,172105.94005,174117.72926,179765.22737,183126.18395,191691.9369,194926.95892,195646.41839,198983.62805,198962.6965,200528.18771,207826.40633,212941.74454,217195.40627,216113.91463,209541.50935,198192.78945,203610.19887,199253.24345,194723.20863,191884.6464,189647.23311,192857.88649,196236.35043,207120.34584,211012.00009,213497.88607,196071.39382,209156.65881,208783.32029,202563.30318,205020.39461
1.A.3.b.iii,FI,,,,,,,,,,,,,,,,,,,,,,,,,,,,3570.41667,3700.86041,3504.84774,3348.9052,3125.66432,3185.91615,2980.14442,3038.78905
1.A.3.b.iii,FR,28298.02358,29294.38189,30499.68304,30084.45772,30863.13991,31144.786,31355.95015,32410.6043,32768.48631,33821.50307,34030.6666,34265.44369,34457.9499,34012.26083,35257.24914,35023.63414,35190.16178,34910.22876,32930.18224,31486.96831,32001.82545,32864.1768,32138.27756,31986.13819,31825.87163,32276.57769,32211.47925,32941.18789,32404.19659,31930.6884,29090.06298,32403.53399,32091.15392,30473.10676,29977.68945
1.A.3.b.iii,HR,799.17235,481.32929,548.08381,681.79401,725.30138,605.3934,738.50885,808.07296,739.44928,825.30685,714.92441,706.78561,916.89973,951.66254,1012.59021,889.61713,983.8888,972.36662,886.40996,925.90823,1019.96035,965.73743,783.19773,1164.78689,1068.79844,1095.3228,1102.42182,1411.48145,1331.01945,1458.02837,1212.7573,1169.69199,1269.86981,1434.38807,1597.48177
1.A.3.b.iii,HU,2073.85106,1778.95446,1801.09682,1680.97435,1566.37637,1690.45083,1863.9557,2087.06366,2620.8924,2778.48137,2833.91622,2891.00988,2991.52783,3031.62715,3137.9278,3468.50722,3702.23938,3496.72408,3396.2941,3292.18828,3079.74693,3042.36428,3195.70459,3179.19218,3536.94639,3941.6618,3730.09367,4094.42897,4362.48944,4243.93876,3471.99625,3980.05718,4302.00854,3891.19305,3818.87139
1.A.3.b.iii,IE,1119.70681,1113.4617,1311.16534,1327.60175,1388.11556,1357.49925,1798.75581,1810.05884,2363.39194,2706.77599,3139.89861,3283.35842,3267.60778,3324.42435,3553.78027,3769.90909,4005.76598,4210.41575,4110.70847,3500.05434,3088.71293,2879.76772,2734.79129,2880.98673,2969.71739,3234.61603,3664.87667,3646.19196,3809.58339,3862.44258,2942.87316,3253.72692,3535.5748,3492.33796,3315.85333
1.A.3.b.iii,IS,103.79179,106.01755,110.08834,110.20736,112.20367,103.44368,79.8805,101.99138,93.98464,104.66472,114.1175,113.77763,114.59076,165.83981,180.59338,186.88066,252.16359,267.83075,233.98556,227.95019,205.04984,199.35413,203.41566,211.52314,212.18371,219.81593,254.47238,280.77144,302.19106,300.73966,259.80821,298.26949,326.90853,333.112,312.31381
1.A.3.b.iii,IT,25904.37642,26614.50882,28222.58381,26615.06319,25931.50832,26009.28539,25221.09259,26396.79038,25451.41756,25490.79613,26402.89849,28306.54543,27747.94062,27607.00663,27601.35017,29185.99176,27235.34645,26941.88128,22629.12222,20662.83131,23687.59161,21663.40848,22343.72788,18740.35566,19590.32011,16412.06968,16083.28131,14926.92783,17105.17715,17967.66497,16003.97174,18561.30199,20623.12897,20555.07189,22991.14025
1.A.3.b.iii,LI,,,,,,,,,,,,,,,,,,,,,,,,,,,,,,,,,,,
1.A.3.b.iii,LT,2524.61207,2637.50583,1847.47107,1289.07785,853.828,1059.07977,1154.07715,1489.70262,1668.88026,1611.94485,1368.77541,1557.28509,1564.15432,1452.95402,1612.76421,1643.05675,1647.09596,1827.22096,1883.64195,1484.66177,1620.06413,1674.89981,1658.03892,1575.52584,1895.23691,1958.93664,1951.66261,2025.21037,2192.34694,2326.6201,2360.72657,2407.99047,2360.65765,2445.63324,2606.02693
1.A.3.b.iii,LU,957.28777,1243.44246,1345.83446,1360.79269,1249.76712,1122.45792,1173.52204,1310.7936,1430.81315,1709.15927,2064.32442,2251.05022,2375.63718,2744.41591,3640.64794,4103.6495,3873.56578,3589.95096,3628.35311,3157.72182,3579.99929,3757.30266,3454.12609,3497.20581,3230.03247,2900.3554,2800.45134,2927.75838,3286.45507,3398.50526,2523.74382,2552.59015,1944.4198,1695.01547,1509.19076
1.A.3.b.iii,LV,1078.5208,1030.65601,931.10629,922.99155,882.71477,832.23594,804.80444,805.43085,776.07171,763.16792,797.32022,957.3103,978.92482,1012.59147,1046.32119,1112.3049,1230.69189,1354.9611,1246.0113,1016.09695,1103.31301,914.0332,835.21528,869.34249,878.99651,922.49611,906.47346,981.19337,965.24888,974.78224,921.86225,1053.50091,1057.50196,1031.81353,950.25463
1.A.3.b.iii,MT,64.95322,68.31643,72.1299,75.35227,79.42332,79.09815,83.26764,83.01657,85.57136,85.79887,85.82366,92.57233,91.82884,92.01827,84.30973,86.96147,88.51398,89.18665,90.69679,79.88699,91.72455,88.41951,83.29766,81.97933,81.80978,87.47508,89.13508,94.29993,111.00732,126.0106,94.72852,96.10025,130.46245,133.21073,131.63344
1.A.3.b.iii,NL,8354.47283,8732.85485,9591.82645,9791.30707,8899.83406,8852.46787,9385.9175,9226.35069,9390.66721,9327.45663,9658.60833,9228.986,9518.16216,9826.08758,10053.06924,10413.22455,11300.82027,11094.57463,11491.28913,10573.56596,11170.48407,11420.0323,10669.17701,9478.66453,7656.71396,7305.89708,6875.11359,7469.17547,7643.19116,7460.51558,6555.50346,6493.75139,5991.90727,6274.02687,5669.61209
1.A.3.b.iii,NO,1564.91094,1582.44785,1676.74308,1810.72931,1685.37918,1857.1401,1993.67975,1966.16054,2038.9861,2312.32412,2238.32363,2382.67413,2386.92654,2476.8516,2617.45515,2761.01623,2888.40338,2943.10669,2869.8335,2743.49724,2803.72158,2857.72503,2864.05858,2893.13121,3004.4465,3009.87558,2922.58892,2640.29206,2794.67903,2693.45137,2639.21792,2833.7271,2983.272,2864.12436,2663.84783
1.A.3.b.iii,PL,5311.73687,5056.42887,5810.07984,5207.54409,4647.89873,4640.27976,5831.21802,6212.53831,6642.40849,6667.67322,5059.9883,5414.27694,4988.19674,5876.26659,6958.76459,10302.62413,10956.23636,12350.21683,13525.92429,13146.34474,13425.60807,14065.40597,13129.86184,12570.02867,12151.06185,14108.91267,16771.33755,19869.71454,21127.90588,21543.44477,21019.70427,23492.26401,23434.62075,24039.87456,24514.69753
1.A.3.b.iii,PT,3396.27931,3524.23343,3569.60101,3487.34216,3489.71052,3610.45131,3790.7247,3921.01586,4244.61941,4475.08903,5106.53358,5338.66772,5241.72609,5116.91278,4891.89074,4632.94832,4484.80506,4211.87866,3961.74152,3749.5574,3644.65105,3276.22841,2872.89713,2670.06334,2707.62368,2704.23913,2828.73383,2841.06223,2871.02822,2969.53183,2540.2691,2760.62413,2905.52582,3036.64932,2947.36174
1.A.3.b.iii,RO,3143.74974,2472.18639,3669.08192,3113.3759,3199.93493,3148.96505,4943.18507,4345.1731,4208.71396,3323.35461,3540.92306,4516.67489,4707.30343,5377.71461,5711.9372,4342.68746,4642.49768,4523.76526,5203.34306,5120.95957,4918.51338,4851.66121,4563.08519,5130.39066,5262.82472,5350.65998,5659.54797,5829.52883,5852.69326,6165.72376,6037.0752,6293.48585,6835.3254,7067.4726,7512.36616
1.A.3.b.iii,SE,4042.86628,3733.97627,4231.9149,4238.44342,4592.62641,4457.10017,4334.8982,4512.73408,4755.05,4845.29876,4795.18895,4795.9952,4938.0829,5097.11098,5393.8726,5690.06965,5751.66695,5905.40775,5779.17303,5397.29863,5721.67061,5527.00912,4974.13412,4678.02763,4406.25081,4233.09379,3799.32251,3567.31008,3387.89564,3384.82602,3255.51317,3331.99757,2877.66738,2951.69851,4025.21364
1.A.3.b.iii,SI,746.96247,706.23063,602.81191,760.93849,860.5055,1040.25945,1231.53356,1405.41439,971.50863,792.65694,632.65868,770.97771,807.84265,842.76825,1025.05004,1210.86172,1301.66288,1538.43981,1849.48568,1372.74972,1289.00701,1398.25386,1457.28822,1386.28523,1425.19837,1442.47334,1569.75601,1661.33426,1668.76958,1626.82694,1475.36553,1567.80424,1524.92027,1268.71256,1389.60713
1.A.3.b.iii,SK,2720.47251,2067.88097,1734.33269,1565.67786,1692.41965,1825.55385,1854.98548,1836.23301,1767.53775,1636.75433,1500.55565,1631.1721,1821.96588,1830.923,2077.3396,2461.73698,2523.67927,2669.03617,2982.11456,2498.14346,2117.63655,1760.63695,1879.3549,1852.83232,1883.10465,1887.09342,1994.0114,2021.47937,2157.49413,2113.77316,1159.25015,2112.58228,2185.31814,2088.53995,1837.16173
1.A.3.b.iii,TR,,,,,,,,,,,,,,,,,,,,,,,,,,,,,,,,,,,
1.A.3.b.iv,AT,66.62513,66.17007,68.53575,70.94377,74.64897,79.68562,84.62573,89.56347,95.65752,101.62878,104.84816,107.80246,110.95405,113.84513,115.69434,118.61434,122.25695,126.51437,128.80896,133.11941,136.49404,141.01327,146.3415,152.23043,156.91802,161.66087,167.09366,170.78593,169.06542,167.57567,152.819,145.05593,148.01684,150.02259,153.83332
1.A.3.b.iv,BE,94.53549,109.89402,135.11803,150.83132,174.40753,198.49596,198.14406,191.67534,198.18595,199.84597,195.36226,204.25294,212.20616,223.69453,223.11145,204.95009,218.75605,230.89667,225.92821,222.53714,210.33696,208.15535,204.18592,195.27036,203.10622,200.82565,191.27487,179.22036,185.20898,191.06742,157.86284,181.82679,190.67851,187.27727,193.87334
1.A.3.b.iv,BG,300.02464,135.7079,165.63323,183.05325,176.19582,185.54991,152.64233,97.9785,120.87564,112.80035,88.7995,73.29077,75.10507,67.26885,20.39633,19.43367,18.92998,22.04737,23.66745,25.8735,25.29172,23.95376,23.31341,20.39507,22.29697,26.44935,27.7833,35.06583,36.05275,38.03987,42.54281,51.16115,56.17262,57.62447,66.67784
1.A.3.b.iv,CH,262.81767,262.56224,276.89437,254.1254,230.14023,218.43132,211.28476,210.40534,209.49881,219.17889,215.11138,216.12188,219.8422,226.56751,228.76586,228.63336,229.15283,232.67951,237.28939,235.46609,236.20282,237.60395,238.95337,236.03709,233.85574,222.30906,221.1708,215.84227,214.45771,211.43018,208.43562,206.81861,189.7469,195.35513,188.22807
1.A.3.b.iv,CY,26.44948,25.84364,25.49113,24.04319,24.7774,24.29754,23.37522,22.67884,21.76538,21.5034,20.64629,21.61128,21.36445,23.24713,22.92761,22.08087,22.30992,26.41649,27.88826,27.81325,26.98621,26.24706,26.46125,24.22519,24.18097,23.54272,23.9841,23.1812,22.43271,21.48089,18.79478,20.19639,21.05276,28.49141,24.54987
1.A.3.b.iv,CZ,168.87935,153.85188,197.53431,169.99888,191.78462,205.16554,216.54383,206.60617,192.73858,174.97786,152.85556,144.3487,138.75485,140.71286,134.21087,135.74848,122.36053,127.82653,127.69404,126.82708,122.35929,122.79179,119.6491,116.95149,120.85541,124.267,129.18485,134.03279,135.47659,141.35214,137.05511,142.903,149.03779,162.89066,150.63179
1.A.3.b.iv,DE,1633.06213,1594.37827,1548.51788,1369.25511,1339.78995,1449.82006,1547.8824,1632.8211,1680.57653,1787.65621,1770.17228,1744.13008,1759.36536,1723.89544,1715.43811,1708.62144,1688.20494,1591.93939,1536.73199,1485.7268,1401.71446,1368.62684,1289.82671,1287.79388,1318.46572,1348.55566,1369.18834,1377.82098,1332.47093,1349.33283,1380.67213,1221.34166,1295.10521,1146.83507,1150.22533
1.A.3.b.iv,DK,46.38663,47.67081,50.03347,52.03915,54.43416,57.3802,60.39559,66.36176,72.15727,72.33277,72.20884,67.96832,70.22531,70.51875,69.65095,70.27211,72.68075,76.36793,76.15402,73.20966,71.39501,68.76941,68.83517,69.18874,70.20318,70.34443,69.77867,70.55393,70.95746,69.83958,67.38174,67.16597,65.58277,65.00025,60.96177
1.A.3.b.iv,EE,0.79316,0.60433,0.61526,0.62137,0.58517,0.9167,1.28058,1.47047,1.74616,1.86188,1.83493,1.87538,2.07857,2.32867,2.89587,3.4536,5.04833,6.54421,8.15272,7.04397,6.94483,6.49463,7.25398,8.14931,7.08819,7.64085,8.34596,8.6362,8.89526,7.40388,6.10126,9.46278,10.25614,9.295,8.63754
1.A.3.b.iv,EL,228.05408,255.55246,229.50091,296.17182,332.25334,356.40252,377.56022,392.30094,435.07695,475.24347,518.72525,562.14215,620.15756,650.63569,652.66919,672.18917,613.59883,614.20658,658.36469,675.22065,803.53156,821.5943,839.78163,840.46369,775.55319,704.86626,700.87878,682.94396,734.31303,725.80925,587.8713,673.68811,683.73204,670.64568,750.35858
1.A.3.b.iv,ES,1062.43999,1228.48595,1140.61965,1158.70071,1350.13767,1230.94772,1058.29229,1061.04883,1079.01566,1203.45912,1314.72947,1547.96724,1406.04188,1665.76397,1777.63224,1680.28331,1917.55692,2098.67874,2205.09484,2271.22443,2084.02694,1780.15669,1580.0843,1475.90318,1671.93689,1652.50518,1729.52529,1802.20358,1826.20585,1819.18719,1287.8027,1512.64063,1460.24392,1667.69564,1995.63476
1.A.3.b.iv,EUA,8029.88382,8183.93272,8536.93573,8943.18349,9072.44545,9449.87176,9463.60361,9743.54548,10303.5768,10730.92247,10337.62383,10752.15572,10952.14891,11294.6194,11369.79455,10565.50997,10469.42765,10373.79913,10813.63376,10550.13438,10340.94497,10133.13778,9921.31303,9652.959,9964.8564,9861.8116,9689.71438,9576.4809,9534.937,9863.14999,8635.52595,8861.50457,9034.1567,9458.18749,10264.1791
1.A.3.b.iv,FI,,,,,,,,,,,,,,,,,,,,,,,,,,,,91.26654,91.45215,89.54638,86.20894,89.86243,85.85823,87.25923,91.30247
1.A.3.b.iv,FR,697.76356,710.90842,733.26917,924.82995,821.2211,723.9341,726.69805,867.10163,1040.95788,1064.56164,1146.75657,1229.9266,1318.34343,1289.62313,1336.76244,1332.30782,1302.52995,1305.47973,1325.04479,1384.97532,1372.071,1396.3785,1391.26539,1394.88523,1401.69912,1417.76097,1424.52177,1420.36208,1430.78566,1437.90927,1239.74781,1282.39955,1437.11774,1402.2383,1534.08866
1.A.3.b.iv,HR,30.00956,28.20915,19.46773,17.66793,15.31671,22.3337,32.463,43.34669,37.85107,41.06694,47.68259,47.75166,44.19682,53.41888,62.33376,65.38098,67.55765,74.12311,86.45925,87.03493,83.70492,80.60533,73.11616,70.12372,80.14753,77.20954,76.83013,75.71159,74.47662,73.43328,62.86558,71.73961,77.04301,93.96186,102.00966
1.A.3.b.iv,HU,51.30422,53.0712,54.43165,55.07264,56.37789,58.82128,58.52536,57.04428,50.72962,50.05437,56.29655,66.17671,71.47226,75.83546,84.93174,98.99386,87.42583,90.38491,108.47864,102.56371,115.48273,99.22269,107.58979,114.42069,102.5912,111.18337,108.76396,107.36145,108.83587,126.27361,111.48755,115.41992,122.69118,120.54694,120.99004
1.A.3.b.iv,IE,7.00307,7.82411,7.96898,7.72147,7.43548,7.47638,7.68083,8.02227,8.71887,9.72857,17.66144,18.91762,18.36899,19.09395,18.35817,18.15015,18.09196,19.30692,21.05108,19.64135,17.67343,16.60627,14.99839,14.94286,14.7758,15.10849,16.48753,17.7753,18.06468,19.88425,14.78927,15.48084,17.3893,20.19076,19.16729
1.A.3.b.iv,IS,0.67883,0.72599,0.58645,0.40435,0.30391,0.31289,0.33565,0.49744,0.62673,0.60102,0.50883,0.5983,0.7535,1.02446,1.35503,2.13354,3.2389,5.21106,6.40105,6.78862,6.6543,6.49119,6.35884,6.13473,6.15764,6.09867,6.36328,6.2511,5.75556,5.5553,4.21158,3.67958,3.7918,3.82389,3.86432
1.A.3.b.iv,IT,2496.36035,2702.88077,3096.56126,3299.78778,3293.66547,3703.65344,3831.90162,3914.47802,4200.21787,4297.43324,3774.26373,3916.6554,4063.3125,4202.82479,4193.59746,3543.91838,3304.75054,3044.69112,3186.96515,2940.45832,2925.13527,3042.47576,3135.35438,3044.31763,3123.2464,2962.46978,2707.6788,2403.01685,2300.47898,2578.92778,2332.74524,2289.49082,2251.28448,2561.13502,2764.00553
1.A.3.b.iv,LI,0.00767,0.0073,0.00606,0.00526,0.00387,0.00366,0.00403,0.00452,0.00475,0.00533,0.00568,0.00531,0.00484,0.00459,0.00457,0.00459,0.00401,0.00402,0.00408,0.00375,0.00298,0.00269,0.00259,0.00229,0.00187,0.00134,0.00117,0.00109,0.001,0.00088,0.00079,0.00069,0.00051,0.0006,0.00037
1.A.3.b.iv,LT,25.02743,21.61909,14.91791,15.30013,11.82635,18.33282,18.45942,17.07925,15.43381,12.60359,11.44123,10.99701,10.54974,6.52819,6.45269,6.79307,4.94672,8.26971,8.7406,8.17286,5.33232,6.89236,6.59225,6.43894,9.64552,10.80128,18.24831,19.87445,22.21414,24.89326,26.22475,25.45623,28.25211,36.08059,51.7539
1.A.3.b.iv,LU,3.02446,3.24915,3.58444,4.07255,4.4548,4.45267,4.62103,4.66528,4.76496,4.88303,4.98319,4.89702,5.04704,5.18084,5.54493,5.46383,5.50447,5.42723,5.42071,5.67514,5.60779,5.59997,5.68038,5.88704,6.15605,6.29079,6.32158,6.65023,6.79146,6.83094,7.023,7.1947,7.32622,7.40327,7.61824
1.A.3.b.iv,LV,3.1293,2.75364,2.60772,2.34917,1.98826,1.59207,1.40891,0.98207,0.69487,0.52476,0.56994,0.61786,0.77231,0.9023,1.034,1.13409,1.60083,2.16755,2.35434,2.7575,1.53208,1.60538,1.64457,1.73483,2.40109,2.49525,3.68525,3.8116,4.40067,4.87165,6.22147,7.72685,7.9234,8.71218,10.26123
1.A.3.b.iv,MT,1.76049,1.8902,2.0657,2.17933,2.2859,2.36707,2.4705,2.49998,2.47101,2.56013,2.55588,2.5236,2.54675,2.56632,2.50141,2.51012,2.66312,2.90592,3.01981,3.15149,3.37226,3.06615,2.93328,2.96298,2.98262,3.18764,3.51339,4.0451,4.17073,5.18792,6.58149,7.05312,9.45614,10.27945,10.62105
1.A.3.b.iv,NL,220.82088,239.94994,258.77076,289.65941,300.13894,319.68369,349.90763,350.19077,355.97873,356.38681,355.78712,369.75126,379.80847,382.23693,364.16378,380.80382,397.04724,397.91664,417.79654,425.61053,415.01125,415.87867,396.4355,374.62906,357.01699,341.95096,339.24731,340.55092,334.83581,336.05669,313.05345,297.8563,281.99767,292.46673,278.40087
1.A.3.b.iv,NO,61.07251,60.51782,61.32065,61.08662,61.17661,63.36861,71.30493,76.66964,85.50023,92.23961,93.47376,100.12786,103.17286,107.20008,109.60602,106.12429,107.39677,108.19961,111.32715,116.49741,121.71767,122.56414,126.64867,130.66389,138.35404,142.90372,144.6022,145.98611,142.75859,136.92943,143.58462,135.98499,129.09057,108.92358,115.96816
1.A.3.b.iv,PL,370.54004,317.26569,327.35089,413.26722,420.86071,394.00074,333.29324,358.04964,332.43126,402.66817,320.79633,273.37433,268.07347,216.03339,204.78282,156.95575,158.67357,169.62726,305.65185,203.30197,193.97418,198.09546,199.52485,140.75776,196.1911,277.76586,233.98045,251.06307,262.29781,258.23176,241.61729,246.38511,227.19592,239.80886,258.67706
1.A.3.b.iv,PT,335.46686,317.03995,298.75359,278.39775,258.20697,242.73094,230.48288,218.09683,214.76627,205.27408,195.44061,165.13068,181.87646,181.7652,181.13861,177.84957,172.59366,169.60914,159.5135,158.04473,159.69194,148.45175,142.40651,143.78731,146.83233,152.94627,164.03951,179.59447,181.98102,193.81284,176.00885,209.404,233.44788,263.59315,277.12412
1.A.3.b.iv,RO,69.3724,70.22563,71.84549,72.68001,72.50104,72.95136,56.76211,55.76353,54.69705,53.99898,53.2477,52.95676,53.08565,52.50021,52.24467,13.14393,14.21832,17.7359,20.24051,22.52634,22.34153,22.61565,22.88808,23.66179,26.3359,25.08819,26.41352,31.89511,36.73877,33.87452,30.50624,33.45778,36.53465,36.7845,41.91225
1.A.3.b.iv,SE,39.17128,41.37738,45.5656,46.02674,47.05808,49.3038,51.02104,54.27696,54.99862,59.17481,73.80358,76.81838,83.39627,90.15931,90.02951,90.65065,96.53212,104.74189,101.88309,100.41919,93.23617,90.02876,77.26049,86.40741,85.00604,93.71213,94.9475,89.60129,86.23338,88.42529,92.14811,86.44527,81.61477,76.92091,81.87743
1.A.3.b.iv,SI,7.63244,7.16377,4.90021,4.78278,4.84687,4.89192,5.06931,5.30428,5.31896,5.90769,6.72228,7.047,7.4215,6.41547,6.04003,7.23309,8.86001,15.55594,19.09504,21.70303,23.30515,24.08535,24.51096,24.82555,25.79606,27.20139,28.66852,31.12419,30.91195,34.75856,31.39405,30.77154,25.9596,28.53527,32.00147
1.A.3.b.iv,SK,44.2474,40.34531,33.27499,33.73006,35.24623,34.68399,32.09644,24.13858,25.75032,12.78586,29.43256,33.22449,27.62402,27.62402,25.25158,28.57378,24.72846,24.41792,23.43371,15.50209,14.39194,13.72663,13.3791,12.60487,13.42789,15.98173,19.32902,18.33188,19.18829,19.14325,17.99916,19.91809,23.18578,26.49245,26.98368
1.A.3.b.iv,TR,,,,,,,,,,,,,,,,,,,,,,,,,,,,,,,,,,,
1.A.3.b.v,BE,1.30102,1.29943,1.4088,1.41631,1.45418,1.5037,1.48266,1.40246,1.4147,1.39585,1.37488,1.40766,1.42264,1.45901,1.39755,1.24315,1.30013,1.32939,1.30601,1.29126,1.241,1.18949,1.09962,1.06213,1.03553,0.9862,0.90407,0.81896,0.87102,0.86715,0.86316,0.90176,0.87437,0.82875,0.86667
1.A.3.b.v,BG,,,,,,,,,,,,,,,,,,,,,,,,,,,,,,,,,,,
1.A.3.b.v,CH,,,,,,,,,,,,,,,,,,,,,,,,,,,,,,,,,,,
1.A.3.b.v,CY,85.4231,81.90916,79.0822,95.72516,83.65128,112.59348,100.08867,102.48253,101.35289,106.40686,127.98041,134.34544,134.8151,143.19922,143.4034,142.14279,134.26194,132.78234,132.30081,125.37483,131.30232,129.4092,118.73151,106.17116,84.67036,83.56544,91.72832,96.65334,100.79288,83.08785,94.42251,105.94231,106.64179,97.3007,135.5326
1.A.3.b.v,CZ,,,,,,,,,,,,,,,,,,,,,,,,,,,,,,,,,,,
1.A.3.b.v,DE,186.38331,124.77085,95.20085,63.90628,43.71585,33.34397,27.24523,19.51887,15.08749,8.47011,6.05831,5.45858,5.66392,5.33458,5.30808,5.81083,5.83344,5.83941,6.12831,6.49906,6.04782,5.8685,5.52895,5.69418,5.43854,5.89334,6.05778,5.83054,5.75119,5.83762,6.05656,5.35193,5.72347,5.05154,5.045
1.A.3.b.v,DK,,,,,,,,,,,,,,,,,,,,,,,,,,,,,,,,,,,
1.A.3.b.v,EE,,,,,,,,,,,,,,,,,,,,,,,,,,,,,,,,,,,
1.A.3.b.v,ES,,,,,,,,,,,,,,,,,,,,,,,,,,,,,,,,,,,
1.A.3.b.v,EUA,399.82291,266.70125,546.56643,173.39472,171.95038,212.12702,153.495,185.01463,142.48697,122.42304,144.66995,305.63705,223.4482,186.98719,180.92217,179.97917,156.84057,164.83672,186.60594,197.09296,138.59114,136.4672,125.36007,112.92747,91.14443,90.44498,98.69017,103.30903,107.41509,89.79261,101.34223,112.19599,113.23964,103.181,141.44427
1.A.3.b.v,FI,,,,,,,,,,,,,,,,,,,,,,,,,,,,,,,,,,,
1.A.3.b.v,FR,,,,,,,,,,,,,,,,,,,,,,,,,,,,,,,,,,,
1.A.3.b.v,HR,,,,,,,,,,,,,,,,,,,,,,,,,,,,,,,,,,,
1.A.3.b.v,HU,,,,,,,,,,,,,,,,,,,,,,,,,,,,,,,,,,,
1.A.3.b.v,IE,,,,,,,,,,,,,,,,,,,,,,,,,,,,,,,,,,,
1.A.3.b.v,IS,,,,,,,,,,,,,,,,,,,,,,,,,,,,,,,,,,,
1.A.3.b.v,IT,,,,,,,,,,,,,,,,,,,,,,,,,,,,,,,,,,,
1.A.3.b.v,LI,,,,,,,,,,,,,,,,,,,,,,,,,,,,,,,,,,,
1.A.3.b.v,LT,,,,,,,,,,,,,,,,,,,,,,,,,,,,,,,,,,,
1.A.3.b.v,LU,,,,,,,,,,,,,,,,,,,,,,,,,,,,,,,,,,,
1.A.3.b.v,LV,,,,,,,,,,,,,,,,,,,,,,,,,,,,,,,,,,,
1.A.3.b.v,MT,,,,,,,,,,,,,,,,,,,,,,,,,,,,,,,,,,,
1.A.3.b.v,NL,,,,,,,,,,,,,,,,,,,,,,,,,,,,,,,,,,,
1.A.3.b.v,PL,,,,,,,,,,,,,,,,,,,,,,,,,,,,,,,,,,,
1.A.3.b.v,PT,,,,,,,,,,,,,,,,,,,,,,,,,,,,,,,,,,,
1.A.3.b.v,RO,126.71548,58.72181,370.87458,12.34697,43.12908,64.68587,24.67843,61.61076,24.63189,6.15022,9.25635,164.42536,81.54654,36.99438,30.81314,30.7824,15.44507,24.88558,46.87082,63.9278,,,,,,,,0.0062,,,,,,,
1.A.3.b.v,SK,,,,,,,,,,,,,,,,,,,,,,,,,,,,,,,,,,,
1.A.3.b.v,TR,24142.97,22685.57,23232.04,28403.0,26671.8,28941.72,30753.16,28992.55,27032.82,29346.49,30987.77,30693.5,31263.77,32517.43,34229.51,34668.43,37463.39,42689.16,39630.26,39289.36,39033.32,39994.81,55141.73,61607.36,65608.16,67889.31,74055.25041,77094.397,77289.16763,75130.6079,75024.21109,84698.62758,84698.25349,91796.00487,95112.06374
1.A.3.c,AT,177.97634,163.20875,161.95816,157.7756,159.14368,148.62651,134.48863,133.30922,131.24678,135.47228,135.19815,134.38004,130.30705,141.08922,140.608,160.96121,153.60981,152.56441,151.92109,146.62992,142.52644,120.4786,123.67876,106.24367,114.88586,86.92948,88.14582,96.72574,92.40957,92.64896,81.55252,80.74669,80.48172,73.37831,67.9892
1.A.3.c,BE,227.06813,223.27195,223.21872,203.72925,202.48643,191.61016,178.36002,168.09065,171.22185,162.33487,168.18001,148.12216,134.87784,129.94767,126.93264,131.6481,158.77414,169.29376,156.82009,119.99524,106.70277,103.23043,117.50058,90.6203,71.20452,72.03019,74.71984,81.90347,82.07983,82.20028,73.25238,75.31228,70.11299,70.77877,69.34105
1.A.3.c,BG,322.84629,241.56707,307.35689,352.46269,259.08865,230.52401,140.14771,134.78049,128.51163,119.10834,119.10834,103.43619,97.16733,87.76404,89.3217,90.89847,89.97015,78.36075,100.30176,62.6886,62.6886,56.41974,68.95746,46.7119,37.39175,49.8367,40.46149,41.71758,34.25006,30.86844,29.38376,31.7858,32.22865,29.59102,30.95515
1.A.3.c,CH,28.68849,29.43644,30.1844,30.93236,31.68032,32.42828,32.64324,32.85869,33.07414,33.28054,33.48683,33.72661,33.96626,34.20577,34.44514,34.68438,34.96998,35.25542,35.5407,35.82582,36.11077,34.61571,33.12145,31.62801,30.1436,28.65919,28.45124,28.24329,28.03533,27.82738,27.61943,27.6847,27.74997,27.81523,27.8805
1.A.3.c,CY,,,,,,,,,,,,,,,,,,,,,,,,,,,,,,,,,,,
1.A.3.c,CZ,767.624,626.054,585.156,475.046,459.316,497.068,408.98,380.666,355.498,330.33,327.184,305.162,295.724,289.432,286.286,291.985,304.569,301.423,332.883,301.423,291.985,285.693,276.255,269.963,275.662,269.37,248.46323,257.76183,255.06942,244.21552,215.39092,209.49362,228.62492,218.65282,215.90152
1.A.3.c,DE,3133.05273,2794.0969,2743.11613,2731.9633,2541.15803,2458.48553,2336.90145,2159.80879,2040.27984,1927.7201,1944.68539,1784.09859,1654.20212,1623.20471,1533.24922,1425.65001,1288.54475,1245.77475,1213.01353,1096.89722,1117.7219,1128.9843,1039.41287,1057.33784,945.94268,1021.85572,1056.54562,876.52244,733.98171,831.98532,830.43216,853.2893,809.6033,776.52486,742.98891
1.A.3.c,DK,297.1465,302.26414,319.67712,331.79753,300.70584,303.34035,301.04415,293.10099,247.3127,232.32791,228.13388,211.46935,210.78364,218.59762,216.49795,232.43423,227.07075,227.89733,237.01365,230.51262,242.51268,238.0683,238.12419,236.66804,240.81504,237.16459,242.10592,233.00427,214.02869,213.66607,187.69063,176.3428,171.93881,165.39482,165.59528
1.A.3.c,EE,159.35428,150.07568,103.85241,112.47849,110.03814,107.13619,116.45439,107.11843,132.69917,142.72745,133.43948,123.86383,157.91214,139.37255,120.68394,129.92764,136.11768,114.56001,80.52752,108.31858,154.98371,105.23909,92.90937,80.42724,61.87591,58.69789,46.28085,48.26799,45.32004,49.44949,44.39344,43.02546,38.67713,42.42902,42.60283
1.A.3.c,EL,198.94266,154.73318,148.41754,151.57536,164.20664,135.78626,142.1019,132.62844,148.41754,129.24178,129.24178,129.24178,129.24178,129.24178,129.24178,128.15298,131.28358,118.76118,115.63058,96.84698,62.612,46.959,78.265,56.3508,134.6158,125.224,125.224,122.16853,116.046,32.62085,22.80941,20.6399,21.3975,12.86,12.30006
1.A.3.c,ES,421.72116,414.11343,410.98095,354.07026,330.03012,328.72614,319.72327,325.28621,327.50588,324.38248,308.33976,317.5423,307.73268,312.66613,308.49408,310.66359,308.50515,303.06389,292.39225,273.19316,269.59022,277.42388,258.29538,243.27836,247.51207,244.18304,233.54728,243.73431,251.62209,245.36768,170.06362,191.10789,187.57631,174.01058,158.8627
1.A.3.c,EUA,12212.60576,10838.75003,10668.38036,10151.51941,9692.65757,9383.94318,8845.91809,8565.22733,8123.94064,7538.4653,7727.92213,6874.76332,6865.79162,6768.46851,6664.95215,6050.88907,5873.92572,6048.59475,5823.65043,5176.69731,5163.21295,5160.96945,4991.37009,4707.10318,4360.70787,4329.77532,4221.44791,4160.88553,3980.27971,3959.4525,3513.14854,3663.70174,3381.05142,3262.99414,3153.98636
1.A.3.c,FI,191.1011,182.59883,187.5275,205.93174,210.90503,193.37913,176.44896,187.46729,177.00425,170.35948,160.80516,142.034,136.80222,136.37505,139.63505,127.9441,129.29207,108.9117,115.53994,92.2554,95.60373,98.72978,98.58467,91.92196,83.84666,67.9288,63.42112,66.44837,71.2786,69.44815,63.57376,70.95579,58.9351,55.64238,45.4958
1.A.3.c,FR,1078.43066,1044.6291,994.73156,920.42179,854.69653,816.60272,790.84915,783.33769,745.51214,751.14573,764.55905,765.11463,787.33787,746.06613,742.89138,673.04689,637.1395,575.50461,583.1315,530.36532,502.2614,492.89721,479.18586,486.96367,459.75565,463.01055,446.42926,460.87855,425.29056,425.92091,340.88818,388.58567,417.93565,378.70231,395.8379
1.A.3.c,HR,140.07852,149.28365,98.35657,102.14224,95.5103,107.20594,100.64099,96.52674,99.05858,93.36192,86.39187,88.61471,87.98175,88.93119,93.04544,96.52674,102.2234,103.17284,102.2234,90.19711,90.19711,83.55101,78.48731,74.05658,67.09399,55.38419,57.91604,55.70067,46.52272,45.2568,42.09199,45.2568,46.52272,38.29421,54.11827
1.A.3.c,HU,534.02765,441.0466,376.47658,340.19995,330.30961,321.10463,318.447,308.86564,298.77597,330.71085,260.92385,232.95386,222.7006,219.44099,205.91645,183.67578,193.13748,189.97397,189.94514,196.27216,174.06032,145.57912,129.77118,151.92536,161.40628,132.91547,126.55173,133.2526,133.34475,120.56509,104.58904,104.50022,107.87849,104.76509,101.76541
1.A.3.c,IE,133.19132,129.35516,116.00534,127.36036,119.99494,111.40196,129.8155,125.21212,128.89482,123.98455,123.15594,134.41889,117.5398,129.8155,136.87403,122.19927,122.19927,132.15247,140.05432,122.89373,121.95467,122.01546,118.03823,117.55017,107.83626,109.89926,111.92605,115.54008,116.75177,122.17427,97.33748,105.26706,117.69319,123.39916,131.80021
1.A.3.c,IS,,,,,,,,,,,,,,,,,,,,,,,,,,,,,,,,,,,
1.A.3.c,IT,613.32569,613.32569,603.93805,588.29199,594.55041,600.80884,538.22458,600.80884,594.55041,434.96057,432.31449,375.51404,384.98078,416.53659,362.89172,306.09128,353.42498,331.33592,220.89061,189.33481,198.80155,142.00111,170.40133,119.51682,56.61323,69.19395,47.17769,103.79092,138.3879,135.24272,136.11489,117.68747,34.93047,36.78577,18.20453
1.A.3.c,LI,,,,,,,,,,,,,,,,,,,,,,,,,,,,,,,,,,,
1.A.3.c,LT,349.97186,371.65153,359.27481,353.06896,374.80038,241.5735,251.4705,240.97434,233.17511,206.57026,217.9411,191.48203,206.71604,226.6879,225.74033,228.43726,217.64954,226.03189,228.43726,175.00889,185.1406,193.01272,173.68528,160.21212,167.39218,156.88654,153.66595,165.05753,186.54581,169.06153,161.80288,152.88479,83.45692,85.7192,82.30294
1.A.3.c,LU,24.82342,24.81868,24.80956,24.82387,24.1054,19.51959,21.81035,21.43697,21.43434,21.43558,21.22271,22.8709,20.21112,17.61523,13.99152,8.88213,6.62319,9.17911,10.54197,10.14562,10.95263,10.98566,9.95022,8.56734,9.74934,6.64411,6.07947,6.59904,7.01407,6.77485,6.78994,7.46821,5.96159,6.36598,5.68747
1.A.3.c,LV,536.76555,524.06104,425.60108,263.61858,231.85731,241.38569,241.38569,254.0902,231.85731,200.09603,206.44829,212.80054,222.32893,254.0902,260.44245,260.44245,228.68118,247.73794,247.73794,231.8446,209.73878,235.37742,251.18735,225.71244,216.28422,206.97928,174.80882,164.04256,167.37775,137.46065,81.12198,76.47151,72.13201,67.33829,48.73413
1.A.3.c,MT,,,,,,,,,,,,,,,,,,,,,,,,,,,,,,,,,,,
1.A.3.c,NL,90.73133,91.1243,91.52678,91.91658,92.32222,93.80219,97.52081,105.17262,102.32472,93.45158,114.0426,108.97404,105.80936,102.95829,108.97404,105.49257,105.49257,103.86016,103.81587,92.68545,105.09901,100.66355,83.15931,81.56374,83.49328,87.63214,87.83639,81.49494,68.56963,59.59535,60.36252,55.74394,59.87301,67.53229,59.07775
1.A.3.c,NO,98.72327,103.86951,107.52265,135.18039,130.17171,99.97822,66.83141,72.29837,68.751,68.30864,61.43114,57.02168,50.76336,66.21171,49.29387,49.30977,47.14429,48.88969,50.36297,46.02865,38.95305,40.5959,41.11347,40.12233,40.60915,45.48082,44.93721,45.81385,46.40476,45.19844,43.13929,43.70822,52.65831,50.32508,47.35911
1.A.3.c,PL,1623.6691,1168.8954,820.6511,802.4282,891.2241,866.6136,735.3687,661.0267,618.6588,573.534,525.7395,512.9943,487.5039,512.9943,512.9943,503.4354,462.0135,455.6409,398.2875,385.0236,356.14683,368.98095,343.31271,317.64447,285.55917,261.2766,261.2766,267.84038,322.34523,267.93278,258.30697,279.9292,252.91575,256.71382,252.00128
1.A.3.c,PT,177.19189,185.45467,185.876,169.95864,168.68201,172.39269,157.06817,150.85381,140.08,137.81722,135.61035,120.87128,112.89363,97.66066,88.48253,82.34618,75.73329,76.40198,80.71342,55.40999,47.13245,41.10128,33.54214,30.22751,31.77213,30.15598,27.61634,29.42331,28.55696,29.11022,25.69347,25.07197,21.71861,23.85868,23.73308
1.A.3.c,RO,473.1398,399.60196,1014.04494,969.22546,871.60936,878.6701,902.41833,903.82412,772.11018,628.57567,917.54022,449.06889,605.75354,531.71429,610.29898,243.52497,225.12476,572.31046,524.81445,397.73912,442.18562,593.8725,573.05528,488.82012,336.18424,349.50499,339.61822,354.30285,289.95253,398.30928,345.81172,404.81623,315.70292,312.90367,300.03932
1.A.3.c,SE,102.9444,90.35993,85.57307,81.30382,76.94654,74.81608,67.83555,65.74574,69.52786,74.52353,75.29855,71.70407,69.04912,67.96115,67.18913,64.51124,68.35863,65.60355,69.83957,62.37623,60.33081,59.32542,58.8305,52.49557,46.8433,45.70724,44.06684,41.41009,44.25533,45.30733,44.05665,44.48458,41.28782,38.73551,36.29528
1.A.3.c,SI,65.19283,72.80613,48.94796,41.45669,41.93306,43.78479,40.69849,39.44878,38.54012,37.56454,38.23907,37.32197,39.27401,36.87648,37.40828,37.44122,37.29439,36.17666,33.26215,28.01356,29.96423,31.47682,29.81503,30.70866,40.31036,37.03284,31.0299,28.94499,26.34596,23.24581,17.10594,20.68559,21.17172,21.32639,20.50566
1.A.3.c,SK,372.28856,280.35225,231.30553,198.47207,187.03684,199.57861,197.7138,185.64653,169.74261,156.72857,154.1786,150.70893,140.96035,111.42883,106.86121,104.57037,111.09297,102.9015,93.91191,80.62639,82.31992,78.90309,66.96506,81.61549,76.66194,84.33178,86.53343,84.35248,82.93273,81.02415,72.5323,82.14898,82.2941,81.29118,71.85063
1.A.3.c,TR,651.1924,668.03,615.8,674.96,689.11,688.16,716.77,716.52,663.86,647.28,638.21,525.02,547.3,563.21,563.21,677.76,680.94,420.32,446.46,433.22,462.28,476.19,440.66,451.9,502.51,429.41,334.93615,369.00005,388.34576,357.45333,288.75415,318.30514,456.71271,314.04871,400.18582
1.A.3.d,AT,27.99352,29.62904,30.9427,31.68647,32.8002,34.27768,35.70943,37.99,39.56315,40.12607,42.07557,42.7764,43.42357,44.43375,52.40087,54.85085,56.1094,54.75092,52.99095,53.62485,54.99902,58.91764,53.85627,57.34512,63.82118,65.33424,68.47465,72.42967,74.83224,83.63001,23.25308,35.39643,68.74024,69.12509,72.80126
1.A.3.d,BE,394.44075,374.80021,359.09849,353.32786,377.21039,392.7158,393.20026,415.58688,416.49195,440.02759,496.98901,472.13811,482.73779,519.50016,524.68233,503.3327,425.34752,450.43813,464.70201,393.76188,477.41918,459.72628,439.9968,453.3178,438.07897,427.45048,420.82607,445.72862,444.37187,416.84073,419.71064,429.36659,385.83953,370.12905,375.13042
1.A.3.d,BG,56.41974,3.13443,6.26886,9.36486,12.49929,12.49929,18.80658,6.26886,9.36486,15.55686,6.26886,5.72892,8.45914,10.4442,9.77748,11.31304,11.944,13.29207,15.3435,11.24667,8.65221,9.43055,8.4893,7.1335,8.58329,10.16292,7.32132,6.53981,5.09317,6.40988,4.84922,4.4362,4.61607,5.81823,6.22248
1.A.3.d,CH,114.27296,113.79332,113.31368,112.83404,112.35439,111.87475,112.43337,112.99282,113.55228,114.092,114.63129,114.01735,113.40349,112.78969,112.17597,111.56233,112.22982,112.89685,113.56341,114.22951,114.89514,114.64916,114.40313,114.15707,113.93198,113.70688,113.04146,112.37604,111.71062,111.0452,110.37978,110.37918,110.37859,110.378,110.3774
1.A.3.d,CY,2.19779,2.11407,2.57456,2.66875,2.73154,2.98272,3.11877,3.28622,3.49554,3.94093,1.69484,1.37077,1.79026,1.37163,1.90134,2.3287,1.78078,1.99688,2.41521,4.75145,3.01614,2.82553,1.99345,1.5052,1.78103,2.01464,1.50298,2.05516,2.14438,2.79757,1.14903,2.64006,4.45108,5.81649,6.51858
1.A.3.d,CZ,53.482,53.482,53.482,50.336,50.336,50.336,50.336,44.044,37.752,22.022,15.73,25.168,12.584,12.584,18.876,15.73,18.876,15.73,12.584,15.73,12.584,9.438,15.73,6.292,9.438,9.438,12.584,12.584,9.438,15.73,12.584,12.584,9.438,12.584,9.438
1.A.3.d,DE,3013.76994,2897.9141,2959.67732,2944.92087,2890.898,2438.80606,2260.05854,1931.20061,1950.58823,1713.63385,1627.92477,1614.83728,1541.77968,1877.04148,1987.03127,2112.15348,2119.42871,1921.03988,2143.45401,1783.89111,1930.06445,1795.61106,1849.5571,1845.53226,1874.06582,1858.50044,1780.92054,1783.64603,1834.62257,1837.78301,1699.90053,1566.74566,1301.30172,1345.23417,1410.57867
1.A.3.d,DK,708.76766,803.96758,812.28155,729.62673,680.38333,710.28534,782.50682,775.88734,666.59308,587.09344,592.82033,627.26641,682.88457,678.52699,614.50382,694.44795,633.64234,564.09083,700.24093,662.7199,590.36007,572.75561,557.99262,551.78325,443.81741,419.44353,474.37317,473.07719,463.12332,470.13766,460.72313,530.70998,485.52216,444.01384,408.28093
1.A.3.d,EE,21.65006,18.5572,15.46433,15.46433,12.37146,12.40726,21.73458,18.62373,18.62077,15.51385,21.72271,21.67617,24.77053,27.87451,24.75568,24.74812,21.65509,24.76973,21.68049,24.75853,24.79739,15.47634,12.38792,12.37342,18.56277,18.53618,15.42695,20.2488,19.88188,16.42871,19.82458,18.2876,17.77601,19.93936,20.02103
1.A.3.d,EL,1808.7091,1856.2544,1903.3157,1739.69876,1833.70843,1744.9443,1495.41993,1816.53707,2806.59794,2774.11054,1574.64597,2145.594,1934.4963,1915.14583,2154.43837,2063.49513,2262.24644,2113.71967,1896.3923,2864.93245,2331.42916,1667.44054,1676.33366,1394.25479,1453.69243,1734.14809,1797.46439,1841.92505,1999.03559,2066.60122,1668.15932,1835.07338,1991.88804,2058.70749,2130.65968
1.A.3.d,ES,5202.61729,5485.49039,5657.06279,5799.59878,6110.16056,5888.24622,6260.09132,5024.33731,5240.97586,4956.24909,4324.71569,4303.72191,4337.0567,4858.64691,4996.01738,4790.46917,5249.68231,4555.79513,4119.65656,3426.02126,3277.889,2555.74914,2663.01757,1588.37326,1026.57658,1386.22463,1988.28838,3057.39173,3164.00607,3317.99231,2474.59543,2809.13885,3445.73868,2775.78576,2916.74672
1.A.3.d,EUA,23348.17863,24148.96715,23752.22698,22730.48644,22747.8035,21900.86615,22906.97293,22463.69795,23314.96225,22687.09679,20657.33277,20885.53488,20532.57117,21324.98072,21234.35411,20891.58458,21283.35821,20023.43926,19882.03666,19516.8966,19848.0402,17960.96717,17263.11449,15945.83612,15053.71777,15699.1233,16655.54336,17445.05833,18280.16375,18752.97524,17090.52194,16579.53632,17488.0034,16443.41238,17166.26792
1.A.3.d,FI,441.28593,443.19099,418.96551,445.27145,492.58037,458.9111,487.64251,517.44297,504.30566,525.44738,526.49015,479.00736,503.78581,513.30713,499.6208,504.42024,538.41022,551.10998,460.61116,477.485,528.84391,504.19446,479.13268,471.2702,406.34048,419.48531,405.73188,420.37332,424.78639,428.5799,350.48903,353.74112,339.79822,315.08931,288.01528
1.A.3.d,FR,2955.44081,3065.68775,2855.09576,2949.54755,2786.63945,2845.00027,2878.07638,2905.9417,2902.59141,2918.63811,3085.06157,2948.52795,2941.55599,2950.10644,2558.99169,2257.75961,2186.00151,2104.8437,2245.63801,2170.40573,2209.63482,2249.23557,2296.27603,2235.87573,2118.18778,2126.93863,2170.17492,1989.6482,2081.39524,1970.12434,1769.50828,1872.99465,1837.7204,1658.67227,1712.9424
1.A.3.d,HR,134.49816,108.17509,168.66007,122.63754,88.23702,99.43405,150.52954,119.44203,91.38682,88.59866,86.74372,92.95833,112.0608,112.41042,92.22475,100.77042,104.88535,108.99897,132.33795,146.9538,116.48442,117.76055,112.05786,121.97096,136.52847,130.51472,132.41238,140.32319,149.49994,155.51185,127.34382,148.54684,152.97636,147.91145,154.55634
1.A.3.d,HU,209.10774,51.56017,39.73237,27.45637,27.96075,28.46514,28.46514,28.46514,28.46514,28.46514,28.46514,28.46514,28.46514,28.46514,27.43539,26.33209,25.30235,24.2726,23.1693,22.13955,21.10981,20.00651,18.97676,15.81397,18.97676,18.97676,15.83457,15.89735,15.8895,15.88165,12.67167,9.48523,12.66613,9.54624,12.67237
1.A.3.d,IE,84.89987,81.76595,91.20829,91.20829,103.74397,91.16771,103.90627,107.04019,116.56368,129.22108,151.09301,151.02749,160.36374,172.8339,224.77186,209.01355,247.5258,195.47253,202.60377,197.44468,198.03493,171.92098,181.68615,177.71608,222.47239,219.42663,263.68517,232.83356,257.52488,274.2748,335.41938,358.67998,302.59481,320.76143,297.45363
1.A.3.d,IS,32.59056,22.89852,25.96416,31.71207,26.6926,37.16473,43.83236,26.68255,20.47077,18.02986,12.53973,20.44564,18.49928,33.92369,48.28337,22.38349,51.06486,60.83345,54.83534,31.44755,34.9663,18.52065,13.68184,15.65888,20.2547,26.37562,27.54547,31.33362,43.05202,52.68947,24.90962,17.36026,24.30374,16.68331,13.33969
1.A.3.d,IT,5470.11126,5875.04559,5670.46331,5422.34614,5271.78695,5162.9951,5800.69807,6013.32155,6182.13411,6112.1343,6102.64463,5968.94625,5710.67832,5700.71445,5624.48806,5622.83843,5414.5096,5155.74855,5217.08215,5110.49665,5705.30493,5417.31811,4704.2646,4545.39193,4554.98327,4447.77247,4764.91638,4638.59177,5012.99079,5434.96853,5797.53804,4539.88176,4959.14742,4612.91332,5012.18021
1.A.3.d,LI,,,,,,,,,,,,,,,,,,,,,,,,,,,,,,,,,,,
1.A.3.d,LT,15.48548,9.29129,3.06138,3.06138,3.06138,3.06138,15.52557,15.59846,10.86061,9.25703,8.9796,10.4374,11.88107,13.06615,16.9975,16.78354,19.09023,17.82755,18.91619,16.24567,19.6156,16.32736,14.94245,14.28644,14.50511,13.60051,13.16413,16.8896,14.7056,16.0888,11.5752,12.3032,9.6096,7.80565,7.51385
1.A.3.d,LU,1.30744,1.42581,1.35893,1.42196,1.35013,1.16261,1.17363,1.19547,1.16269,1.28095,1.12723,1.26405,1.38485,1.44847,1.33613,1.42213,1.32229,1.3226,1.47863,1.23648,1.34552,1.30591,1.31692,1.14405,1.2164,1.07882,1.13316,1.23203,1.19375,1.02557,0.3866,0.4232,0.53967,0.61023,0.56429
1.A.3.d,LV,1.01445,0.89576,0.67256,0.58369,0.61544,0.64086,0.6601,0.64099,0.64553,0.67188,0.69878,0.70609,0.69663,0.6979,0.68371,0.66944,0.59821,3.57461,6.6656,12.9847,16.0549,16.0549,12.9154,25.6922,13.054,9.85065,13.5025,14.32475,20.3904,10.1442,7.373,7.9492,5.4988,3.1812,2.81325
1.A.3.d,MT,11.79571,10.19817,12.1664,13.38578,13.87028,17.31193,16.35203,15.29269,14.85848,15.33137,16.51999,20.16962,19.03877,19.89972,19.65428,32.50305,30.32769,34.14452,31.33858,36.01773,53.19952,53.96294,43.95182,34.42956,34.28833,37.59995,34.09018,39.13111,31.58418,44.35192,54.32698,68.69612,57.25352,77.70739,92.39722
1.A.3.d,NL,725.52465,775.48561,745.98752,749.63275,757.14945,769.79529,805.93135,766.906,763.96253,810.08666,815.46137,846.58872,882.88445,839.82071,851.23264,922.05501,963.60529,1023.69652,1047.4659,1062.87421,1189.24182,1198.83555,1108.75745,1318.46481,1160.07764,1267.02473,1193.4453,1160.19409,1153.38319,1075.57944,861.39489,940.47236,978.21541,1041.77108,1138.62867
1.A.3.d,NO,1667.56806,1514.80931,1671.15099,1764.56116,1743.91072,2364.1686,2449.52771,2680.62114,2735.63569,2829.35539,2322.44949,2172.41553,2156.53773,2496.57578,2431.37445,2333.01819,2507.38169,2555.7562,2391.15459,2328.66638,2730.76019,2791.87666,2863.19933,2913.72052,2948.58968,2735.83999,2579.52166,2619.78382,2550.51469,2729.56306,2662.95181,2595.78454,2761.35531,2796.83635,2563.27046
1.A.3.d,PL,150.69069,128.47815,111.66708,83.42426,62.50064,91.05319,87.25657,59.76667,42.84085,35.2197,31.67485,30.93847,27.70674,38.74089,27.42112,22.87229,27.66225,22.77394,22.86087,13.80482,11.2982,11.54488,11.23328,12.4225,11.10152,11.45829,21.7643,21.58027,11.45622,9.72189,15.33925,28.24965,28.28474,19.12727,25.33325
1.A.3.d,PT,262.51703,258.67822,254.13329,248.76455,244.36528,227.27898,237.50746,246.11253,251.50826,226.29252,201.41242,194.58659,204.0335,205.48751,209.7377,209.19627,209.29841,209.40056,213.62025,226.3921,229.14364,203.55361,227.40464,249.48748,263.39139,282.76923,261.96427,268.19548,262.78011,269.73074,201.85998,206.94065,277.76733,292.55047,300.64198
1.A.3.d,RO,1142.12013,1353.94169,1111.68994,420.58974,407.99441,326.15253,473.83145,1085.70447,698.55295,695.19312,364.91006,331.87879,331.40919,221.81557,132.6711,128.14477,125.0813,263.45756,236.60858,171.12538,182.88569,158.08478,133.67526,149.06343,115.54482,134.24472,125.56987,125.71777,126.46818,136.49501,130.96417,160.40706,143.62493,149.70553,137.32369
1.A.3.d,SE,452.29884,459.7745,467.16975,474.43237,482.81695,490.9,498.39524,507.02192,515.041,522.94682,531.42604,519.71551,526.60065,560.55167,562.65118,563.87332,588.67786,590.80097,591.77926,609.48955,654.26132,672.61273,636.01573,651.46332,640.22289,640.86957,666.18197,639.7743,696.96148,671.89255,624.15364,620.50247,661.64639,673.53154,621.2799
1.A.3.d,SI,0.01011,0.00978,0.0086,0.01096,0.01247,0.01504,0.01747,0.02026,0.01537,0.01383,0.01217,0.01427,0.01673,0.01802,0.02309,0.02662,0.02986,0.03753,0.04714,0.03771,0.03973,0.04439,0.04644,0.02534,0.03091,0.0411,0.03281,0.03648,0.049,0.08137,0.07869,0.06136,0.05484,0.05384,0.0523
1.A.3.d,SK,0.02248,0.01922,0.01793,0.01826,0.01936,0.02031,0.02193,0.02287,0.02379,0.02401,0.02429,0.02489,0.02625,0.02717,0.02857,0.03466,0.3174,0.33334,0.35336,0.32473,0.33081,0.83327,1.10631,3.40752,4.37814,6.21803,4.75712,4.68899,2.55581,4.17158,5.35035,5.82273,5.29329,5.32069,5.50154
1.A.3.d,TR,503.62,537.23,631.72,657.06,616.65,719.13,692.4,691.07,718.5,651.55,616.98,791.78,813.32,881.47,1215.39,1285.98,1448.54,1581.29,1526.88,1615.36,1664.2,2218.45,1597.58,1141.72874,1333.68183,1135.52896,959.94758,934.49386,920.8073,1204.07162,1250.75574,1116.19195,1135.54953,1062.47314,1097.55082
1.A.3.e,AT,229.19591,230.68244,225.72429,220.3777,215.93883,234.00332,241.58725,240.99181,360.19208,446.69034,347.17969,506.17853,286.29488,380.56537,382.27649,369.69587,476.98367,499.35837,476.7542,446.50152,469.85699,580.28267,469.5615,617.97115,515.81564,596.23958,573.93072,646.58169,601.05611,561.59541,481.96406,385.67292,163.06307,36.23995,37.69812
1.A.3.e,BE,334.38762,332.51303,337.06627,346.2308,334.7911,329.83372,346.5366,311.38942,287.73874,302.66667,327.26774,304.956,321.16791,341.2057,367.49803,355.04704,385.02541,384.04146,394.97417,428.34876,452.84084,439.31946,381.65243,384.74629,322.9143,366.40428,346.39254,348.53854,396.58788,477.23972,413.92513,421.54496,576.56021,497.59489,363.82727
1.A.3.e,BG,131.64606,,,3.096,3.096,3.096,3.096,26.03439,205.29412,183.71278,380.18165,318.92133,321.35585,202.31308,310.87253,499.17473,526.5506,605.57117,596.34543,322.88832,325.6969,471.25381,470.21017,421.20945,389.80181,341.59166,334.53336,397.13682,319.40325,126.0524,82.04229,129.03589,194.42168,219.92439,303.3639
1.A.3.e,CH,31.416,25.806,28.56,28.509,21.762,17.267,18.414,18.447,15.12,16.83,19.108,20.2464,68.0988,64.2048,67.632,60.348,95.965,80.795,82.49,53.675,46.895,47.544,45.765,23.124,46.895,42.864,19.176,26.461,27.538,33.84,30.348,6.708,22.4,9.503,0.56
1.A.3.e,CY,,,,,,,,,,,,,,,,,,,,,,,,,,,,,,,,,,,
1.A.3.e,CZ,5.42377,9.23991,13.06147,16.98895,20.84741,36.0423,87.61239,75.18829,58.21378,62.20329,58.00363,59.29751,61.51526,58.11747,56.00306,68.50763,73.42022,119.00135,146.08732,151.64177,151.60736,146.25763,89.29746,92.26819,83.72359,71.03647,12.76807,32.96997,32.56004,50.39199,90.11094,46.66025,22.31786,1.60673,0.96879
1.A.3.e,DE,1083.26692,1139.02838,1126.68687,1191.61306,1212.97935,1323.71391,1482.39343,1417.32579,1429.77966,1425.93501,1414.2593,1492.40072,1603.48272,1507.7386,1515.14554,1480.98269,1670.81323,1363.89253,1432.79918,1351.71548,1175.64526,1227.27743,1236.30295,1469.75857,1195.05289,1231.00671,1046.28483,1251.73946,1329.21175,1193.96946,767.51579,836.21569,1328.08723,936.13317,675.04681
1.A.3.e,DK,,,,,,,,,,,,,,,,,,,,,,,,,,,,,,,,,,,
1.A.3.e,EE,89.71569,97.07515,101.17822,96.54471,97.54756,99.20563,101.40838,102.03846,101.88755,101.68613,101.74589,105.37987,74.96308,77.38883,79.99034,71.96848,76.77969,54.70833,62.83227,67.91741,74.6367,81.70483,94.6927,105.44447,111.41846,126.02204,136.62867,156.07526,172.11192,185.75962,200.3233,158.71673,204.21434,207.67427,209.19321
1.A.3.e,EL,,,,,,,,,,,,2.04,5.38,3.59,2.19,3.84,4.38,7.38,15.82,0.8,0.75,,,,,,8.09,,,,,,5.32711,9.3438,
1.A.3.e,ES,19.12967,23.72288,19.4461,30.54922,54.2097,56.62599,125.41225,149.70092,73.00826,80.11526,132.85964,225.82192,265.76477,267.96271,227.93929,239.23952,127.43167,104.96495,123.09574,122.88539,144.12277,134.05332,122.44167,144.7631,135.53509,108.21086,117.00025,132.38614,141.2231,131.02309,98.52506,148.13393,241.65909,184.79209,122.91021
1.A.3.e,EUA,6051.46614,6241.65284,6047.66158,5419.22032,4955.70533,5823.88927,6462.32367,5918.34633,6062.56691,6306.08654,6831.1315,6666.34464,6651.96901,6560.79433,7642.46901,8118.78938,8102.76902,7456.59751,8002.96499,6927.00142,6718.44944,6532.955,5946.17915,6510.24509,5456.27199,5465.32371,5447.78193,5942.8148,6045.99718,5774.57423,4634.50735,4619.20406,4833.39272,4168.53737,3578.17323
1.A.3.e,FI,,,,,,,,,,,,,,,,,,,,,,,,,,,,,,,,,,,
1.A.3.e,FR,210.49501,250.5893,270.63644,230.54215,367.86509,377.68819,479.52767,427.80604,424.39803,532.81184,483.46255,445.52633,576.15267,662.16315,834.46835,926.36554,740.55113,651.82032,662.88793,616.13334,538.9818,501.1688,533.68999,490.17561,461.06932,423.85705,388.82458,365.9864,375.76004,458.67518,308.26925,236.05302,371.55535,370.35737,300.01261
1.A.3.e,HR,,,,,,,,,,,,,,,,,,,,,,,,,,,,,,,,,,,
1.A.3.e,HU,148.7856,145.7832,127.7132,143.1144,136.7204,154.012,179.588,163.7976,166.0772,164.3536,162.352,169.6356,182.8128,202.0504,192.2648,204.2188,196.7128,160.2948,194.1936,132.0564,112.1241,116.3988,132.6507,75.488,89.88,67.6163,93.9102,134.344,161.2314,172.143,125.1036,62.944,52.2098,40.4388,45.11892
1.A.3.e,IE,73.15152,74.0725,74.15368,51.76737,44.42437,124.8667,135.54825,106.15729,70.79767,98.02099,61.61875,106.52397,107.10401,109.83738,120.12148,152.50835,151.19464,129.09004,143.31625,148.04838,161.14284,150.30727,138.55753,144.95949,145.58331,137.08929,135.34003,126.90748,139.95792,141.94957,147.5711,151.77458,152.83331,149.12669,155.08701
1.A.3.e,IS,2.2355,2.13303,1.98788,2.14621,2.1873,2.75081,2.6677,3.21437,3.25069,3.56305,3.64245,3.56317,3.33686,3.11441,3.70783,4.05873,3.62255,4.00979,5.96685,5.5508,5.58274,10.76882,2.03183,1.94316,2.39417,2.44141,2.3586,2.46408,1.93526,1.55317,2.06995,2.81957,1.09386,0.06925,0.91975
1.A.3.e,IT,410.78293,594.94182,646.32255,547.25653,488.10731,646.62818,608.93467,432.97565,505.29852,707.44964,864.50852,609.52429,661.94891,555.36819,724.31417,900.21218,1055.51713,777.12163,933.28554,855.74822,1106.63384,697.6345,717.59582,665.45758,508.90965,556.84467,674.27049,762.1889,796.55757,677.87445,674.44702,851.19112,981.78228,945.56838,747.544
1.A.3.e,LI,,,,,,,,,,,,,,,,,,,,,,,,,,,,,,,,,,,
1.A.3.e,LT,64.28199,44.04563,47.1447,14.40194,53.25702,82.21437,84.97641,73.13558,74.64968,42.86884,41.8251,56.76033,35.1332,51.61524,43.03802,30.85948,39.98766,44.27158,35.31481,36.54367,33.68016,31.82266,54.59274,50.3858,45.83527,37.20897,39.10072,45.76445,37.46193,29.60061,35.25381,41.06372,45.79817,48.84809,42.48244
1.A.3.e,LU,,,,,,,,,,,,,,,,,,,,,,,,,,,,,,,,,,,
1.A.3.e,LV,,,,,,,,,,,,,,,,,,,,,,,,,,,,,,,,,,,
1.A.3.e,MT,,,,,,,,,,,,,,,,,,,,,,,,,,,,,,,,,,,
1.A.3.e,NL,342.21747,385.75401,335.13013,291.59358,227.80749,258.18182,354.3672,280.45633,239.95722,220.72014,234.89483,264.0,253.0,300.0,366.0,371.0,349.0,226.0,238.0,208.0,242.0,148.0,162.0,201.64,118.44,92.86,91.7,95.5,90.4,84.5,89.0,93.029,85.009,73.1,84.425
1.A.3.e,NO,,,,,,,,,,,,,,,,,,,,,,,,,,,,,,,,,,,
1.A.3.e,PL,,,,,0.05049,0.40392,1.36323,1.46421,1.31274,1.16127,143.29605,189.28254,199.52658,301.16838,420.32478,559.72767,727.56633,669.79587,743.14553,619.41845,513.76846,515.42678,600.88609,868.34526,852.73594,805.82093,854.57909,823.92986,871.11985,774.0097,640.55777,585.39211,51.51197,86.58003,84.03698
1.A.3.e,PT,,,,,,,,,,,,,,,,,,,,,,,,,,,,,,,,,,,
1.A.3.e,RO,65.39562,86.15495,44.32021,19.0215,15.8326,13.06604,33.96722,48.09588,89.94351,67.0689,65.11106,58.22232,81.18723,58.10804,77.78515,109.19465,138.23003,165.4544,269.64266,136.65294,38.1167,35.68822,24.13097,9.38107,10.33685,5.86058,5.69605,3.1415,3.82683,5.20423,3.9165,20.42962,18.18919,19.10134,20.76582
1.A.3.e,SE,1029.6358,1245.95303,1332.01914,1104.74533,1013.61726,930.21178,868.65875,818.98864,713.39786,641.13273,607.75386,481.19002,537.67668,522.0684,505.05619,448.32565,459.88803,449.11822,334.34325,414.16103,347.93257,345.73973,311.96459,285.94377,289.63797,310.26223,287.48741,295.82684,280.73692,305.68621,307.23762,329.53699,322.278,321.10521,371.20578
1.A.3.e,SI,,,,,,,,,,,,,,,,,,,2.13969,3.42724,4.43931,0.84263,1.15461,0.46573,1.80123,2.99445,2.83158,4.68982,0.81597,0.61809,0.91722,0.87594,0.45293,0.06869,0.55965
1.A.3.e,SK,1813.95454,1582.09661,1347.05833,1111.37708,668.61336,1154.09539,1327.34596,1242.80001,1260.62031,1227.4891,1404.81123,1270.68336,1077.50246,959.53339,1417.1808,1327.9211,902.73678,1044.71249,1197.98741,864.11311,824.47283,909.77647,404.79724,481.84156,177.78068,184.39763,298.41332,319.10766,295.97472,398.28151,167.82689,120.93359,16.12213,20.93346,13.92672
1.A.3.e,TR,39.29,48.79,53.62,59.92,65.05,83.01,97.31,119.49,123.84,149.55,179.37,198.09,213.29,244.95,241.78,363.24,317.16,337.8,347.44,436.91,389.84,369.29,380.9,562.16,592.9,655.4023,620.787,867.7685,655.97322,580.90489,327.89112,360.32595,438.27142,254.12896,341.17
1.A.4,AT,13543.04921,14695.23686,14165.50994,14119.82527,12841.72283,13976.44204,14956.10621,13580.17343,13628.80512,14252.01286,13005.16392,14219.37917,13488.07868,14173.87109,13666.51386,13370.59157,13181.48017,11179.69249,11552.74103,10575.30133,10700.24774,9519.27467,9051.17207,9304.76753,8369.22202,8704.72322,9007.15765,9107.7253,8386.05043,8646.0102,8644.71678,9268.2545,7884.47608,6855.9986,6302.10739
1.A.4,BE,27783.23078,30590.8762,30406.45483,30549.63158,30236.53181,30845.9513,36042.57474,31747.01519,32083.11984,31013.86365,29512.56976,31796.96273,31101.40177,31623.26158,30180.04701,29553.71027,28109.96296,25801.32964,27271.5845,26486.04319,29047.72954,23992.19519,25067.39078,27001.18451,22489.62263,24186.29317,24002.05056,23811.41902,24004.84764,23406.89176,22771.00414,23634.90459,19459.96251,19105.93705,19265.53185
1.A.4,BG,7653.5001,5569.92974,5402.07953,5953.49959,5429.92231,4075.22174,4578.4022,3465.59719,3505.34405,2899.66799,2225.17358,2051.54156,2427.74458,2562.03136,2116.71696,2118.43531,2361.82346,2090.36648,1836.64193,1594.73233,1738.53034,1983.81461,1935.07263,1682.6119,1410.3992,1557.86189,1589.41819,1607.60091,1445.53427,1380.99199,1347.69914,1634.69887,1228.45568,1018.89208,1022.46612
1.A.4,CH,17282.1569,18629.99263,18682.7813,18083.62325,16830.20859,17872.96233,18721.51291,17318.53133,18133.9155,17476.57942,16402.76759,17733.96891,16602.07242,17565.96784,17434.27389,17665.13399,16806.08234,14981.73002,15844.33097,15428.03012,16608.96293,13446.16832,14688.86661,15554.99484,12178.49017,13019.31117,13479.32146,12882.04493,11691.45349,11696.00467,10842.20926,12101.72062,9794.60645,9456.19206,9269.46637
1.A.4,CY,430.40037,470.36743,561.44798,558.1349,570.29032,602.53954,628.33596,652.82393,678.92784,686.08481,725.39273,728.51388,732.57384,757.33343,681.19912,604.59602,664.90181,636.02344,591.69107,616.7944,563.21604,613.11433,590.85614,512.59406,449.90466,521.7348,515.28393,523.4366,451.85934,529.64863,497.11971,471.16154,498.75092,445.51494,450.91051
1.A.4,CZ,31954.82583,30196.95997,23013.58192,26326.97839,23892.20099,21963.90474,19964.22442,19026.19821,16907.89008,16018.48272,16399.78838,16664.94873,15485.20589,16676.70863,16169.01661,13766.77285,14116.7112,12679.48741,12974.18706,12676.74867,14330.11462,13248.37141,13221.73901,13278.23475,11739.79188,12041.86294,12557.6556,13057.48264,12086.91569,11527.0045,11257.06698,11599.96609,10506.03681,8797.75454,8540.24824
1.A.4,DE,204021.43812,205775.6212,190223.09057,198940.89832,188977.34938,191706.51698,216829.00355,202543.18378,194172.47679,178095.00657,171477.12823,192314.85836,179064.87185,168989.26672,157337.92313,155876.08919,165582.36062,126783.67828,152075.49302,141404.27477,149397.8708,130149.54847,134632.25776,145090.99045,124507.06572,130151.32827,129706.67812,128086.45773,122778.10905,128392.67583,126951.10383,123120.85248,116268.76052,107513.18717,105450.2675
1.A.4,DK,8767.6157,9014.29579,8208.91754,8961.97458,8378.52914,8521.89231,9142.72485,8336.79615,8124.80121,7971.49085,7455.04447,7624.63096,7305.17517,7349.47817,7080.1626,6927.66363,6690.83668,6185.76129,6030.83956,5831.14558,6036.55624,5316.52391,5010.7408,4966.69146,4129.43324,4304.19055,4337.18337,4120.29047,4026.97749,3748.04265,3437.06237,3446.81092,2993.8204,2770.30859,2594.96977
1.A.4,EE,1717.51171,1651.20351,993.83707,775.19568,525.13186,535.71793,671.02109,564.78224,530.97129,505.95298,512.8041,680.94681,661.31119,712.16628,693.42088,682.50058,599.7285,594.29006,569.93307,517.18802,520.5184,604.47735,616.46839,603.88026,675.80281,667.12196,658.70096,617.40512,608.45204,555.12123,524.78493,500.20928,391.52101,379.3852,398.23368
1.A.4,EL,8065.51687,8448.99568,8084.50977,7943.32544,7998.81228,8077.46362,9995.79421,10263.38802,10613.82127,10437.82351,11049.60236,11904.41813,12444.95819,14355.6987,13559.74987,14214.11171,14104.92901,12729.19592,12453.04841,10674.7154,9574.69967,10802.99155,9257.07415,4903.10748,4810.77339,6262.94644,5812.75582,5864.5348,5119.80553,5645.58967,6284.91256,5730.61761,6224.31939,4741.36058,4849.72649
1.A.4,ES,23276.12353,25577.32768,25927.78248,25453.88235,26766.37275,26548.2996,27898.77052,28172.75119,28952.13614,30412.08681,32202.46899,32829.33151,33929.96869,36600.8874,38611.58673,38419.69366,39801.20399,38477.35663,37305.83462,36674.50487,40932.99962,38350.31551,36809.94877,34209.806,32822.09247,33304.37741,33495.16768,33716.74823,35510.65328,33170.00494,32779.13048,34490.10334,31869.60048,30856.15914,31491.43871
1.A.4,EUA,681612.4401,715692.85537,670023.64479,682943.57199,641909.3308,649490.98783,703017.48826,662599.97542,648057.76376,636175.23371,612469.11446,653783.86129,630946.81925,641404.7939,635741.42106,635955.61152,634484.70165,558641.84386,601099.84417,588484.08823,619505.54086,548510.58522,557655.07156,562526.54686,488465.16623,511256.37391,517676.73725,515858.94231,504061.05706,494470.18665,488774.12543,499619.33783,444543.44565,414563.73582,408880.14801
1.A.4,FI,7489.94816,7330.36375,7418.44259,7009.53921,6499.62981,6016.13272,6100.91164,6107.95622,6196.16229,6115.63581,5774.7897,5985.96897,5939.85497,5841.74119,5741.51185,5423.54486,5324.33759,5179.11736,4692.67914,4596.56685,4894.81346,4268.82464,4533.25486,4157.53569,4040.99221,3933.90224,4054.18754,3955.36895,3739.60385,3762.81072,3541.19864,3371.44188,3163.19934,2963.41286,2872.76581
1.A.4,FR,91787.6628,100867.23674,98740.20682,96039.81366,91108.86648,90908.18255,99410.09534,94168.60732,98062.42772,99834.35752,95762.87846,100635.14322,95116.78418,99287.88282,103871.54152,102301.81383,96927.75446,88998.35852,95648.09196,97953.13318,95723.83259,80166.45041,86990.07188,89529.60768,73666.10684,76956.76188,77641.35349,77100.87172,73289.26091,71014.43661,69172.5113,71754.62023,60326.33297,55019.64037,54587.47893
1.A.4,HR,3718.95152,3062.31957,2560.32781,2548.33587,2635.98661,2856.85786,3257.01887,3308.41464,3167.78819,3578.99411,3418.40838,3635.77757,3723.07662,3952.6489,3865.02057,3898.16136,3658.70978,3327.28532,3441.82631,3454.38758,3506.20928,3281.89705,2941.66816,2779.69843,2530.58718,2719.81246,2790.07825,2821.55632,2747.084,2658.91865,2727.24733,2858.5717,2722.45005,2598.8268,2669.1852
1.A.4,HU,20920.12635,21643.65767,16615.57065,17413.19641,16772.02209,15824.60989,17059.85542,16314.52301,14459.37328,15173.5843,14751.65269,15529.34281,15534.87213,16838.00108,16776.41272,17320.91728,15792.93038,13011.85922,13205.36832,12947.14585,13816.6396,13201.1261,11466.71467,11417.39201,10581.97895,11437.68337,11989.90322,12189.58962,11649.91998,11347.65789,11948.37648,12645.01592,10931.32617,9500.75041,9229.62484
1.A.4,IE,9916.12684,10047.50357,9235.05328,9208.63487,9369.24203,9290.09841,9276.84063,9031.94507,9521.81281,9418.94777,9607.25972,9931.13803,9834.96948,10174.58612,10233.17008,10723.09054,10512.48069,10255.12797,11109.73182,10495.60196,10876.48007,9496.68855,9057.90989,8832.77783,8038.19757,8488.17774,8700.79015,8136.87698,8775.11088,8502.37034,8978.73916,8584.98972,7683.8224,7158.84761,7534.02339
1.A.4,IS,838.86512,814.75147,885.84028,953.05459,936.73967,1009.6344,1037.89236,1020.86753,1008.8402,1001.43604,978.48054,818.74501,913.79092,863.76773,896.3017,824.29868,731.5114,829.46297,754.59561,817.7916,776.38326,707.05102,710.26358,666.71728,671.39061,681.52121,572.08972,590.87136,589.47855,545.0109,542.68776,591.25142,502.45364,506.9677,541.48841
1.A.4,IT,76041.99584,81590.7018,76890.50476,77274.39983,68632.30674,75580.44744,77485.66789,74643.64626,78394.32123,82627.28894,79168.50758,83429.55173,79968.35761,84734.12137,87271.26726,92324.18442,86817.68604,81121.9792,86111.11331,87074.56528,89782.58279,83090.5569,82259.19066,81346.45594,69865.71905,76111.1982,76762.9925,76477.75632,76830.73086,74272.29896,72714.58286,75437.13482,66632.33097,62610.54437,62477.65063
1.A.4,LI,87.0242,80.92589,80.91844,89.79649,85.2509,86.08583,85.99765,93.0558,101.07789,94.79156,87.81643,88.82156,97.00091,102.80195,105.12615,105.58592,109.17822,81.59472,93.16311,93.6497,84.41597,73.91427,77.54273,84.15722,58.17668,68.76021,61.7481,65.66762,57.93212,64.71224,64.44025,64.54542,55.11083,54.93216,51.38482
1.A.4,LT,6903.32468,7296.01329,3525.05368,2992.01211,2722.79703,2338.49715,2039.36406,1727.55294,1455.66973,1260.36385,1030.47806,980.17595,1052.19638,1090.79792,1112.55015,1177.21304,1301.44534,1271.08482,1214.7087,1182.7329,1338.31006,1360.12879,1289.53012,1260.9965,1168.77152,1062.56866,1201.43659,1292.47491,1338.09659,1265.61547,1184.02023,1363.50938,1345.49589,1260.6777,1730.70845
1.A.4,LU,1342.95833,1607.31318,1480.38392,1465.24665,1407.61148,1421.00416,1571.78486,1525.542,1590.63018,1447.17845,1642.09936,1681.46789,1629.01768,1668.64429,1715.3477,1644.89298,1610.64426,1524.05567,1586.99792,1577.28489,1675.79903,1382.59846,1504.63379,1520.49479,1362.31505,1579.34027,1635.52743,1692.98769,1618.25447,1617.59045,1595.32611,1629.19745,1401.73251,1385.08716,1313.73076
1.A.4,LV,5493.44801,5617.39077,3977.90573,3326.77118,2330.50425,1549.13814,1572.31956,1323.7164,1146.40449,1123.96948,1049.4658,1206.43789,1175.98649,1268.86359,1312.48906,1292.67337,1351.78092,1375.00179,1295.32478,1282.6794,1458.01723,1356.71235,1280.01309,1252.76774,1252.46777,1220.08748,1247.98721,1279.94438,1283.23416,1260.20144,1299.6176,1346.01651,1317.80814,1249.67044,1282.91098
1.A.4,MT,263.68617,245.44362,297.27945,300.88061,342.45453,335.80463,339.33359,382.70578,339.22615,302.99471,301.10731,208.58357,201.56163,207.38599,213.04138,121.58871,105.50112,114.9165,117.8191,105.08538,130.40787,96.27448,124.39635,133.90119,140.55749,158.81387,146.98427,149.13557,131.2309,143.54589,125.60521,129.48959,156.17288,131.86202,132.50656
1.A.4,NL,39274.38251,44432.01116,41538.80244,43747.70404,41076.36443,43311.01178,49375.70895,42359.65209,40906.1166,39163.30717,39264.25024,40856.20821,38968.38241,40081.98614,39965.8526,38575.42768,37993.8965,35291.41623,39014.56514,38953.71801,45123.19395,36773.49446,38832.11452,39878.06269,31761.58753,33615.87596,34103.596,33555.42373,33585.81842,32411.19471,30750.46003,33311.52029,25665.4619,24166.36422,23621.51532
1.A.4,NO,3885.00157,3671.10407,3541.70329,3649.65047,3631.52596,3626.5167,4312.9566,3903.7932,3808.11411,3810.01243,3167.10665,3501.42697,3608.74343,3807.92904,3454.62545,3032.38473,3233.10007,3051.98497,2850.93009,3040.28145,3350.55455,2826.0599,2747.18114,2743.97914,2614.9338,2545.39392,2863.56986,2745.56757,2811.47083,2641.99494,2692.85635,2760.00249,2650.21565,2807.9929,2607.08089
1.A.4,PL,53442.29888,63144.23216,65776.42399,69637.69762,63122.43355,62772.06817,63991.6434,61094.72052,50652.82749,52309.78225,45250.21059,48047.53179,50986.59195,51512.0862,52277.52516,54952.73936,57442.18478,52857.69517,55305.16221,56349.13701,62401.3839,56028.8898,57662.54439,55715.91389,51323.72267,50605.08953,54002.83599,54195.34777,52221.69387,46835.35327,47792.81224,49304.7395,43756.29973,42613.26337,39447.23818
1.A.4,PT,3463.33209,3617.81896,3824.27232,3969.39755,4166.54093,4088.14338,4327.16479,4406.45438,4961.97714,5409.65057,5755.70739,6093.51263,6348.48166,6497.28187,6834.98168,6716.5822,5614.67393,5520.91788,5191.16231,5060.92759,5011.05582,4426.19529,4239.51057,4177.08791,4071.13481,4064.48351,4012.87123,4022.96056,4153.50408,4158.58804,4152.20382,3994.43906,3799.44839,3697.14517,3776.25053
1.A.4,RO,10863.11524,10717.94601,9867.93298,8392.83901,6841.20665,7867.96114,7516.61715,9100.61542,9415.97063,7951.48374,8215.20853,7791.37577,7853.65443,9283.37548,9887.45139,10213.90207,11973.06219,10081.09857,8905.86832,9123.41243,9093.68818,9220.04302,9697.25464,9359.33222,8927.39337,9234.77508,9418.64208,9949.70815,10474.69027,10493.99457,10708.19798,11898.79541,10845.27084,10677.43378,10442.16972
1.A.4,SE,10722.71027,10440.2999,9856.00286,9834.92484,9892.97353,9413.43175,9429.9728,8670.87789,8608.47202,8079.03737,7882.1508,7075.3532,6611.86122,6325.10867,6053.40813,4916.22335,4283.95021,4038.49914,3440.21153,3177.9187,3412.10474,3022.05226,2833.19108,2659.87835,2515.88336,2428.57031,2257.61671,2180.36799,2029.37074,2060.39469,2009.55503,2042.57866,1818.60071,1731.0699,2099.29759
1.A.4,SI,1687.84123,1934.0021,1726.33832,2047.12736,1953.22159,2136.74767,2770.27496,2845.56986,2962.82328,3197.30445,2573.53728,2967.5951,2839.74674,2774.34014,2721.93463,2469.24937,2244.16278,1796.81811,2158.55393,2054.02872,2079.14405,1820.08001,1576.28055,1489.59251,1231.66132,1323.87028,1389.58215,1270.35764,1187.42377,1187.02249,1199.93995,1081.43109,1121.7549,1117.11464,1195.25393
1.A.4,SK,11067.31896,10107.78706,9705.93157,8151.70503,7418.30541,6926.90121,6785.95657,7234.76629,7017.46689,6888.88047,6456.26606,6913.1651,6520.13382,6065.23874,5791.57841,6349.2423,6315.56229,5719.43076,5998.66509,6044.31394,6339.39523,4937.94564,5174.07183,5461.18309,4581.98152,4612.92243,4638.30056,5075.11318,4586.82454,4476.21103,4379.13053,4968.26738,4530.23406,4197.52711,4101.93695
1.A.4,TR,29276.86915,30429.72618,32536.63039,33228.25383,29476.54295,33297.16509,34267.39507,36952.77326,33428.93394,31655.30826,33692.73946,27686.40319,29175.81048,32426.58616,35645.24018,38826.15176,38425.20424,41334.81107,58970.56725,65084.42066,62069.79232,69279.44716,57465.48099,52998.73743,52668.19999,65753.92513,65428.17312,72979.61682,62549.48277,67602.39691,73725.58491,73669.80672,73429.45809,71725.64611,74331.38126
1.A.4.a,AT,2291.73057,2392.14976,2818.23287,2992.08378,2475.52815,3038.30666,3201.33219,3287.99737,3090.66033,3607.58294,2796.93342,3793.7618,3627.75874,4220.48689,3972.06286,3417.52199,3606.38742,2607.12164,2763.62861,2205.80211,1659.57935,1486.65188,1361.01113,1387.22283,1246.75653,1289.20333,1223.64471,1419.545,1362.20373,1367.59511,1289.55402,1524.3608,1214.79215,1010.13464,1083.60472
1.A.4.a,BE,4170.25515,5328.14264,5241.73771,5406.80193,5934.28461,5502.72011,6601.73178,5971.03344,5997.73529,5999.72781,5922.9008,6251.55626,5982.86305,6271.09739,6282.71766,6104.49285,5681.70478,5324.82745,6022.69859,6192.22661,6588.81865,5346.32015,5746.64244,6010.29043,4965.38218,5544.93288,5578.6377,5605.52916,5692.90216,5616.47724,5267.08485,5763.67799,4640.47327,4378.1468,4456.74181
1.A.4.a,BG,3116.95761,908.02824,425.2449,474.77892,1027.06886,386.1701,454.44677,172.05214,352.8895,487.78339,330.74702,581.72382,398.43392,287.92684,205.31164,230.79071,381.09121,324.12175,400.9136,375.00286,342.37047,318.56757,310.23253,273.25006,250.59272,349.92192,353.04135,341.29528,314.17379,312.78911,284.28195,337.19007,334.63282,310.6371,304.69896
1.A.4.a,CH,4846.95249,5528.14109,5574.92533,5643.11982,5046.62491,5253.8886,5735.60828,5129.12029,5554.225,5127.02278,4953.78955,5734.35551,5003.44489,5379.70954,5235.04996,5312.75436,4947.51612,4443.06236,4681.64713,4512.44629,4890.71606,4003.049,4357.22346,4663.9496,3603.72237,3921.4554,4087.83405,3895.70524,3488.80461,3480.79805,3228.07862,3671.87859,2929.4456,2843.2751,2807.63474
1.A.4.a,CY,75.21224,90.49669,102.28353,98.85933,100.87978,104.21277,108.90899,107.15778,109.40937,110.48595,115.77473,114.40813,112.38479,117.966,110.48933,98.25857,105.59381,102.40751,111.76474,105.59381,118.33901,111.76474,105.27346,102.4905,80.50675,86.61834,80.36914,90.36803,88.59534,116.95486,84.97995,92.87405,101.95201,103.36013,105.53726
1.A.4.a,CZ,9907.14527,9554.2315,5210.09615,8978.9577,6900.62567,5744.03323,2733.17525,3403.61295,4018.96263,4744.1267,4965.12621,4475.99319,4248.62016,5230.22042,4992.26819,3510.72591,3796.79977,3307.45695,3734.25613,3175.08436,3359.283,3207.61782,3040.08531,2898.5299,2810.57431,2810.7026,2889.29564,3095.34117,2777.67989,2941.60653,2680.58486,2559.01664,2302.31161,2049.42557,2263.56242
1.A.4.a,DE,64025.92845,64704.8531,57718.71766,55478.25754,51078.22144,52912.63845,63670.77227,54568.15435,53058.36322,49001.83952,45278.55773,52501.96324,49580.03127,40157.89507,36366.24058,37520.75547,45167.26161,33471.10609,38346.76819,35740.30785,36935.28982,34354.73481,33101.67328,37756.78286,33147.55247,34786.37702,31241.58722,31937.21761,27016.66481,25884.76084,24794.44681,24726.39189,25020.25495,21954.63118,21323.6871
1.A.4.a,DK,1567.02215,1467.74255,1362.85115,1439.00092,1282.64774,1289.70878,1455.64052,1306.85209,1201.799,1186.7743,1062.4499,1039.16928,1039.03294,1174.40675,1142.22031,1144.48929,1192.03398,1118.4721,1135.31574,1092.65472,1099.6324,901.11468,958.61225,968.33456,793.13142,843.34197,838.19818,831.16498,798.17882,676.70107,628.6125,677.75038,482.27165,454.49293,460.49227
1.A.4.a,EE,164.52329,163.68002,106.70759,79.74512,74.61607,99.16575,120.42294,148.24217,163.86169,172.01027,214.51627,281.09249,227.64811,295.63359,284.42962,273.55804,240.92082,236.42407,200.92062,179.55043,167.98789,209.10543,222.41545,233.9806,255.32709,266.51458,267.90054,253.97133,263.19332,234.57493,240.1353,250.49413,180.66173,163.24742,176.40238
1.A.4.a,EL,518.86311,687.02621,637.03291,606.02744,620.55556,666.16782,807.03536,780.0246,795.18739,768.33033,784.83525,1020.58425,1039.35702,1140.95254,1231.79332,1549.30191,1610.9672,1511.82627,1507.58738,1240.22175,1150.17581,1084.51715,1352.91981,828.54137,560.86368,713.11157,694.65076,710.62366,683.48175,734.06431,582.79332,624.41209,611.99949,646.93898,718.62169
1.A.4.a,ES,3809.28154,4585.25378,4956.86029,4312.06328,4690.14342,5423.54663,5262.04937,5495.5252,5684.55548,6215.63286,7012.78304,7585.83913,7693.32032,7096.47669,7966.72684,8970.12024,11528.6153,9197.40816,9842.24398,10790.32595,13078.06014,13711.70487,12283.41488,10139.99078,8269.30288,7968.0283,8474.7192,9223.88821,9842.04976,9347.04091,8899.70191,9707.55416,8959.64323,8696.03035,9285.26507
1.A.4.a,EUA,169541.69439,175159.50202,157990.90756,157867.66508,146211.58772,147673.28864,161634.93728,149870.06132,149598.89637,149781.60054,142706.93696,155788.32519,149562.04348,148902.94622,148887.76713,150594.11269,159901.08981,139615.47149,151851.23627,150682.35467,157573.87669,134899.91955,134226.65106,136525.07908,118978.96384,124341.0717,121599.61069,122814.60049,118790.77195,114634.02365,107662.37387,111771.90628,100550.50654,95227.91321,95181.33781
1.A.4.a,FI,2472.68606,2411.83053,2506.71996,2197.89643,1896.62586,1578.78641,1638.75446,1651.967,1674.89044,1669.44517,1569.0219,1612.66689,1599.09871,1572.33482,1542.25807,1481.79165,1470.98331,1434.27782,1252.65984,1231.75314,1341.68918,1229.19835,1324.03962,1222.57537,1205.68708,1129.18285,1202.99798,1189.69358,1171.96309,1165.61677,1061.64047,1164.92629,1087.9367,1130.277,1121.30223
1.A.4.a,FR,26625.56281,28910.39452,27538.11624,26241.1424,24740.2283,24981.53373,27391.14879,25716.67861,27090.31972,27608.10781,25424.66073,26300.81438,23624.77283,26886.17545,27255.54325,26776.87202,24286.32136,24005.94823,25412.88349,27492.37682,27861.14476,17712.39298,19594.04974,20449.00098,18109.34658,18951.63324,18325.90204,18894.55963,18740.95687,18082.01164,16674.94352,18030.44008,15048.52497,13678.12999,13574.78552
1.A.4.a,HR,854.65183,576.88995,441.42412,538.01917,604.31436,661.70474,707.12718,752.02571,655.64222,681.22527,640.92785,745.80169,793.03125,821.24111,809.1997,789.25208,725.26808,612.02045,627.82757,628.7514,670.60915,617.28323,542.40334,508.90984,471.31694,583.87543,607.71273,626.65031,627.2173,612.02587,570.75258,653.68614,563.05272,495.72553,501.02998
1.A.4.a,HU,2766.16783,3545.03754,2414.62745,3354.68789,3678.14405,3605.86194,4293.26675,4149.90158,4060.54927,4290.48848,4425.37572,4764.35193,4375.31822,4608.90202,5728.08404,5436.353,4676.5911,3634.27146,3442.59735,3703.3648,4079.04061,4134.18017,3377.11921,3420.50816,3099.62484,3270.7913,3188.18197,3003.21126,2888.91299,2766.06194,2777.65327,2893.44522,2451.51877,2014.47658,1912.60659
1.A.4.a,IE,2120.73284,2112.20773,2012.15447,1972.47333,2068.82088,1977.89693,1835.09313,1796.11352,1732.96757,1792.13399,1863.95994,1821.4342,1730.1763,1786.26897,1705.106,1730.84984,1701.09181,1661.3214,1705.9169,1374.87678,1491.69205,1358.08394,1423.97496,1490.45325,1428.17387,1518.33344,1469.03963,1404.9202,1518.43425,1498.04871,1314.64007,1403.33476,1366.95397,1324.37197,1430.37879
1.A.4.a,IS,8.01773,8.3305,8.02324,8.34935,8.47762,7.74976,6.45511,6.4581,6.53267,6.66367,6.69052,6.06913,6.05422,5.61564,5.43456,4.89795,2.77092,2.95489,1.49867,1.39473,1.69069,2.38009,2.47776,2.46836,1.94931,2.0567,1.69804,1.98748,2.0605,2.66997,1.62987,1.73635,2.09485,2.277,2.40814
1.A.4.a,IT,11902.19842,13496.90695,12932.59412,13637.13835,12762.92737,14070.47439,14706.8279,14432.50867,15244.84277,17340.27494,17229.8303,17961.58404,17375.21568,19689.08846,20327.72463,23424.11,23810.83141,23580.35031,27915.36401,27168.92518,27169.99511,23457.29285,23256.31152,23081.57414,20017.75289,21193.79661,21414.15797,21449.02305,23000.99343,22508.10455,21580.52526,19898.34125,17611.37262,19127.51614,19342.22597
1.A.4.a,LI,64.66584,58.89435,57.34975,63.29828,59.93263,59.2482,58.45488,63.24021,68.79606,62.5254,57.45449,56.59934,62.55652,65.85723,66.61324,66.47982,69.47132,48.943,56.68248,55.33258,46.08584,40.58969,43.00878,45.90103,28.22628,34.9792,29.27771,31.58787,26.58858,29.85169,29.60538,27.85898,24.12253,25.29898,23.69153
1.A.4.a,LT,3058.75397,3393.03152,1455.53821,1132.33841,1209.55365,1131.01148,827.76517,605.0444,538.27222,465.23694,311.68407,255.72312,293.43019,296.8887,318.67871,343.22986,414.79794,393.20234,340.92076,353.03885,366.84316,392.06171,327.63906,356.33601,311.06966,276.87007,313.69824,330.89469,362.37722,316.0321,261.00996,290.40055,285.09166,295.44409,256.4734
1.A.4.a,LU,639.00472,768.53808,708.77483,701.21968,675.88566,681.35064,760.30871,736.99029,770.87916,690.81513,547.13107,497.52055,499.3805,496.02599,461.7777,417.18787,394.3306,347.66791,376.32754,380.29581,500.55507,303.79735,407.96592,435.54804,379.99075,484.45149,508.82223,545.46133,566.70054,654.21402,544.21754,621.56603,473.32895,456.50938,409.01712
1.A.4.a,LV,2726.07255,2647.251,2234.9418,1688.54163,934.79531,617.53751,656.37956,539.61299,495.95928,497.43724,445.66344,475.18091,498.05374,526.62143,538.54188,490.6785,540.41564,562.77036,521.98911,485.12018,521.14325,465.07562,442.4668,432.82561,429.68307,416.2074,384.69042,379.74675,385.17303,359.12639,399.05202,442.02283,420.38872,421.40916,385.96708
1.A.4.a,MT,164.59605,142.70726,187.2326,190.51336,231.40363,217.79371,219.79712,275.24491,266.16754,213.11917,209.97903,119.09952,100.82499,95.84247,96.89672,46.221,45.7439,58.0248,58.0248,48.724,70.5766,45.7183,67.7515,77.53992,87.09882,102.5299,96.7119,89.29948,63.15389,62.94264,48.67487,52.74904,65.29271,50.24765,53.35161
1.A.4.a,NL,8592.71426,9719.77446,9026.19081,9716.95227,9090.33085,9297.12865,10751.86706,9530.51517,9272.73802,8835.00515,8853.31661,9413.77434,9040.04197,9685.5331,10402.89109,9464.67395,9440.59218,8541.89994,9211.09762,9371.19034,10609.05707,8577.82373,9497.76803,9486.73351,7690.78007,8243.92599,8236.09247,8182.2816,7936.11295,7403.81348,6661.36593,7198.93495,6151.14015,5659.93352,5176.96807
1.A.4.a,NO,1186.98112,1132.55398,1048.15962,1139.73165,1129.30495,1162.61449,1406.93871,1231.12503,1154.53207,996.50432,732.19315,976.88054,1055.8463,1202.77592,984.6206,873.73585,898.56654,883.20387,829.37583,950.10038,1223.03779,1017.76884,892.17109,971.80332,936.37917,894.69829,1132.06643,1006.30124,1073.98161,1053.49444,1046.5351,1100.44858,1053.63476,1128.05086,1072.81506
1.A.4.a,PL,9714.77053,9572.74455,10052.03272,9158.00231,6965.36052,6967.97595,6406.56134,6769.35565,5423.82117,5759.25595,5651.77907,6053.17301,7998.21652,8378.6472,8117.32946,7700.09084,8603.53632,8272.20729,8849.79672,9245.67126,10488.92693,9632.35978,9319.67939,8618.06008,7682.15901,7838.43813,8491.81845,7362.78071,6912.34983,6328.11909,5926.3838,7610.36957,5926.65545,5262.00234,5555.72041
1.A.4.a,PT,704.48264,786.84161,894.46442,938.75725,1068.76227,1028.38506,1099.2531,1352.93853,1777.0145,2026.09065,2072.45962,2454.21247,2680.5297,2829.30918,3113.91081,3024.68583,2100.13201,2091.564,1787.10334,1682.79143,1307.58681,1104.02159,1097.13749,1073.99994,1106.63069,1138.5251,1115.78738,1135.45134,1213.27159,1142.44931,959.23043,960.1448,982.5429,1137.92105,982.84102
1.A.4.a,RO,,,800.84596,614.54332,693.10506,796.20438,912.33405,886.50457,1329.93792,971.19668,838.84474,1584.93104,870.36293,1592.68876,2174.57602,2509.2322,4130.86413,3109.08417,2131.35145,2336.63016,2389.65606,2084.26952,2005.82633,2058.49787,2053.46012,1998.78976,2057.20973,2166.0248,2207.17045,2212.99617,2049.39458,2005.91763,2088.42846,2250.10597,1967.67621
1.A.4.a,SE,2781.25737,2717.36777,2265.11487,2238.14323,2143.83098,1897.19618,1984.64294,1843.31836,1757.61848,1777.31194,1712.33385,1582.54257,1484.67019,1461.55214,1362.03178,1114.78103,1123.49015,1181.66302,903.30381,810.9884,993.07227,919.45115,779.33432,673.35789,706.64016,653.21905,638.83209,582.97184,581.321,612.17142,594.38073,579.63479,523.43128,485.90953,553.05338
1.A.4.a,SI,623.61393,773.07856,627.02581,653.88532,576.04906,571.96591,848.35078,878.62973,910.49199,977.57561,860.96902,886.08409,843.04681,819.70559,867.59893,771.33011,624.38106,481.75169,703.31559,684.44503,652.52216,577.90808,417.65058,455.45073,349.88231,394.8273,466.97982,366.62973,331.31007,342.88546,336.51786,251.90457,290.83505,338.21006,477.42388
1.A.4.a,SK,4147.5092,3703.29551,3313.34441,3026.8348,2686.87863,2423.81074,2179.94378,2712.05953,2123.36021,1892.58635,1564.37564,1613.33883,1806.42261,1363.05863,1511.35799,2252.75795,2500.3429,2446.27433,2544.65876,2586.64062,2560.22991,1556.90211,1863.2527,2084.29384,1469.67694,1486.92213,1438.93121,1596.05577,1444.2301,1334.83918,1149.81552,1450.36559,1365.01855,1332.67815,1301.90285
1.A.4.a,TR,9632.12841,10011.1786,10860.61586,11465.79024,10976.21988,12984.12027,12891.48729,12906.0015,12464.43649,12081.90548,13163.3354,10707.96751,10445.23004,10390.55603,11072.44743,11904.24574,9463.1104,8985.36072,8810.01838,8539.35103,7027.10742,9014.78374,7194.31848,8652.65327,8395.25889,23216.89706,22004.12535,20377.15998,13484.19263,14023.57159,13580.90768,13895.29779,14988.43603,14904.7015,13076.27468
1.A.4.b,AT,10000.05621,11093.42953,10173.98638,10061.83637,9360.34473,9948.13139,10711.36879,9207.60158,9458.72753,9537.06489,9162.49481,9357.03394,8836.05729,8940.30689,8669.17653,8946.54663,8610.78267,7634.75943,7783.69039,7488.9851,8182.70662,7127.59931,6864.60945,7104.59029,6229.09226,6588.91453,6879.7275,6847.92135,6185.76134,6393.34823,6469.67852,6872.91996,5816.10966,5022.67356,4412.5779
1.A.4.b,BE,20575.87804,22212.37317,22094.65253,22056.92704,21168.00781,22371.6372,26421.01855,22869.52403,23203.03005,22301.75094,21066.73156,23070.35405,22679.80778,22938.98991,21409.2106,20989.01202,20038.70576,18355.70306,19357.59797,18341.1134,20318.08996,16807.41803,17411.46279,19009.70586,15719.47751,16573.80271,16354.48876,16086.25567,16055.2298,15424.22458,15068.55727,15289.97019,12620.98443,12340.50462,12310.59884
1.A.4.b,BG,2887.25718,3215.1668,4004.44749,4617.90243,3377.06068,2834.66697,3242.7845,2431.82968,2322.69998,1553.57649,1034.19014,685.0468,1234.23786,1476.37714,1137.38743,1047.80906,1147.40013,1022.5879,960.08894,745.23719,939.08111,1166.33261,1137.60639,933.83645,698.65642,743.1356,807.72045,833.22663,674.10968,622.68364,642.96923,842.91147,417.19103,252.1041,271.55285
1.A.4.b,CH,11622.52847,12290.02683,12297.90433,11631.39333,10975.31805,11812.38995,12180.15047,11385.33178,11776.33049,11547.01197,10647.86242,11212.11223,10823.79168,11442.94904,11452.38862,11606.90914,11133.1633,9844.5132,10468.2629,10220.75429,11020.6169,8777.82124,9644.89896,10249.56441,7972.74253,8494.02749,8790.73026,8362.66326,7617.15145,7627.18636,7041.13112,7849.75206,6326.64368,6077.38042,5920.7815
1.A.4.b,CY,299.70396,318.46274,385.03864,382.6782,390.71432,413.11292,429.90489,451.78056,469.8196,473.26262,503.82949,507.24017,517.57645,533.8411,475.52606,417.37799,467.10697,441.4149,394.0979,431.74476,368.6075,418.70746,406.12685,333.83403,302.48561,352.676,355.66063,349.01532,284.47997,328.05275,323.96264,293.6326,315.90502,269.98768,267.01593
1.A.4.b,CZ,18374.86053,17111.75051,15393.31511,14687.30714,14397.07835,13828.88142,15238.16716,13835.27159,11307.15842,9681.66297,9735.28266,10636.29668,9793.14419,10071.56822,9838.32177,8937.71364,9048.552,8158.02675,8014.43812,8297.04123,9745.01658,8824.33771,8982.33402,9147.67783,7698.2349,8045.47765,8462.65076,8761.53874,8114.90895,7347.78393,7366.30683,7847.61407,7047.93214,5602.71432,5083.74952
1.A.4.b,DE,128635.75239,131347.17,123327.06604,133859.34804,128334.47633,128972.62177,142276.78701,138271.90289,131921.28753,119789.44892,117779.45111,131144.78954,121124.452,120825.89044,113197.60762,110838.01371,112590.06812,86220.62313,106150.04421,98553.89683,105018.30355,87729.82145,93820.96747,99744.17745,83096.82039,87522.82012,90498.62707,88786.86477,88509.63767,95307.00425,94663.78513,90804.77286,83938.16248,78292.95803,76863.21035
1.A.4.b,DK,4996.42475,5237.2562,4649.00006,5379.12279,4924.77919,4975.7471,5335.6921,4777.69116,4699.6621,4517.50106,4021.70167,4221.66315,3966.21949,3928.83018,3784.38381,3659.95749,3413.95592,3145.17134,3043.4872,2964.53494,3161.07633,2673.24383,2491.20811,2403.88333,1914.23963,2003.45319,2037.72025,1929.85854,1864.29032,1779.66978,1553.72209,1418.8254,1053.63907,929.58389,882.53134
1.A.4.b,EE,1021.44307,1002.66225,525.00512,411.29457,325.41749,358.70441,415.46335,328.15919,273.85409,303.57803,278.05157,257.40136,237.9083,202.98689,223.67827,225.71108,210.17519,180.77893,191.64227,170.74565,185.84942,189.80026,192.1423,181.72537,177.54578,161.58461,171.2317,159.18449,154.99144,164.40206,151.70712,154.9396,121.5473,152.25848,151.89608
1.A.4.b,EL,4653.84672,4730.00964,4633.93916,4600.49686,4628.248,4852.71604,6579.46504,6883.48726,7218.43994,7059.93554,7652.64344,8236.39136,8531.2619,10136.92024,9698.11913,9960.06572,9630.60598,8676.27775,8465.9035,7475.98919,6742.16313,7979.01319,7013.87064,3588.39732,3781.04109,5050.40216,4687.46555,4695.81493,3973.08651,4461.07883,4998.7236,4548.72759,5023.14099,3594.67036,3609.42733
1.A.4.b,ES,12801.78565,14215.76558,14350.5024,14202.82664,14819.5984,13953.12385,15129.41471,15007.8104,15425.86493,16291.76639,17140.68714,17446.95408,18024.02912,19666.61572,20787.96664,20844.38368,20505.16565,20415.36211,19696.98715,19202.59307,20564.71236,17003.2146,16639.69456,15904.04049,15477.66444,16887.9034,16134.0639,15767.66584,16842.85052,15226.99002,15379.05103,15534.90504,14263.33375,13270.58812,13336.99262
1.A.4.b,EUA,426436.69443,455633.41748,429786.62278,439720.83083,410436.73097,417191.09547,453861.84355,428109.12945,416024.46767,404269.89738,389346.94429,417925.31503,403159.21305,412911.78366,407210.27034,406768.74779,399740.34328,346336.56283,376460.65676,367665.63009,389370.85529,342007.52528,353669.08517,356198.46661,299939.94023,318295.8938,327004.22946,323905.98386,314999.51422,310573.32873,310553.95297,316196.61669,276750.50566,252498.25304,247894.67208
1.A.4.b,FI,3147.71406,3022.63391,3047.7377,2971.64029,2748.51555,2692.88699,2738.49654,2735.94476,2770.15205,2722.62685,2532.79571,2697.40326,2646.8914,2576.91388,2527.7064,2313.48334,2271.4609,2129.28652,1840.36328,1832.12561,1981.50535,1541.9253,1638.98249,1437.74776,1393.56399,1259.1281,1286.8524,1204.5861,1110.89959,1024.12834,913.87607,841.02752,641.36966,384.71796,341.80279
1.A.4.b,FR,53936.33641,60598.04893,59693.6016,58006.96502,54835.78445,54375.5308,60206.59171,56696.78071,58962.40285,60118.29438,58184.56775,62035.49718,59616.41641,60672.33023,64396.305,63615.40205,61135.84453,53710.55118,58730.1243,58857.92179,56652.10437,51138.48984,56389.78121,57470.20221,43909.11536,46570.38113,48649.70601,47675.10762,44032.491,42625.57018,41523.39871,42370.63477,34127.66205,30446.17575,30047.74453
1.A.4.b,HR,2028.84306,1774.81156,1480.32114,1389.21735,1406.19118,1632.95195,1822.48359,1975.62692,1877.24103,2087.12837,1948.44456,2115.92794,2209.30155,2397.02979,2372.05725,2417.26914,2231.02512,2011.88594,2065.86988,2109.54502,2138.25231,1968.28086,1749.97632,1635.76978,1425.29394,1502.5184,1544.39273,1565.72938,1478.11339,1400.81944,1477.2741,1517.92405,1466.21876,1416.47242,1454.56212
1.A.4.b,HU,15448.24409,15898.88689,12526.59765,12489.18876,11477.14381,10634.76168,10997.87425,10402.85142,8709.79778,9086.20692,8717.27126,9297.68535,9660.03967,10830.92799,9758.33998,10645.92957,9882.35013,8269.91434,8577.95095,8250.68512,8596.06091,7945.00249,7205.74175,6713.25124,6100.88172,6815.51511,7310.96216,7796.25706,7276.25982,7040.68292,7538.43018,8208.10332,7136.50272,6208.18875,6114.0146
1.A.4.b,IE,7048.16703,7155.66165,6427.63374,6425.8024,6390.10284,6244.21718,6574.55314,6359.07994,6906.03249,6718.08156,6809.04352,7164.01689,7172.05475,7409.52549,7564.89552,7986.96735,7857.06537,7689.85277,8452.45068,8304.86185,8628.43229,7423.72204,6943.10687,6726.27358,6053.66505,6440.03415,6683.92523,6155.48676,6634.55853,6375.19287,7011.40128,6537.49921,5485.19044,5111.428,5363.96099
1.A.4.b,IS,27.93901,24.21508,24.47474,22.37211,21.64695,21.96045,29.92398,20.63879,27.89868,28.8013,21.21768,17.97746,16.11756,10.36814,13.20235,13.03406,9.70467,9.8663,7.12852,8.82863,8.46075,7.29859,6.32699,6.09161,11.18898,5.9129,5.7163,9.42649,5.94581,5.4763,6.65664,5.15845,4.64307,4.20735,4.39878
1.A.4.b,IT,55787.69905,60376.06499,56046.07153,55036.48317,47271.68347,52756.04597,53996.871,51702.19561,54699.43714,57047.91906,53824.00336,57048.15734,54216.69702,56622.64915,58559.86274,60440.95722,54674.64599,49602.87488,50512.92373,52141.78869,55267.19469,52435.7804,52113.10424,51466.70835,43046.97428,47982.05679,48338.2463,47997.58704,46401.318,44735.13742,44068.80454,48073.49026,41775.23817,36519.20824,36812.26532
1.A.4.b,LI,21.0404,20.68317,22.2434,25.21575,24.02936,25.56983,26.28727,28.41196,30.96097,30.83966,29.015,30.82374,33.04065,35.43499,36.95832,37.70113,38.24202,31.13799,35.02226,36.85552,36.90122,32.2588,33.40857,36.75465,28.671,32.56826,31.28582,32.82492,29.61434,33.17735,33.00228,34.84417,29.07821,27.91415,26.10929
1.A.4.b,LT,2361.46262,2721.5902,1344.44908,1224.94655,1028.00733,788.76772,787.8636,776.12128,613.54616,581.63108,539.9943,549.56666,575.01396,609.82677,597.95729,634.76503,665.93622,648.26635,653.69921,640.88345,758.86982,751.98615,743.63357,697.84627,643.60245,591.03837,684.07282,751.29119,771.31714,735.05941,703.51077,836.0204,801.19994,747.43201,711.97193
1.A.4.b,LU,669.91698,803.85044,738.27913,732.76029,698.15739,707.81766,778.06342,753.72495,784.29379,703.63094,1070.13649,1162.00931,1106.23421,1148.90464,1228.50169,1203.09396,1191.14414,1152.24929,1184.46544,1170.62708,1148.62079,1053.37484,1071.13191,1063.1361,960.09331,1072.17394,1104.16616,1125.26638,1028.4523,940.87892,1029.28345,985.74615,906.50244,906.35141,882.08528
1.A.4.b,LV,1182.2145,1349.80702,1065.61557,1046.39856,850.87087,513.51035,495.08208,431.94638,346.60394,315.28303,289.16629,382.90418,354.90203,367.97533,387.18735,424.06275,422.39639,425.42328,428.33184,455.39814,545.88811,492.30561,457.79913,439.00031,441.42978,416.77348,448.81198,462.00837,465.53302,434.5862,418.80791,431.09972,408.28116,385.0378,400.11729
1.A.4.b,MT,95.15697,98.1416,104.11086,104.11086,104.11086,110.4093,110.57389,98.1416,63.33559,79.08169,79.24628,79.24628,88.52935,97.97701,101.12623,50.08406,44.03224,37.98042,40.88302,40.6364,37.7338,34.8312,37.7338,43.8227,40.9201,46.7253,37.7338,43.4313,32.98333,34.6742,36.77142,33.82557,32.20415,29.52306,28.16436
1.A.4.b,NL,20792.92361,23867.33189,21942.82135,23061.77055,21561.14755,23386.64586,27248.57043,22845.93367,21722.24244,20600.80838,20550.3647,21803.51696,21026.77914,21509.72176,20552.50458,19749.36125,19894.07992,17752.14837,20091.80662,19973.89703,23239.46462,18049.47153,19287.16999,20467.69997,15257.20283,16264.15993,16940.33411,16457.35384,16341.46363,15771.66071,15022.40946,17008.965,12704.19547,11336.92684,11061.02653
1.A.4.b,NO,1412.21168,1297.16777,1228.88427,1224.36933,1235.79558,1313.31732,1588.15014,1383.07546,1231.53395,1308.27423,1019.92161,1039.33391,1111.23389,1334.37148,1230.53858,986.30563,1133.39518,974.63768,862.02863,853.41236,957.59454,746.55546,780.45981,744.93866,636.58603,608.29607,628.0523,571.65508,505.61477,385.03959,360.88611,342.02857,294.08639,265.61738,267.52411
1.A.4.b,PL,35222.49616,43376.72095,44529.82565,47375.65806,41929.81797,42073.90272,43277.56089,39482.74766,31881.7842,32788.52318,26762.01098,29290.05527,31090.11325,31109.35641,31805.66437,34390.72938,37856.57644,34603.03523,36044.06909,36813.76327,41246.13102,36207.89951,37947.06594,36958.45469,33921.63658,33478.7596,35649.23897,35916.58335,34305.93155,29887.24588,31113.11667,31457.18415,28014.27121,27578.4572,25658.68696
1.A.4.b,PT,1639.9023,1721.16672,1823.64381,1914.81401,1937.37587,1941.23915,2081.02249,2018.47078,2141.32038,2317.92525,2424.08323,2297.51022,2359.15791,2326.15996,2366.10724,2388.92041,2252.22747,2234.05573,2270.40071,2278.68133,2562.65205,2203.19492,2046.87273,1971.07596,1874.76487,1791.90845,1754.4122,1747.52982,1784.2782,1801.55059,1907.92704,1729.98196,1587.46534,1287.6018,1505.43347
1.A.4.b,RO,8870.88136,8856.73491,6241.01514,5542.69216,4644.20062,5218.17509,5035.93445,6425.15719,6513.1867,6070.32043,6529.67502,5637.14269,6412.18849,7211.45843,7213.31467,7234.64645,7233.3496,6471.51119,6113.97738,5860.02122,5786.17575,6113.04725,6538.62089,6309.96069,5897.97754,6155.18986,6222.55589,6528.23042,6765.57025,6821.50529,7217.21691,8325.89119,7196.56774,6902.7086,6964.61757
1.A.4.b,SE,6286.44885,6271.13079,6063.79851,5952.60179,6077.70102,5917.45964,5801.51747,5195.31122,5190.28446,4738.1829,4688.66231,4001.75977,3554.1627,3241.8483,3051.45042,2270.42942,1656.06939,1354.23809,1115.77179,1013.71697,942.03125,677.46794,648.93942,629.98452,554.45166,546.50271,472.44057,484.21104,464.01589,420.02704,407.04158,438.98595,364.44336,334.33307,345.01278
1.A.4.b,SI,897.92173,995.73538,924.84675,1207.0046,1169.41017,1341.30521,1688.83223,1791.26175,1833.58914,1986.53075,1477.41679,1845.18867,1762.81784,1712.16716,1624.67112,1464.42625,1385.41743,1081.49483,1215.1996,1162.36899,1214.29336,1038.22001,946.93453,825.46706,660.83132,709.94235,704.60224,685.88575,638.08507,628.35638,652.1894,617.98233,615.82454,564.20858,507.69202
1.A.4.b,SK,6773.35716,6261.05325,6249.30065,4979.03632,4580.7847,4346.1251,4439.88629,4352.77528,4708.67336,4798.17476,4544.99815,4954.55591,4363.219,4344.68465,3881.24063,3671.62916,3424.20362,2911.08911,3064.39161,3086.82677,3399.83822,3013.03693,2942.46779,2990.197,2662.27743,2722.91615,2782.41931,3092.09217,2808.89729,2841.01489,2894.03002,3173.03635,2869.42263,2611.43838,2505.9608
1.A.4.b,TR,13875.09553,14624.29087,15866.09767,14606.27466,11307.61467,12973.38154,13638.94641,16027.56745,13020.51826,11410.18144,12027.9234,8843.40262,10470.26615,13649.04399,15559.40047,17827.08096,19193.88218,21708.4557,36679.997,43326.81574,42092.12164,45152.81339,47262.72083,41996.20638,41228.20466,33739.73887,34736.10413,43490.47904,39639.41577,43836.41027,50049.69328,49822.63391,48593.33946,46975.84409,50956.3296
1.A.4.c,AT,1251.26243,1209.65758,1173.2907,1065.90512,1005.84994,990.00399,1043.40523,1084.57448,1079.41726,1107.36504,1045.73569,1068.58343,1024.26265,1013.07731,1025.27448,1006.52295,964.31008,937.81142,1005.42203,880.51412,857.96177,905.02348,825.55149,812.95441,893.37323,826.60537,903.78544,840.25896,838.08536,885.06686,885.48424,870.97373,853.57427,823.19041,805.92477
1.A.4.c,BE,3037.09759,3050.36039,3070.0646,3085.90261,3134.23939,2971.59399,3019.82441,2906.45773,2882.3545,2712.3849,2522.93739,2475.05242,2438.73094,2413.17428,2488.11875,2460.20541,2389.55242,2120.79913,1891.28795,1952.70318,2140.82093,1838.45701,1909.28554,1981.18822,1804.76294,2067.55758,2068.9241,2119.63419,2256.71569,2366.18994,2435.36202,2581.25641,2198.50481,2387.28563,2498.19119
1.A.4.c,BG,1649.28531,1446.7347,972.38714,860.81824,1025.79277,854.38466,881.17093,861.71537,829.75457,858.30811,860.23642,784.77094,795.0728,797.72739,774.0179,839.83554,833.33212,743.65683,475.63938,474.49228,457.07877,498.91443,487.23371,475.52539,461.15005,464.80437,428.65638,433.079,457.2508,445.51925,420.44796,454.59733,476.63182,456.15088,446.21431
1.A.4.c,CH,812.67594,811.82472,809.95165,809.1101,808.26563,806.68378,805.75417,804.07926,803.36001,802.54467,801.11562,787.50117,774.83586,743.30927,746.83531,745.4705,725.40293,694.15446,694.42094,694.82954,697.62997,665.29809,686.7442,641.48082,602.02527,603.82828,600.75714,623.67643,585.49744,588.02026,572.99951,580.08997,538.51718,535.53654,541.05013
1.A.4.c,CY,55.48417,61.408,74.12581,76.59737,78.69622,85.21384,89.52208,93.88559,99.69887,102.33625,105.78851,106.86557,102.6126,105.52633,95.18373,88.95946,92.20103,92.20103,85.82843,79.45583,76.26953,82.64213,79.45583,76.26953,66.9123,82.44046,79.25416,84.05325,78.78404,84.64102,88.17713,84.6549,80.89389,72.16714,78.35731
1.A.4.c,CZ,3672.82003,3530.97796,2410.17065,2660.71355,2594.49696,2390.99009,1992.88201,1787.31367,1581.76904,1592.69305,1699.37951,1552.65886,1443.44154,1374.91999,1338.42665,1318.33331,1271.35943,1214.00371,1225.49282,1204.62308,1225.81504,1216.41588,1199.31968,1232.02702,1230.98266,1185.6827,1205.70921,1200.60273,1194.32686,1237.61404,1210.1753,1193.33538,1155.79306,1145.61465,1192.9363
1.A.4.c,DE,11359.75729,9723.5981,9177.30687,9603.29275,9564.65161,9821.25676,10881.44427,9703.12654,9192.82603,9303.71813,8419.11939,8668.10558,8360.38858,8005.48121,7774.07493,7517.32,7825.03089,7091.94906,7578.68062,7110.07008,7444.27742,8064.99221,7709.61702,7590.03015,8262.69287,7842.13113,7966.46383,7362.37535,7251.80657,7200.91074,7492.87188,7589.68773,7310.34308,7265.59796,7263.37005
1.A.4.c,DK,2204.16881,2309.29703,2197.06633,2143.85087,2171.10222,2256.43643,2351.39224,2252.2529,2223.3401,2267.21548,2370.89289,2363.79853,2299.92274,2246.24124,2153.55847,2123.21685,2084.84679,1922.11785,1852.03662,1773.95592,1775.8475,1742.1654,1560.92044,1594.47357,1422.06219,1457.39539,1461.26493,1359.26695,1364.50835,1291.6718,1254.72778,1350.23515,1457.90968,1386.23177,1251.94616
1.A.4.c,EE,531.54535,484.86124,362.12436,284.15599,125.0983,77.84776,135.1348,88.38088,93.25551,30.36468,20.23626,142.45296,195.75478,213.54581,185.31299,183.23145,148.6325,177.08706,177.37018,166.89194,166.6811,205.57167,201.91064,188.1743,242.92994,239.02277,219.56872,204.2493,190.26729,156.14424,132.94251,94.77556,89.31198,63.8793,69.93522
1.A.4.c,EL,2892.80704,3031.95984,2813.5377,2736.80114,2750.00871,2558.57976,2609.29382,2599.87617,2600.19394,2609.55764,2612.12367,2647.44252,2874.33927,3077.82592,2629.83742,2704.74407,2863.35583,2541.09189,2479.55752,1958.50446,1682.36073,1739.46121,890.2837,486.16879,468.86862,499.43271,430.6395,458.09621,463.23727,450.44653,703.39565,557.47792,589.17891,499.75124,521.67746
1.A.4.c,ES,6665.05634,6776.30833,6620.41979,6938.99244,7256.63093,7171.62912,7507.30644,7669.41559,7841.71573,7904.68757,8048.99882,7796.5383,8212.61925,9837.79499,9856.89325,8605.18974,7767.42304,8864.58636,7766.60349,6681.58585,7290.22712,7635.39605,7886.83934,8165.77473,9075.12515,8448.44571,8886.38459,8725.19419,8825.753,8595.97402,8500.37753,9247.64415,8646.6235,8889.54067,8869.18103
1.A.4.c,EUA,85634.05128,84899.93587,82246.11445,85355.07608,85261.01211,84626.60372,87520.70743,84620.78466,82434.39971,82123.73579,80415.23321,80070.22108,78225.56272,79590.06401,79643.38358,78592.75104,74843.26857,72689.80955,72787.95114,70136.10347,72560.80888,71603.14039,69759.33533,69803.00117,69546.26216,68619.40841,69072.89709,69138.35795,70270.77089,69262.83427,70557.7986,71650.81485,67242.43344,66837.56957,65804.13812
1.A.4.c,FI,1869.54804,1895.89931,1863.98493,1840.00249,1854.48839,1744.45931,1723.66064,1720.04446,1751.11981,1723.56379,1672.97208,1675.89882,1693.86486,1692.49249,1671.54738,1628.26987,1581.89338,1615.55302,1599.65602,1532.6881,1571.61893,1497.70099,1570.23274,1497.21256,1441.74114,1545.5913,1564.33716,1561.08928,1456.74117,1573.06561,1565.68211,1365.48807,1433.89298,1448.41789,1409.66078
1.A.4.c,FR,11225.76358,11358.7933,11508.48898,11791.70624,11532.85372,11551.11803,11812.35484,11755.14801,12009.70515,12107.95533,12153.64999,12298.83166,11875.59494,11729.37714,12219.69327,11909.53977,11505.58857,11281.85912,11505.08416,11602.83456,11210.58346,11315.56758,11006.24093,11610.40449,11647.64491,11434.74752,10665.74544,10531.20447,10515.81304,10306.85479,10974.16908,11353.54539,11150.14595,10895.33463,10964.94888
1.A.4.c,HR,835.45662,710.61806,638.58255,621.09936,625.48106,562.20117,727.40811,580.76202,634.90493,810.64048,829.03596,774.04794,720.74381,734.37801,683.76362,691.64014,702.41658,703.37893,748.12886,716.09116,697.34781,696.33295,649.2885,635.01882,633.9763,633.41863,637.97278,629.17663,641.75331,646.07334,679.22065,686.96151,693.17856,686.62884,713.5931
1.A.4.c,HU,2705.71443,2199.73323,1674.34555,1569.31976,1616.73424,1583.98626,1768.71442,1761.77,1689.02623,1796.88889,1609.00571,1467.30553,1499.51424,1398.17107,1289.9887,1238.63471,1233.98915,1107.67341,1184.82001,993.09593,1141.53807,1121.94343,883.85372,1283.63261,1381.47239,1351.37695,1490.75909,1390.12129,1484.74717,1540.91303,1632.29304,1543.46738,1343.30468,1278.08508,1203.00365
1.A.4.c,IE,747.22697,779.63419,795.26507,810.35914,910.31832,1067.9843,867.19436,876.75162,882.81275,908.73222,934.25626,945.68694,932.73843,978.79166,963.16855,1005.27336,954.32351,903.95381,951.36424,815.86333,756.35574,714.88257,690.82806,616.051,556.35864,529.81014,547.82529,576.47002,622.11811,629.12876,652.69781,644.15575,831.67799,723.04763,739.68362
1.A.4.c,IS,802.90838,782.2059,853.34231,922.33313,906.61509,979.92419,1001.51326,993.77064,974.40885,965.97106,950.57233,794.69842,891.61915,847.78395,877.66479,806.36668,719.03581,816.64177,745.96842,807.56825,766.23182,697.37233,701.45884,658.15732,658.25233,673.55161,564.67537,579.45739,581.47224,536.86463,534.40125,584.35663,495.71572,500.48335,534.68149
1.A.4.c,IT,8352.09838,7717.72986,7911.8391,8600.77832,8597.6959,8753.92708,8781.96899,8508.94198,8450.04132,8239.09494,8114.67392,8419.81035,8376.44491,8422.38376,8383.67989,8459.1172,8332.20864,7938.75401,7682.82557,7763.85142,7345.39299,7197.48365,6889.7749,6798.17345,6800.99187,6935.3448,7010.58823,7031.14624,7428.41942,7029.05699,7065.25306,7465.30331,7245.72018,6963.81999,6323.15934
1.A.4.c,LI,1.31796,1.34836,1.32529,1.28247,1.28892,1.2678,1.25551,1.40363,1.32086,1.4265,1.34694,1.39847,1.40374,1.50973,1.55458,1.40496,1.46488,1.51373,1.45836,1.46161,1.42891,1.06579,1.12539,1.50154,1.2794,1.21274,1.18457,1.25483,1.7292,1.6832,1.83259,1.84226,1.9101,1.71902,1.584
1.A.4.c,LT,1483.10809,1181.39157,725.06639,634.72715,485.23605,418.71795,423.73529,346.38726,303.85135,213.49583,178.79969,174.88617,183.75223,184.08245,195.91415,199.21815,220.71118,229.61613,220.08873,188.8106,212.59708,216.08093,218.25749,206.81422,214.09941,194.66022,203.66553,210.28903,204.40223,214.52396,219.4995,237.08843,259.20429,217.8016,762.26312
1.A.4.c,LU,34.03663,34.92467,33.32996,31.26668,33.56843,31.83586,33.41273,34.82676,35.45723,52.73238,24.83181,21.93803,23.40296,23.71366,25.06832,24.61115,25.16952,24.13847,26.20494,26.362,26.62317,25.42626,25.53596,21.81065,22.23099,22.71483,22.53903,22.25998,23.10163,22.49751,21.82511,21.88526,21.90112,22.22637,22.62835
1.A.4.c,LV,1585.16095,1620.33276,677.34836,591.83099,544.83807,418.09027,420.85792,352.15703,303.84128,311.2492,314.63606,348.35279,323.03072,374.26684,386.75982,377.93212,388.96888,386.80815,345.00384,342.16108,390.98586,399.33112,379.74717,380.94181,381.35493,387.1066,414.48481,438.18926,432.5281,466.48885,481.75767,472.89395,489.13826,443.22348,496.82662
1.A.4.c,MT,3.93315,4.59476,5.93599,6.25639,6.94004,7.60162,8.96258,9.31926,9.72302,10.79385,11.882,10.23777,12.20729,13.56651,15.01843,25.28365,15.72498,18.91128,18.91128,15.72498,22.09747,15.72498,18.91105,12.53857,12.53857,9.55867,12.53857,16.4048,35.09368,45.92905,40.15892,42.91498,58.67602,52.0913,50.99058
1.A.4.c,NL,9888.74464,10844.90481,10569.79029,10968.98123,10424.88603,10627.23727,11375.27146,9983.20325,9911.13614,9727.49364,9860.56893,9638.91692,8901.5613,8886.73128,9010.45693,9361.39248,8659.2244,8997.36792,9711.66089,9608.63063,11274.67226,10146.1992,10047.1765,9923.62921,8813.60463,9107.79004,8927.16942,8915.7883,9308.24184,9235.72053,9066.68464,9103.62034,6810.12627,7169.50385,7383.52072
1.A.4.c,NO,1285.80877,1241.38232,1264.6594,1285.5495,1266.42543,1150.58488,1317.86775,1289.59271,1422.04809,1505.23389,1414.99189,1485.21253,1441.66324,1270.78164,1239.46627,1172.34324,1201.13835,1194.14342,1159.52563,1236.76871,1169.92221,1061.7356,1074.55024,1027.23716,1041.9686,1042.39956,1103.45113,1167.61125,1231.87444,1203.4609,1285.43514,1317.52534,1302.4945,1414.32466,1266.74172
1.A.4.c,PL,8505.03219,10194.76666,11194.56562,13104.03725,14227.25506,13730.1895,14307.52118,14842.61721,13347.22213,13762.00313,12836.42055,12704.30351,11898.26218,12024.08258,12354.53133,12861.91915,10982.07202,9982.45265,10411.29641,10289.70249,10666.32594,10188.63051,10395.79905,10139.39911,9719.92708,9287.89179,9861.77857,10915.98371,11003.41249,10619.9883,10753.31177,10237.18578,9815.37307,9772.80383,8232.83082
1.A.4.c,PT,1118.94714,1109.81063,1106.16409,1115.82629,1160.40279,1118.51917,1146.88921,1035.04507,1043.64225,1065.63467,1259.16454,1341.78994,1308.79405,1341.81273,1354.96363,1302.97596,1262.31445,1195.29815,1133.65826,1099.45483,1140.81697,1118.97879,1095.50035,1132.01201,1089.73925,1134.04996,1142.67165,1139.9794,1155.95429,1214.58814,1285.04635,1304.3123,1229.44015,1271.62231,1287.97603
1.A.4.c,RO,1992.23388,1861.2111,2826.07188,2235.60353,1503.90098,1853.58167,1568.34864,1788.95366,1572.846,909.96662,846.68877,569.30203,571.10301,479.22829,499.5607,470.02342,608.84845,500.50321,660.53949,926.76105,917.85636,1022.72624,1152.80742,990.87367,975.95571,1080.79545,1138.87646,1255.45293,1501.94956,1459.49311,1441.58649,1566.9866,1560.27464,1524.61921,1509.87593
1.A.4.c,SE,1655.00406,1451.80135,1527.08947,1644.17982,1671.44154,1598.77593,1643.81239,1632.24831,1660.56908,1563.54253,1481.15465,1491.05086,1573.02833,1621.70823,1639.92593,1531.0129,1504.39066,1502.59802,1421.13593,1353.21333,1477.00123,1425.13317,1404.91734,1356.53594,1254.79154,1228.84855,1146.34405,1113.18512,984.03385,1028.19623,1008.13272,1023.95792,930.72607,910.8273,1201.23142
1.A.4.c,SI,166.30557,165.18817,174.46576,186.23745,207.76236,223.47655,233.09195,175.67837,218.74216,233.19809,235.15147,236.32234,233.88209,242.46738,229.66458,233.49302,234.36429,233.57159,240.03874,207.21469,212.32854,203.95192,211.69544,208.67471,220.94769,219.10063,218.00009,217.84215,218.02863,215.78066,211.23269,211.54419,215.09531,214.696,210.13803
1.A.4.c,SK,146.45259,143.43829,143.28652,145.83391,150.64208,156.96538,166.1265,169.93148,185.43332,198.11936,346.89227,345.27036,350.49221,357.49546,398.97979,424.85519,391.01577,362.06733,389.61472,370.84654,379.32709,368.0066,368.35133,386.69226,450.02716,403.08415,416.95005,386.96523,333.69715,300.35696,335.28499,344.86543,295.79289,253.41058,294.0733
1.A.4.c,TR,5769.64521,5794.25671,5809.91686,7156.18892,7192.7084,7339.66328,7736.96136,8019.20431,7943.97919,8163.22134,8501.48065,8135.03306,8260.31429,8386.98614,9013.39227,9094.82507,9768.21166,10640.99466,13480.55187,13218.25389,12950.56326,15111.85003,3008.44168,2349.87778,3044.73644,8797.2892,8687.94364,9111.9778,9425.87436,9742.41504,10094.98394,9951.87503,9847.68259,9845.10052,10298.77698
1.A.5,AT,37.35051,39.30692,35.75235,41.33558,43.33268,34.1611,40.33123,38.34777,43.48027,42.61559,41.74964,40.8832,40.01567,39.14793,38.27483,37.56563,36.81475,36.12751,35.43725,34.71884,34.03356,33.18704,32.47833,31.78996,31.10684,30.34578,29.75583,28.99973,28.45242,28.39834,28.46771,28.41393,28.41202,28.41552,28.4503
1.A.5,BE,171.93317,206.4308,204.18435,199.5463,211.36638,207.44643,221.36951,229.7647,213.31672,228.57649,219.48137,228.62467,225.13556,223.99986,204.23451,202.66937,201.71042,166.91932,160.07458,153.05189,129.86614,126.55767,109.83964,103.22528,99.57408,106.18697,108.99596,104.70366,114.33266,95.94256,105.50651,98.78683,97.23612,88.65736,91.29302
1.A.5,BG,85.31786,81.0355,76.75313,72.47077,68.18841,63.90604,59.62368,55.34131,46.11776,112.98852,46.11776,99.15319,57.6472,50.72954,41.62182,23.12822,59.92264,107.03833,16.51367,47.27596,24.43092,37.90565,9.21576,17.54548,9.2676,21.18651,42.30268,39.98963,30.89897,27.28611,18.47153,28.03223,39.24593,62.51369,55.1465
1.A.5,CH,217.6538,200.40353,192.24353,184.03317,178.58262,161.3122,150.536,160.41963,159.46418,145.41892,149.76417,147.04863,153.1424,138.84911,127.58031,137.4519,141.46885,134.40889,129.38332,131.3909,136.16903,123.5304,131.21105,132.22327,137.49607,134.01336,138.13596,126.4128,125.32979,113.91483,118.1867,113.60199,122.46107,123.17641,99.29548
1.A.5,CY,10.99498,12.22911,14.80956,15.37053,15.81931,17.16563,18.06318,18.96073,20.19486,20.75583,21.42899,21.65338,20.75583,21.3168,20.38702,19.03001,13.9471,20.3197,42.6238,20.2864,20.2864,26.6257,20.2864,26.42403,37.96733,25.25543,25.25543,25.40774,26.59407,25.88684,25.967,22.9733,24.13485,23.12423,22.72559
1.A.5,CZ,191.93287,154.17558,198.22575,185.63999,210.81151,213.95795,207.66507,195.07931,169.77241,163.46775,176.08498,160.35585,238.23649,241.52474,269.81289,269.75146,251.46419,336.40918,364.74696,352.18235,317.55864,374.22186,304.90682,298.6122,307.4776,367.8199,393.20729,449.43332,311.06302,292.17245,310.92464,361.17444,263.34943,236.00006,242.253
1.A.5,DE,11764.62057,8412.76362,6400.69465,5138.26869,4760.93657,3982.87169,3119.69506,3013.03834,3024.08726,2582.45747,2313.56677,1896.08798,1933.97165,2011.96307,1727.07041,1760.41685,1602.75609,1329.23824,1352.97981,1378.73217,1337.23264,1236.24554,1026.57236,1065.63272,997.98637,995.83999,1032.34312,852.35154,760.38467,916.77027,787.714,980.41902,859.48104,856.8472,597.06179
1.A.5,DK,166.98484,338.12076,195.63997,295.5772,314.21289,318.04003,245.9317,244.99778,282.33007,264.81799,197.08477,187.78895,183.92223,191.5254,342.92358,373.90217,228.57734,276.17672,208.23294,259.94279,206.17845,288.97301,209.10066,233.64995,224.62325,191.02077,200.72817,297.32773,210.54139,193.00069,238.06093,218.63698,185.65502,262.93176,157.11966
1.A.5,EE,,,,,,,,,,,,,,,,,,,,,,,,,,,,,,,,,,,
1.A.5,EL,,,,,,,,,,,,,,,,522.58604,648.57877,547.14959,696.20947,249.68902,242.48684,215.53161,210.92648,235.28467,188.57637,206.32134,199.05,182.30327,123.17,134.06798,295.89775,35.66904,298.9915,347.94818,487.72781
1.A.5,ES,297.89635,303.19412,331.04448,301.1469,304.6844,331.27639,377.83846,402.64507,408.89884,421.7802,422.26925,428.84747,412.72226,434.07016,475.28454,500.80374,519.60417,534.05617,589.79935,506.11567,554.32796,559.2165,472.29631,330.40926,407.47303,516.62288,485.63948,481.73655,446.89993,448.02246,434.96269,396.31255,225.17292,517.17584,335.43145
1.A.5,EUA,21990.6077,18372.92661,14840.04484,12205.97867,11259.3892,10303.28404,9280.69495,9799.91487,10169.83605,9139.54463,8542.53221,8023.32383,8370.94195,9157.69341,10241.70621,10681.73119,9605.03609,9522.17483,9172.21192,7925.32284,7749.61195,8108.76239,7019.02339,7007.55706,6809.41229,6835.44084,6141.32717,6103.99888,5917.15544,6162.16806,6115.61391,6823.17288,7099.7715,7277.68181,6989.80118
1.A.5,FI,1127.35667,995.53412,1056.50455,975.16393,1227.58536,1318.66259,1372.88923,1312.93067,1430.45793,1328.01931,1433.80873,1504.82413,1466.33499,1518.98868,1385.20387,1488.69409,1400.49579,1336.48986,1182.83751,1094.56611,1196.42104,1026.15233,1047.88768,1011.4811,946.55347,944.82322,889.3206,925.76179,716.39147,748.87036,699.71731,658.0382,755.09409,658.25258,617.11358
1.A.5,FR,4464.24561,4109.97592,2803.98283,2341.41558,1077.28004,593.56533,981.85775,1424.16191,2052.72269,2002.04175,1957.66469,2096.99025,2665.75248,2875.16233,2875.17913,2625.94766,2648.17477,2518.82494,2534.35783,2256.67624,2258.2197,2675.59321,2308.62569,2257.68055,2143.87545,2064.75787,1374.77323,1352.10069,1695.19921,1691.17244,1475.07632,2076.02351,2103.91498,2129.51254,2118.59916
1.A.5,HR,,,,,,,,,,,,,,,,,,,,,,,,,,,,,,,,,,,
1.A.5,HU,384.56976,293.66965,377.98783,46.46327,374.88286,432.58358,375.53015,108.6259,79.8362,64.2156,64.0853,39.1625,30.0048,14.4474,14.4474,14.4474,10.8174,10.8174,10.8174,10.8174,10.81144,18.25,18.1925,18.1775,18.175,66.79816,68.40085,67.63143,76.40351,67.74494,73.86188,105.56318,72.64608,61.9947,81.3016
1.A.5,IE,,,,,,,,,,,,,,,,,,,,,,,,,,,,,,,,,,,
1.A.5,IS,0.1219,0.13753,0.79391,1.43778,0.10315,1.61284,0.38415,0.038,4.96948,4.36318,4.59834,19.74873,22.60105,7.27991,26.20086,28.74682,26.65109,6.79557,7.08743,4.81285,13.87808,6.87521,0.0913,0.7582,2.6513,0.18674,0.15594,0.1682,0.52399,1.67581,0.36154,2.5294,0.74744,1.77033,4.60205
1.A.5,IT,1071.18571,1231.37606,1320.53503,1493.35181,1511.40154,1495.95651,1225.54276,1268.72487,1077.13141,1157.52171,837.4594,368.3034,327.86075,684.1332,1121.86993,1232.60801,1010.67196,921.7026,759.18407,868.45801,651.89636,514.8776,335.35073,584.82941,573.32101,459.33991,515.37929,325.91486,340.76174,452.83578,625.15873,314.41322,510.9656,363.77355,604.85926
1.A.5,LI,,,,,,,,,,,,,,,,,,,,,,,,,,,,,,,,,,,
1.A.5,LT,0.3612,0.43344,0.50568,0.57792,0.7224,0.86688,1.0836,1.22808,1.51704,1.806,3.46752,0.7224,1.0836,3.46752,9.31896,12.42094,12.05974,15.81684,12.2808,11.26944,15.8928,12.78648,8.95776,17.26536,34.89192,36.01348,24.96552,25.65786,20.28261,29.24136,27.66462,27.16293,29.67138,45.792,46.656
1.A.5,LU,3.12403,3.12693,26.74075,23.61531,22.03519,10.76835,18.50966,23.00669,34.05923,62.98824,12.21864,24.2683,13.55346,3.26335,0.12003,0.12017,0.12035,0.11742,0.1177,0.11793,0.11844,0.11875,0.11825,0.11777,0.11657,0.11572,0.11525,0.11352,0.11354,0.11356,0.10994,0.1109,0.10989,0.10982,0.1094
1.A.5,LV,,,,,,6.1776,3.27963,12.45061,3.27963,9.41722,0.13543,0.16621,6.7766,6.34769,11.51034,7.62015,8.90823,2.84161,3.40717,5.33695,7.86756,7.21918,7.32849,6.44787,9.44248,9.5681,11.3945,13.1726,19.85206,23.70075,14.72332,23.89761,24.23363,24.25499,23.83629
1.A.5,MT,0.79636,0.68017,0.81644,0.8718,0.97115,1.15843,1.12016,1.09437,1.07893,1.12338,1.26902,1.3691,1.44225,1.30358,1.30959,1.3016,1.44116,1.65916,1.70831,1.86744,2.00925,2.72172,2.46076,2.82542,3.07842,3.37407,3.53328,3.68074,3.28161,3.30853,4.10611,3.18785,3.38724,3.68773,3.22265
1.A.5,NL,386.6759,389.75509,379.39177,379.39177,343.42975,360.6926,361.99358,285.28384,273.85341,321.28625,311.28159,290.30092,295.83932,286.80381,251.6372,253.63523,237.22315,227.63338,225.02619,232.22005,313.85259,251.18952,204.66766,231.59235,241.03989,212.01363,213.20985,197.23808,192.92989,201.35067,191.97963,204.17618,252.9537,264.97568,199.82646
1.A.5,NO,487.49067,446.27282,451.54731,388.23223,541.86386,561.29901,542.57087,524.46644,471.57778,511.12016,264.05606,368.69682,531.20947,246.33362,402.4987,336.24982,331.94124,266.80146,222.80717,287.75445,218.3049,235.56845,215.34157,227.93273,229.43074,223.48096,229.7628,250.0237,226.82174,232.51433,227.82928,230.30178,228.40308,231.43106,255.92764
1.A.5,PL,,,,,,,,,,,,,,,,,,,,,,,,,,,,,,,,,,,
1.A.5,PT,96.10977,107.56477,80.55163,76.13606,84.93852,82.1202,105.1928,101.05666,105.35858,80.57076,95.68894,95.68894,67.171,53.53849,40.74238,73.29223,76.10233,73.35724,85.7895,86.14573,86.37923,77.67994,48.80404,58.74566,68.73218,76.16819,43.86766,43.78982,58.6828,60.58071,66.31039,72.90222,89.49254,48.80703,54.25371
1.A.5,RO,1221.53479,1277.16155,985.59976,306.06792,432.86034,553.53077,274.30869,842.80779,696.37272,102.97886,237.75867,381.95741,267.72043,377.18252,1305.53818,1164.19269,501.72647,946.70581,811.68074,270.73327,267.80346,538.48246,558.37119,406.30705,398.26789,435.60551,410.71376,617.35879,649.04993,635.0558,619.6152,1099.50713,1169.1183,1183.15539,1147.26659
1.A.5,SE,,,,,,,,,,,,,,,,,,,,,,,,,,,,,,,,,,,
1.A.5,SI,31.75372,6.84884,1.36977,1.36977,1.36977,1.36977,1.36977,1.36977,2.67727,2.86406,3.05085,3.23763,3.23763,3.23763,3.39329,3.2999,3.2999,3.45555,3.52563,3.31331,2.86652,3.34275,3.35091,2.99021,3.72227,3.66994,3.60706,4.10436,3.87942,3.9768,3.14813,4.55563,4.65093,4.43911,4.23147
1.A.5,SK,475.86303,409.54365,348.95454,312.19757,252.56015,277.00616,267.49929,218.99871,203.29281,167.25163,146.8599,152.93797,111.75775,115.5397,101.82632,94.29763,130.61939,109.31828,74.86126,81.80587,69.07199,81.88388,79.28498,66.52326,64.14326,62.59347,64.76836,65.22116,87.99053,82.66866,68.16959,63.216,61.85431,65.31285,71.31589
1.A.5,TR,,,,,,,,,,,,,,,,,,,,,,,,,,,,,,,,,,,
1.A.5.a,AT,,,,,,,,,,,,,,,,,,,,,,,,,,,,,,,,,,,
1.A.5.a,BE,,,,,,,,,,,,,,,,,,,,,,,,,,,,,,,,,,,
1.A.5.a,BG,,,,,,,,,,,,,,,,,,,,,,,,,,,,,,,,,,31.22353,31.81044
1.A.5.a,CH,,,,,,,,,,,,,,,,,,,,,,,,,,,,,,,,,,,
1.A.5.a,CY,10.99498,12.22911,14.80956,15.37053,15.81931,17.16563,18.06318,18.96073,20.19486,20.75583,21.42899,21.65338,20.75583,21.3168,20.38702,19.03001,13.9471,20.3197,42.6238,17.1334,17.1334,20.3197,17.1334,20.11803,31.66133,22.10243,22.10243,21.55459,22.07876,21.89811,21.24988,18.89312,19.34837,20.16658,19.481
1.A.5.a,CZ,,,,,,,,,,,,,,,,,,,,,,,,,,,,,,,,,,,
1.A.5.a,DE,6227.038,5148.33736,3741.33179,2624.37598,1761.36568,1463.98666,1454.53724,1144.41127,1053.66371,996.19927,919.71568,919.85463,869.18688,901.897,830.04499,843.25474,835.1563,653.10128,630.35035,613.61021,658.93718,536.87472,555.43173,559.68434,445.25308,421.09904,474.99566,514.28319,481.47018,443.43144,402.96033,464.47857,409.31414,392.58433,373.99892
1.A.5.a,DK,,,,,,,,,,,,,,,,,,,,,,,,,,,,,,,,,,,
1.A.5.a,EE,,,,,,,,,,,,,,,,,,,,,,,,,,,,,,,,,,,
1.A.5.a,EL,,,,,,,,,,,,,,,,,,,,,,,,,,,,,,,,,,,
1.A.5.a,ES,,,,,,,,,,,,,,,,,,,,,,,,,,,,,,,,,,,
1.A.5.a,EUA,13830.11016,12175.0408,9290.45376,6568.95605,5087.77049,4588.57494,4693.05033,5052.20358,5535.76333,4716.58103,4762.13596,5101.04085,5404.04074,5797.38443,6502.75831,6216.79029,5511.53067,5560.73205,5255.97084,4319.1604,4452.18139,4863.42227,4552.42422,4307.84461,4016.21296,3982.6942,3267.22136,3528.72348,3687.91701,3654.66211,3318.29638,4418.14744,4548.09538,4509.57923,4405.23915
1.A.5.a,FI,1127.35667,995.53412,1056.50455,975.16393,1227.58536,1318.66259,1372.88923,1312.93067,1430.45793,1328.01931,1433.80873,1504.82413,1466.33499,1518.98868,1385.20387,1488.69409,1400.49579,1336.48986,1182.83751,1094.56611,1196.42104,1026.15233,1047.88768,1011.4811,946.55347,944.82322,889.3206,925.76179,716.39147,748.87036,699.71731,658.0382,755.09409,658.25258,617.11358
1.A.5.a,FR,4464.24561,4109.97592,2803.98283,2341.41558,1077.28004,593.56533,981.85775,1424.16191,2052.72269,2002.04175,1957.66469,2096.99025,2665.75248,2875.16233,2875.17913,2625.94766,2648.17477,2518.82494,2534.35783,2256.67624,2258.2197,2675.59321,2308.62569,2257.68055,2143.87545,2064.75787,1374.77323,1352.10069,1695.19921,1691.17244,1475.07632,2076.02351,2103.91498,2129.51254,2118.59916
1.A.5.a,HR,,,,,,,,,,,,,,,,,,,,,,,,,,,,,,,,,,,
1.A.5.a,HU,370.12236,279.22225,363.54043,32.01587,360.43546,418.13618,361.08275,94.1785,65.3888,49.7682,49.6379,24.7151,15.5574,,,,,,,,,,,,,48.6107,46.3576,42.408,48.0882,42.5596,42.3448,48.917,37.8838,33.6144,30.8143
1.A.5.a,IE,,,,,,,,,,,,,,,,,,,,,,,,,,,,,,,,,,,
1.A.5.a,IS,0.1219,0.13753,0.79391,1.43778,0.10315,1.61284,0.38415,0.038,4.96948,4.36318,4.59834,19.74873,22.60105,7.27991,26.20086,28.74682,26.65109,6.79557,7.08743,4.81285,13.87808,6.87521,0.0913,0.7582,2.6513,0.18674,0.15594,0.1682,0.52399,1.67581,0.36154,2.5294,0.74744,1.77033,4.60205
1.A.5.a,IT,,,,,,,,,,,,,,,,,,,,,,,,,,,,,,,,,,,
1.A.5.a,LI,,,,,,,,,,,,,,,,,,,,,,,,,,,,,,,,,,,
1.A.5.a,LT,,,,,,,,,,,,,,,,,,,,,,,,,,,,,,,,,,,
1.A.5.a,LU,2.9968,2.99994,26.61402,23.48868,21.90914,10.64323,18.3854,22.88327,33.93665,62.86641,12.09725,24.14724,13.43279,3.14313,,,,,,,,,,,,,,,,,,,,,
1.A.5.a,LV,,,,,,,,,,,,,,,,,,,,,,,,,,,,,,,,,,,
1.A.5.a,MT,,,,,,,,,,,,,,,,,,,,,,,,,,,,,,,,,,,
1.A.5.a,NL,,,,,,,,,,,,,,,,,,,,,,,,,,,,,,,,,,,
1.A.5.a,NO,79.81466,76.37103,59.90749,68.23412,60.94145,57.46472,77.9173,66.95223,55.4275,62.93451,44.37209,49.77002,43.57435,53.67129,39.34692,26.56173,29.35806,24.17303,24.85875,24.0269,32.72437,31.09115,25.31715,22.73836,11.07358,7.71697,5.79378,7.93238,2.58038,1.85733,0.05909,,,0.03783,0.008
1.A.5.a,PL,,,,,,,,,,,,,,,,,,,,,,,,,,,,,,,,,,,
1.A.5.a,PT,,,,,,,,,,,,,,,,,,,,,,,,,,,,,,,,,,,
1.A.5.a,RO,1221.53479,1277.16155,985.59976,306.06792,432.86034,553.53077,274.30869,842.80779,696.37272,102.97886,237.75867,381.95741,267.72043,377.18252,1305.53818,1164.19269,501.72647,946.70581,811.68074,270.73327,267.80346,538.48246,558.37119,406.30705,398.26789,435.60551,410.71376,617.35879,649.04993,635.0558,619.6152,1099.50713,1169.1183,1183.15539,1147.26659
1.A.5.a,SE,,,,,,,,,,,,,,,,,,,,,,,,,,,,,,,,,,,
1.A.5.a,SI,,,,,,,,,,,,,,,,,,,,,,,,,,,,,,,,,,,
1.A.5.a,SK,405.82096,349.58056,298.07082,251.05756,190.51516,212.88455,211.9261,191.86945,183.02597,153.9514,130.02405,126.89873,85.29995,99.69397,86.40511,75.67109,112.03024,85.29047,54.12061,66.44117,53.66661,65.99986,64.97453,52.57353,50.60173,45.69542,48.95807,55.25644,75.63927,71.67437,57.33253,52.28991,53.42171,61.0699,66.15517
1.A.5.a,TR,,,,,,,,,,,,,,,,,,,,,,,,,,,,,,,,,,,
1.A.5.b,AT,37.35051,39.30692,35.75235,41.33558,43.33268,34.1611,40.33123,38.34777,43.48027,42.61559,41.74964,40.8832,40.01567,39.14793,38.27483,37.56563,36.81475,36.12751,35.43725,34.71884,34.03356,33.18704,32.47833,31.78996,31.10684,30.34578,29.75583,28.99973,28.45242,28.39834,28.46771,28.41393,28.41202,28.41552,28.4503
1.A.5.b,BE,171.93317,206.4308,204.18435,199.5463,211.36638,207.44643,221.36951,229.7647,213.31672,228.57649,219.48137,228.62467,225.13556,223.99986,204.23451,202.66937,201.71042,166.91932,160.07458,153.05189,129.86614,126.55767,109.83964,103.22528,99.57408,106.18697,108.99596,104.70366,114.33266,95.94256,105.50651,98.78683,97.23612,88.65736,91.29302
1.A.5.b,BG,85.31786,81.0355,76.75313,72.47077,68.18841,63.90604,59.62368,55.34131,46.11776,112.98852,46.11776,99.15319,57.6472,50.72954,41.62182,23.12822,59.92264,107.03833,16.51367,47.27596,24.43092,37.90565,9.21576,17.54548,9.2676,21.18651,42.30268,39.98963,30.89897,27.28611,18.47153,28.03223,39.24593,31.29015,23.33606
1.A.5.b,CH,217.6538,200.40353,192.24353,184.03317,178.58262,161.3122,150.536,160.41963,159.46418,145.41892,149.76417,147.04863,153.1424,138.84911,127.58031,137.4519,141.46885,134.40889,129.38332,131.3909,136.16903,123.5304,131.21105,132.22327,137.49607,134.01336,138.13596,126.4128,125.32979,113.91483,118.1867,113.60199,122.46107,123.17641,99.29548
1.A.5.b,CY,,,,,,,,,,,,,,,,,,,,3.153,3.153,6.306,3.153,6.306,6.306,3.153,3.153,3.85315,4.51531,3.98873,4.71711,4.08018,4.78648,2.95765,3.24459
1.A.5.b,CZ,191.93287,154.17558,198.22575,185.63999,210.81151,213.95795,207.66507,195.07931,169.77241,163.46775,176.08498,160.35585,238.23649,241.52474,269.81289,269.75146,251.46419,336.40918,364.74696,352.18235,317.55864,374.22186,304.90682,298.6122,307.4776,367.8199,393.20729,449.43332,311.06302,292.17245,310.92464,361.17444,263.34943,236.00006,242.253
1.A.5.b,DE,5537.58257,3264.42625,2659.36286,2513.89271,2999.5709,2518.88503,1665.15782,1868.62707,1970.42355,1586.25821,1393.85109,976.23335,1064.78477,1110.06607,897.02542,917.16211,767.59978,676.13696,722.62945,765.12195,678.29547,699.37082,471.14063,505.94837,552.73328,574.74095,557.34747,338.06835,278.91449,473.33883,384.75367,515.94045,450.16691,464.26287,223.06287
1.A.5.b,DK,166.98484,338.12076,195.63997,295.5772,314.21289,318.04003,245.9317,244.99778,282.33007,264.81799,197.08477,187.78895,183.92223,191.5254,342.92358,373.90217,228.57734,276.17672,208.23294,259.94279,206.17845,288.97301,209.10066,233.64995,224.62325,191.02077,200.72817,297.32773,210.54139,193.00069,238.06093,218.63698,185.65502,262.93176,157.11966
1.A.5.b,EE,,,,,,,,,,,,,,,,,,,,,,,,,,,,,,,,,,,
1.A.5.b,EL,,,,,,,,,,,,,,,,522.58604,648.57877,547.14959,696.20947,249.68902,242.48684,215.53161,210.92648,235.28467,188.57637,206.32134,199.05,182.30327,123.17,134.06798,295.89775,35.66904,298.9915,347.94818,487.72781
1.A.5.b,ES,297.89635,303.19412,331.04448,301.1469,304.6844,331.27639,377.83846,402.64507,408.89884,421.7802,422.26925,428.84747,412.72226,434.07016,475.28454,500.80374,519.60417,534.05617,589.79935,506.11567,554.32796,559.2165,472.29631,330.40926,407.47303,516.62288,485.63948,481.73655,446.89993,448.02246,434.96269,396.31255,225.17292,517.17584,335.43145
1.A.5.b,EUA,8160.49754,6197.88581,5549.59107,5637.02262,6171.61871,5714.70909,4587.64461,4747.71129,4634.07271,4422.9636,3780.39625,2922.28298,2966.90121,3360.30898,3738.9479,4464.94091,4093.50542,3961.44278,3916.24109,3606.16244,3297.43056,3245.34012,2466.59917,2699.71244,2793.19934,2852.74664,2874.10581,2575.27539,2229.23843,2507.50594,2797.31753,2405.02545,2551.67612,2768.10258,2584.56202
1.A.5.b,FI,,,,,,,,,,,,,,,,,,,,,,,,,,,,,,,,,,,
1.A.5.b,FR,,,,,,,,,,,,,,,,,,,,,,,,,,,,,,,,,,,
1.A.5.b,HR,,,,,,,,,,,,,,,,,,,,,,,,,,,,,,,,,,,
1.A.5.b,HU,14.4474,14.4474,14.4474,14.4474,14.4474,14.4474,14.4474,14.4474,14.4474,14.4474,14.4474,14.4474,14.4474,14.4474,14.4474,14.4474,10.8174,10.8174,10.8174,10.8174,10.81144,18.25,18.1925,18.1775,18.175,18.18746,22.04325,25.22343,28.31531,25.18534,31.51708,56.64618,34.76228,28.3803,50.4873
1.A.5.b,IE,,,,,,,,,,,,,,,,,,,,,,,,,,,,,,,,,,,
1.A.5.b,IS,,,,,,,,,,,,,,,,,,,,,,,,,,,,,,,,,,,
1.A.5.b,IT,1071.18571,1231.37606,1320.53503,1493.35181,1511.40154,1495.95651,1225.54276,1268.72487,1077.13141,1157.52171,837.4594,368.3034,327.86075,684.1332,1121.86993,1232.60801,1010.67196,921.7026,759.18407,868.45801,651.89636,514.8776,335.35073,584.82941,573.32101,459.33991,515.37929,325.91486,340.76174,452.83578,625.15873,314.41322,510.9656,363.77355,604.85926
1.A.5.b,LT,0.3612,0.43344,0.50568,0.57792,0.7224,0.86688,1.0836,1.22808,1.51704,1.806,3.46752,0.7224,1.0836,3.46752,9.31896,12.42094,12.05974,15.81684,12.2808,11.26944,15.8928,12.78648,8.95776,17.26536,34.89192,36.01348,24.96552,25.65786,20.28261,29.24136,27.66462,27.16293,29.67138,45.792,46.656
1.A.5.b,LU,0.12723,0.12699,0.12673,0.12663,0.12605,0.12512,0.12426,0.12342,0.12258,0.12184,0.12139,0.12106,0.12067,0.12022,0.12003,0.12017,0.12035,0.11742,0.1177,0.11793,0.11844,0.11875,0.11825,0.11777,0.11657,0.11572,0.11525,0.11352,0.11354,0.11356,0.10994,0.1109,0.10989,0.10982,0.1094
1.A.5.b,LV,,,,,,6.1776,3.27963,12.45061,3.27963,9.41722,0.13543,0.16621,6.7766,6.34769,11.51034,7.62015,8.90823,2.84161,3.40717,5.33695,7.86756,7.21918,7.32849,6.44787,9.44248,9.5681,11.3945,13.1726,19.85206,23.70075,14.72332,23.89761,24.23363,24.25499,23.83629
1.A.5.b,MT,0.79636,0.68017,0.81644,0.8718,0.97115,1.15843,1.12016,1.09437,1.07893,1.12338,1.26902,1.3691,1.44225,1.30358,1.30959,1.3016,1.44116,1.65916,1.70831,1.86744,2.00925,2.72172,2.46076,2.82542,3.07842,3.37407,3.53328,3.68074,3.28161,3.30853,4.10611,3.18785,3.38724,3.68773,3.22265
1.A.5.b,NL,386.6759,389.75509,379.39177,379.39177,343.42975,360.6926,361.99358,285.28384,273.85341,321.28625,311.28159,290.30092,295.83932,286.80381,251.6372,253.63523,237.22315,227.63338,225.02619,232.22005,313.85259,251.18952,204.66766,231.59235,241.03989,212.01363,213.20985,197.23808,192.92989,201.35067,191.97963,204.17618,252.9537,264.97568,199.82646
1.A.5.b,NO,407.676,369.9018,391.63982,319.99811,480.92241,503.8343,464.65357,457.51421,416.15028,448.18565,219.68397,318.9268,487.63513,192.66233,363.15178,309.68809,302.58318,242.62843,197.94842,263.72755,185.58053,204.4773,190.02441,205.19437,218.35716,215.76399,223.96902,242.09132,224.24136,230.657,227.77019,230.30178,228.40308,231.39323,255.91964
1.A.5.b,PL,,,,,,,,,,,,,,,,,,,,,,,,,,,,,,,,,,,
1.A.5.b,PT,96.10977,107.56477,80.55163,76.13606,84.93852,82.1202,105.1928,101.05666,105.35858,80.57076,95.68894,95.68894,67.171,53.53849,40.74238,73.29223,76.10233,73.35724,85.7895,86.14573,86.37923,77.67994,48.80404,58.74566,68.73218,76.16819,43.86766,43.78982,58.6828,60.58071,66.31039,72.90222,89.49254,48.80703,54.25371
1.A.5.b,RO,,,,,,,,,,,,,,,,,,,,,,,,,,,,,,,,,,,
1.A.5.b,SE,,,,,,,,,,,,,,,,,,,,,,,,,,,,,,,,,,,
1.A.5.b,SI,31.75372,6.84884,1.36977,1.36977,1.36977,1.36977,1.36977,1.36977,2.67727,2.86406,3.05085,3.23763,3.23763,3.23763,3.39329,3.2999,3.2999,3.45555,3.52563,3.31331,2.86652,3.34275,3.35091,2.99021,3.72227,3.66994,3.60706,4.10436,3.87942,3.9768,3.14813,4.55563,4.65093,4.43911,4.23147
1.A.5.b,SK,70.04208,59.9631,50.88371,61.14001,62.04498,64.12161,55.57319,27.12926,20.26684,13.30023,16.83585,26.03924,26.4578,15.84573,15.42121,18.62653,18.58915,24.02782,20.74065,15.3647,15.40538,15.88402,14.31045,13.94973,13.54153,16.89805,15.81029,9.96473,12.35126,10.99429,10.83706,10.92609,8.43261,4.24296,5.16072
1.A.5.b,TR,,,,,,,,,,,,,,,,,,,,,,,,,,,,,,,,,,,
1.B,AT,102.19535,111.19655,120.23734,112.23903,127.74006,127.25379,71.25126,120.73197,142.05162,170.74942,164.75079,182.95268,167.25047,184.04693,165.11664,160.1193,180.46302,184.72919,162.32298,204.9663,183.62697,179.63528,183.64049,190.98754,168.75479,161.7536,131.29217,138.29633,127.29214,118.28393,109.28307,84.2858,80.28294,73.84182,67.8228
1.B,BE,84.75431,83.45333,83.61208,83.82838,84.08799,84.30273,92.60881,93.33981,100.06732,109.98622,165.22892,147.54676,152.8305,111.22298,102.24961,104.20042,130.51057,114.72123,116.45481,117.06765,102.9666,92.99599,92.33366,93.47039,75.40448,87.97823,77.99127,98.65152,120.95423,115.81067,101.15167,98.24542,110.76218,73.80625,72.44134
1.B,BG,124.58517,89.68149,138.45194,161.30841,154.60353,166.92774,160.09787,145.30855,129.15928,127.11267,124.44672,124.93056,120.97935,116.2646,118.65029,124.13201,128.64099,139.78492,151.94188,327.15648,374.36657,394.48182,383.02409,412.01456,383.97865,600.38514,812.91899,877.47278,711.46327,827.01302,684.39582,562.52599,780.78805,692.92484,758.28465
1.B,CH,26.0488,38.86514,35.91956,39.62175,40.57401,38.7116,44.24176,41.43031,42.14623,42.33918,38.6559,40.96867,40.94882,38.64613,43.40639,57.28068,44.67336,42.13751,44.05618,43.26926,45.25651,56.01807,44.16359,37.64238,33.18566,27.31362,28.08118,30.96453,27.69691,33.15976,26.21418,19.43415,21.66899,14.01184,5.3992
1.B,CY,,,,,,,,,,,,,,,,,,,,,,,,,,,,,,,,,,,
1.B,CZ,544.58212,481.22964,470.70865,449.39356,431.47576,423.54399,414.00316,417.56607,394.81039,362.00618,377.04651,387.96655,387.28959,377.8033,367.59727,367.14167,390.02832,357.82801,350.31169,309.48294,318.70007,318.04402,319.01263,249.47323,250.20672,238.47767,206.79052,175.23612,151.5609,125.32935,86.55566,87.49679,79.80849,68.75553,63.89274
1.B,DE,3840.67176,3619.38754,3540.27144,3317.8389,3220.33694,3060.09719,3213.32744,3239.4814,3168.28816,3113.19799,2992.52156,2969.58788,2965.94946,3003.04801,2928.27625,2953.89581,3069.15479,2988.76959,2944.81014,2575.37212,2581.76369,2672.94566,2657.29227,2688.94788,2478.30942,2373.66341,2343.64635,2266.67933,1988.52245,2037.29745,1815.98904,1871.65204,1834.45382,1696.67445,1804.99843
1.B,DK,341.20345,650.07094,677.35025,582.49991,575.4235,454.28728,498.45903,698.38757,523.74453,1107.28771,724.02337,771.37377,675.07438,670.34545,752.69901,548.42895,544.06862,543.88538,387.68115,261.85775,353.36379,252.30867,217.68945,243.94817,250.75687,247.57606,273.45179,241.8216,232.9161,195.01464,126.37673,111.2479,94.92773,87.79071,110.6189
1.B,EE,0.09714,0.09691,0.05666,0.02813,0.04016,0.04595,0.05058,0.04904,0.04657,0.04522,0.05197,0.05585,0.04684,0.05353,0.06089,0.06295,0.06346,0.06309,0.06051,0.04141,0.0435,0.03863,0.04363,0.04377,0.0345,0.0312,0.03412,0.03047,0.03273,0.03029,0.02774,0.03152,0.02331,0.02082,0.02482
1.B,EL,42.69752,43.15715,36.29728,29.46656,25.77271,22.55438,24.95543,22.65252,15.60843,0.84732,13.96643,9.82879,9.63128,7.0263,6.84721,5.59084,5.62109,4.57468,3.55085,4.43504,5.96799,5.24122,4.95465,4.07208,3.74559,3.63883,9.3663,7.70694,10.9706,9.04229,5.17126,3.5211,2.06348,3.08124,3.11614
1.B,ES,1755.64168,1804.16927,1968.03515,1952.91044,2152.84644,1915.33355,1826.81651,1915.96551,2016.77301,2107.93739,2242.51626,2087.75248,2092.7583,1973.33968,2275.21286,2323.72261,2436.13731,2585.53423,2321.05027,2272.51922,2289.1942,2749.84909,3382.8132,3839.28551,4058.89392,3776.71496,3830.97752,3851.84328,3914.24053,3844.0966,3621.92382,3562.59435,3875.39534,3531.96438,3493.75305
1.B,EUA,22983.77828,21382.94444,21509.6942,21218.15384,20547.50923,21080.77652,20605.67504,21958.39121,21118.65067,21106.85148,20679.60969,19494.41465,20130.41784,21154.37093,19883.49197,20737.20611,22228.3122,21981.81072,21729.38288,19811.60831,20505.21996,21029.36186,20924.18854,22722.2899,21973.82209,21650.76397,21358.24557,21683.0144,21398.36049,20973.90584,18747.48141,17960.98375,18403.53155,16929.04119,17066.24124
1.B,FI,111.49344,103.46176,109.8424,156.89383,66.4299,74.59712,64.75763,103.2243,63.93552,55.1502,58.4792,52.95544,61.50224,56.02196,55.03689,70.42175,58.22447,80.90998,97.1346,74.7147,96.41073,87.79247,101.81265,79.15438,83.72968,108.52065,104.11068,146.58761,90.7863,65.14468,76.33974,67.86286,64.95239,86.20294,77.60898
1.B,FR,4361.53682,4464.79734,4467.87385,4270.34024,4539.91956,4421.16974,4592.84513,4540.8922,4457.17732,4147.3777,4296.41264,4260.01603,4012.06418,3973.05339,4003.86224,4009.24274,4317.17797,4625.31054,4911.00364,4630.17006,4221.36292,3991.02831,3402.27954,3136.57114,3048.55604,2945.83523,2957.80028,2902.06718,2997.51338,2587.77761,2203.69172,1754.84543,1638.03553,1622.76074,1513.91124
1.B,HR,582.51711,576.91566,587.78734,786.26725,705.07412,835.78385,810.3007,762.34884,677.45305,661.86426,711.41919,762.15109,776.36011,728.80181,777.91907,756.74412,765.97096,727.59724,636.81849,573.86116,541.52367,558.88888,473.24328,452.79699,441.16417,249.53543,236.7237,311.59483,284.63597,286.93926,288.18532,283.92421,356.0907,304.07461,242.81422
1.B,HU,484.88853,459.57985,440.11403,397.11563,486.98136,264.27239,258.55562,211.08429,186.24407,166.96632,188.89637,144.06997,140.20332,146.23442,118.09845,112.7665,116.9953,104.35144,179.94388,179.87073,188.37296,186.943,150.12936,150.52258,128.99223,131.87634,136.67946,142.54159,147.19945,149.44189,162.07484,138.40847,134.83969,145.5724,152.09136
1.B,IE,0.00601,0.00616,0.00609,0.00696,0.00707,0.00835,0.01344,0.0178,0.02357,38.29461,0.03729,56.09162,0.04413,0.04485,0.04802,0.04291,0.04968,0.06138,0.06184,0.06535,0.07298,0.06239,0.05528,0.05202,0.04464,0.40506,1.36738,4.76016,0.20475,0.28553,0.33373,0.43406,0.21429,0.26048,0.33549
1.B,IS,60.84608,69.43819,67.10479,84.86551,69.60911,82.07519,81.1068,66.69059,83.61787,111.23398,153.10521,143.74856,147.37142,136.3028,122.86979,117.96244,127.3865,147.33133,185.89807,170.06995,189.603,179.46194,171.96918,173.03995,201.67351,167.95856,159.01145,148.88886,161.42513,172.11647,173.42747,162.28566,173.69767,172.08029,218.73214
1.B,IT,4047.6345,3979.91416,3956.0851,4179.99119,4070.15776,4002.39771,3850.36199,4012.57662,3886.8268,3108.67919,3261.91811,3070.87267,2842.96818,3383.52173,2646.03129,2557.06695,2591.48441,2526.29012,2596.04682,2231.50389,2376.96086,2615.16588,2527.78136,2701.60731,2501.14475,2574.28197,2188.68975,2351.26034,2295.14817,2756.26353,2112.35537,1815.68169,1799.43373,1739.56989,1672.83945
1.B,LI,0.00011,0.00014,0.00015,0.00016,0.00017,0.00019,0.00021,0.00022,0.00023,0.00025,0.00026,0.00028,0.00029,0.00031,0.00033,0.00034,0.00035,0.00036,0.00037,0.00035,0.00035,0.00035,0.00036,0.00036,0.00035,0.00036,0.00036,0.00037,0.00037,0.00037,0.00037,0.00038,0.00039,0.00036,0.00036
1.B,LT,23.88492,28.21811,33.5178,48.03646,43.27312,56.94299,85.66016,109.36663,120.92412,85.43907,110.20346,123.31506,114.6196,95.92257,118.55328,113.04568,105.6333,82.77174,140.76719,227.78383,257.94419,244.24872,232.87096,265.3892,251.20687,207.19348,250.76889,224.22496,253.59567,233.94165,181.60683,217.64097,237.98669,197.84044,200.80635
1.B,LU,0.02581,0.02679,0.02797,0.02904,0.02926,0.03338,0.03647,0.03725,0.0375,0.03878,0.03977,0.04422,0.06336,0.06424,0.07132,0.07028,0.07376,0.06901,0.06599,0.06675,0.07175,0.06216,0.0636,0.05414,0.05112,0.04595,0.04226,0.04164,0.04085,0.0408,0.03698,0.03983,0.03081,0.02892,0.03049
1.B,LV,0.01149,0.01107,0.01009,0.00965,0.00943,0.00919,0.00885,0.00826,0.00793,0.00756,0.00699,0.00725,0.00742,0.00553,0.00547,0.00618,0.00443,0.00455,0.00467,0.00442,0.00425,0.0054,0.00486,0.00799,0.01376,0.01294,0.01186,0.01568,0.00932,0.01016,0.01105,0.01086,0.00857,0.00821,0.00791
1.B,MT,,,,,,,,,,,,,,,,,,,,,,,,,,,,,,,,,,,
1.B,NL,885.1927,818.65422,752.12273,685.59996,619.52005,552.34232,496.18749,606.04295,418.74007,308.20564,351.29768,254.49734,1202.27658,1126.66627,1080.47291,1161.47389,1147.37167,1211.0366,999.91011,1127.06142,1134.40344,976.66885,863.87445,1137.37973,1091.92787,1037.4863,1103.68655,1117.97748,1101.03348,1062.16329,930.69793,1123.28951,1095.85283,1038.85061,1280.57779
1.B,NO,2414.25348,1735.15258,1958.52914,2052.51248,2140.96764,1997.59975,2368.79706,2163.32231,2348.53197,2911.86246,3067.03025,2668.34481,2260.29856,2259.93989,2185.71786,2269.98488,2285.85878,3500.8376,2859.68439,2273.85769,2445.8406,2468.39046,2499.59083,2468.45247,2057.76205,2347.93597,2283.81948,2139.5437,2024.87583,1525.66703,1407.12336,1615.12459,1612.69004,1517.93063,1404.60543
1.B,PL,4231.28488,2829.3161,2831.93041,2693.24705,1731.75618,2918.61121,2501.38738,3207.95985,2715.48812,3543.35504,3401.12654,2895.24587,3036.38647,3586.48252,2740.64625,3411.59688,3996.60061,3629.0007,3594.80274,2891.01084,3507.11691,4034.98517,4225.35298,4828.21686,4726.87777,4769.48784,4579.06693,4684.30833,4854.42074,4360.73414,4234.53277,4293.93717,4075.48758,3584.9614,3450.10173
1.B,PT,56.58615,60.49434,68.14541,84.57774,279.47823,417.38562,367.42325,469.79829,441.16812,384.49624,346.33403,428.26024,418.85251,467.18072,482.42544,563.22077,535.56659,553.99064,503.98685,468.92541,565.69581,522.81772,607.05297,1183.61574,1015.64146,1139.33252,1065.73969,1144.14808,1047.84239,1133.22211,1012.76902,944.82047,1174.63445,1023.53689,1177.80482
1.B,RO,1176.61651,1008.45178,1034.37356,1048.23541,1053.07801,1084.47335,1080.10014,1077.64282,1462.19514,1308.86769,953.9838,552.0188,731.12088,909.40843,899.11534,1151.26025,1452.69027,1260.39956,1384.75968,1076.90002,1159.37369,879.8349,838.53723,840.72711,824.5419,784.9152,835.26855,776.16788,860.99385,862.13812,794.366,753.02844,807.69277,795.92247,770.19943
1.B,SE,7.98958,8.37013,7.76924,7.3516,8.25928,8.65894,8.7217,8.44202,8.41694,8.3726,8.05129,8.74714,8.70619,7.08737,9.98077,7.79978,7.35181,6.80425,6.20536,16.25977,6.62991,11.45417,11.20349,5.49195,11.83509,28.68809,15.31736,10.56423,8.89729,15.28576,10.9926,15.22362,18.68892,12.35381,20.75927
1.B,SI,100.81898,93.01776,120.024,107.87325,103.69636,118.29331,115.32321,123.20973,116.25823,117.263,117.5946,134.93667,143.80029,158.4687,161.01944,165.55494,179.96177,186.81065,171.67086,173.34813,174.0982,186.61774,189.89774,154.7084,110.61566,116.88244,129.82986,139.16455,130.95326,124.60322,125.10945,112.83252,86.80233,98.87029,91.75452
1.B,SK,76.86236,69.26638,65.04339,63.06523,67.51246,71.45042,72.42179,72.25692,73.20489,73.30348,69.25617,69.18992,69.63222,72.25562,73.49575,69.59791,68.46704,66.51201,68.01588,67.16294,65.18431,67.24572,59.2247,63.75121,67.39413,66.04541,66.67336,69.85148,67.13266,63.99582,63.50324,57.40274,54.27491,49.36705,39.64532
1.B,TR,220.20363,263.36936,253.51139,230.91957,218.89057,209.11412,208.41003,206.47852,194.11678,178.27878,167.84849,154.67365,148.24053,145.18264,140.20245,141.60167,135.10377,132.89978,134.86184,138.21584,156.15722,150.52083,143.69451,145.53654,145.48745,154.59253,157.94122,157.03829,174.4716,182.84147,195.23553,209.81682,217.63677,249.52757,325.74773
1.B.1,AT,,,,,,,,,,,,,,,,,,,,,,,,,,,,,,,,,,,
1.B.1,BE,0.32724,0.29086,0.2524,0.2025,0.19,0.19,0.19,0.17,0.15,0.14,0.14,0.14,0.12,0.12,0.13,0.12,0.13,0.11,0.07,0.04,0.07,0.06,0.05,0.04,0.01,,,,,,,,,,
1.B.1,BG,64.30263,54.72112,60.60684,60.49515,56.71609,58.92685,57.47049,51.97054,44.16927,35.12891,37.68456,34.08217,34.667,37.77365,25.29003,25.87022,22.40638,27.80759,28.89337,29.02217,31.27109,38.81443,33.96876,28.69708,30.05647,33.52219,27.99715,29.101,25.01318,22.66932,18.05285,22.90294,28.75377,16.97757,12.13735
1.B.1,CH,,,,,,,,,,,,,,,,,,,,,,,,,,,,,,,,,,,
1.B.1,CY,,,,,,,,,,,,,,,,,,,,,,,,,,,,,,,,,,,
1.B.1,CZ,542.37992,478.28002,467.24203,444.75238,426.14636,417.48238,407.68645,410.80356,387.39547,354.3798,369.74328,380.3511,376.2966,364.70934,354.98497,354.22153,379.03486,347.59064,340.26777,300.25141,311.27904,311.0872,312.45283,243.00343,243.90255,233.08603,201.85481,170.67114,146.87113,121.87502,82.67338,83.93554,76.58974,65.84014,60.97734
1.B.1,DE,1832.80316,1506.07957,1417.35508,1179.17239,980.37029,933.05859,883.3076,907.57076,847.01324,755.03512,778.64012,740.18523,756.04274,705.66167,729.67636,741.01049,821.30753,813.3413,811.06043,577.86908,683.60024,682.86381,688.00639,706.96653,766.4774,701.50802,706.54738,694.52004,665.01264,649.91945,626.2699,691.1467,656.26383,693.60274,699.81004
1.B.1,DK,,,,,,,,,,,,,,,,,,,,,,,,,,,,,,,,,,,
1.B.1,EE,,,,,,,,,,,,,,,,,,,,,,,,,,,,,,,,,,,
1.B.1,EL,,,,,,,,,,,,,,,,,,,,,,,,,,,,,,,,,,,
1.B.1,ES,17.62839,17.4582,16.20648,16.77195,16.43157,13.38462,13.24737,14.52654,14.44419,12.79719,15.272,14.53752,14.42223,72.03305,72.80079,89.90628,124.9408,93.55164,43.35367,14.00997,37.13139,43.85937,23.48024,3.50009,29.49395,28.64671,6.64809,9.73332,10.32233,19.04157,23.33261,97.84418,94.58373,87.59499,118.68143
1.B.1,EUA,6891.79561,5081.90245,5014.03184,4596.60547,3404.20158,4547.01622,4064.84187,4800.26318,4202.99963,4873.33818,4755.80276,4226.66881,4388.31678,4948.51607,4102.90606,3715.86237,4388.19312,4154.70901,3911.27294,2903.30334,3771.87652,3761.56753,3811.39439,4217.85973,4243.58267,3948.91827,3729.09176,3898.53822,4066.73335,3678.38966,3338.30274,3563.04234,3196.05066,3006.91769,2866.70259
1.B.1,FI,,,,,,,,,,,,,,,,,,,,,,,,,,,,,,,,,,,
1.B.1,FR,,,,,,,,,,,,,,,,,,,,,,,,,,,,,,,,,,,
1.B.1,HR,,,,,,,,,,,,,,,,,,,,,,,,,,,,,,,,,,,
1.B.1,HU,6.754,5.23325,5.0325,5.43675,2.068,2.40625,1.16325,,,,,,,,,,,,,,0.49168,1.68724,0.71114,0.55944,0.40075,0.33786,0.6449,8.90589,7.50271,9.01911,28.669,6.802,0.015,2.541,
1.B.1,IE,,,,,,,,,,,,,,,,,,,,,,,,,,,,,,,,,,,
1.B.1,IS,,,,,,,,,,,,,,,,,,,,,,,,,,,,,,,,,,,
1.B.1,IT,0.4329,0.33783,0.50884,0.20657,0.1,0.06437,0.05305,0.03208,0.0043,0.0034,0.33315,0.39281,0.46063,0.70649,0.27694,0.26847,0.05935,0.4465,0.33064,0.20347,0.28542,0.25999,0.22608,0.20629,0.24303,0.2289,,,,,,,,,
1.B.1,LI,,,,,,,,,,,,,,,,,,,,,,,,,,,,,,,,,,,
1.B.1,LT,,,,,,,,,,,,,,,,,,,,,,,,,,,,,,,,,,,
1.B.1,LU,,,,,,,,,,,,,,,,,,,,,,,,,,,,,,,,,,,
1.B.1,LV,,,,,,,,,,,,,,,,,,,,,,,,,,,,,,,,,,,
1.B.1,MT,,,,,,,,,,,,,,,,,,,,,,,,,,,,,,,,,,,
1.B.1,NL,110.44354,110.44354,110.44354,110.44354,110.98042,111.01876,112.01582,111.40225,108.8329,89.23684,84.23536,84.43688,81.52034,80.79722,81.94678,86.07158,78.95442,82.75287,80.23918,61.09968,82.95126,76.55008,73.40653,77.61001,78.08814,78.16792,76.28347,72.74076,73.71653,73.21357,70.99647,71.66462,71.46306,65.93958,65.48477
1.B.1,NO,0.08182,0.08526,0.08381,0.07707,0.07669,0.0764,0.06982,0.08714,0.07025,0.08692,0.10737,0.19353,0.22195,0.31513,0.29117,1.41535,0.23426,0.39587,0.32718,0.25403,0.18724,0.15895,0.15178,0.21032,0.22971,0.12222,0.08876,0.02341,0.02487,0.02182,0.01736,0.02217,0.02217,0.02206,0.02206
1.B.1,PL,4188.20478,2787.6781,2788.10234,2644.41066,1679.50164,2864.5474,2445.87223,3151.6397,2656.02545,3480.42728,3325.08223,2810.20738,2952.86856,3499.56263,2644.85111,2225.64113,2755.22123,2579.53096,2410.33797,1710.50258,2424.68408,2394.46758,2462.02565,2980.12189,2949.4373,2712.1677,2547.72404,2742.77187,2978.66579,2628.65664,2340.88979,2449.0815,2152.35415,1953.52162,1794.91883
1.B.1,PT,2.87601,2.66821,2.40391,2.14165,1.5975,,,,,,,,,,,,,,,,,,,,,,,,,,,,,,
1.B.1,RO,,,,,,,,,,,,,,,,,,,,,,,,,,,,,,,,,,,
1.B.1,SE,5.31599,5.17946,4.57109,4.72486,5.56491,6.05542,5.88607,5.7,5.53549,5.60932,5.51861,5.90944,6.11252,4.99653,7.30476,5.39051,5.14485,4.58865,4.4496,14.54287,5.00853,5.84923,8.65007,3.29715,7.10588,23.71976,9.73949,5.32202,4.4368,7.4721,6.5664,9.38136,11.75773,6.02341,14.31753
1.B.1,SI,100.5661,92.77765,119.80898,107.67524,103.51125,118.08743,115.14892,123.02411,116.09239,117.08998,117.43691,134.76766,143.63047,158.30812,160.87064,165.40461,179.81826,186.66717,171.53663,173.21967,173.95567,186.49009,189.77164,154.58394,110.49822,116.75864,129.70357,139.02602,130.79967,124.45998,124.97817,112.70443,86.68321,98.75683,91.65274
1.B.1,SK,19.76094,20.75465,21.49782,20.17183,21.02355,21.79414,22.80062,23.42365,23.33692,23.49034,21.71653,21.65861,22.1757,23.84737,24.77366,21.95757,21.17545,18.3217,20.73368,22.54242,21.14812,19.57852,18.64506,19.27387,27.86898,20.77455,21.94886,25.74616,24.39256,22.06289,15.87417,17.57907,17.58644,16.1198,8.72256
1.B.1,TR,,,,,,,,,,,,,,,,,,,,,,,,,,,,,,,,,,,
1.B.2,AT,102.19535,111.19655,120.23734,112.23903,127.74006,127.25379,71.25126,120.73197,142.05162,170.74942,164.75079,182.95268,167.25047,184.04693,165.11664,160.1193,180.46302,184.72919,162.32298,204.9663,183.62697,179.63528,183.64049,190.98754,168.75479,161.7536,131.29217,138.29633,127.29214,118.28393,109.28307,84.2858,80.28294,73.84182,67.8228
1.B.2,BE,84.42707,83.16247,83.35968,83.62588,83.89799,84.11273,92.41881,93.16981,99.91732,109.84622,165.08892,147.40676,152.7105,111.10298,102.11961,104.08042,130.38057,114.61123,116.38481,117.02765,102.8966,92.93599,92.28366,93.43039,75.39448,87.97823,77.99127,98.65152,120.95423,115.81067,101.15167,98.24542,110.76218,73.80625,72.44134
1.B.2,BG,60.28255,34.96037,77.8451,100.81326,97.88744,108.0009,102.62739,93.338,84.99001,91.98376,86.76216,90.84839,86.31236,78.49094,93.36026,98.26179,106.23461,111.97733,123.0485,298.1343,343.09548,355.66739,349.05533,383.31748,353.92217,566.86295,784.92185,848.37178,686.45009,804.3437,666.34297,539.62304,752.03428,675.94726,746.1473
1.B.2,CH,26.0488,38.86514,35.91956,39.62175,40.57401,38.7116,44.24176,41.43031,42.14623,42.33918,38.6559,40.96867,40.94882,38.64613,43.40639,57.28068,44.67336,42.13751,44.05618,43.26926,45.25651,56.01807,44.16359,37.64238,33.18566,27.31362,28.08118,30.96453,27.69691,33.15976,26.21418,19.43415,21.66899,14.01184,5.3992
1.B.2,CY,,,,,,,,,,,,,,,,,,,,,,,,,,,,,,,,,,,
1.B.2,CZ,2.2022,2.94962,3.46662,4.64119,5.32939,6.06161,6.31671,6.76251,7.41491,7.62638,7.30323,7.61545,10.99298,13.09396,12.6123,12.92014,10.99346,10.23737,10.04391,9.23152,7.42104,6.95682,6.5598,6.46979,6.30417,5.39164,4.93571,4.56498,4.68978,3.45433,3.88228,3.56125,3.21875,2.9154,2.91541
1.B.2,DE,2007.86859,2113.30798,2122.91636,2138.66652,2239.96665,2127.0386,2330.01984,2331.91064,2321.27492,2358.16288,2213.88144,2229.40265,2209.90672,2297.38634,2198.5999,2212.88532,2247.84726,2175.4283,2133.74971,1997.50304,1898.16345,1990.08185,1969.28588,1981.98135,1711.83202,1672.15539,1637.09897,1572.15929,1323.50982,1387.378,1189.71914,1180.50533,1178.18999,1003.07171,1105.18839
1.B.2,DK,341.20345,650.07094,677.35025,582.49991,575.4235,454.28728,498.45903,698.38757,523.74453,1107.28771,724.02337,771.37377,675.07438,670.34545,752.69901,548.42895,544.06862,543.88538,387.68115,261.85775,353.36379,252.30867,217.68945,243.94817,250.75687,247.57606,273.45179,241.8216,232.9161,195.01464,126.37673,111.2479,94.92773,87.79071,110.6189
1.B.2,EE,0.09714,0.09691,0.05666,0.02813,0.04016,0.04595,0.05058,0.04904,0.04657,0.04522,0.05197,0.05585,0.04684,0.05353,0.06089,0.06295,0.06346,0.06309,0.06051,0.04141,0.0435,0.03863,0.04363,0.04377,0.0345,0.0312,0.03412,0.03047,0.03273,0.03029,0.02774,0.03152,0.02331,0.02082,0.02482
1.B.2,EL,42.69752,43.15715,36.29728,29.46656,25.77271,22.55438,24.95543,22.65252,15.60843,0.84732,13.96643,9.82879,9.63128,7.0263,6.84721,5.59084,5.62109,4.57468,3.55085,4.43504,5.96799,5.24122,4.95465,4.07208,3.74559,3.63883,9.3663,7.70694,10.9706,9.04229,5.17126,3.5211,2.06348,3.08124,3.11614
1.B.2,ES,1738.01329,1786.71107,1951.82867,1936.13849,2136.41487,1901.94893,1813.56914,1901.43897,2002.32882,2095.1402,2227.24425,2073.21495,2078.33607,1901.30663,2202.41207,2233.81633,2311.19651,2491.9826,2277.6966,2258.50925,2252.0628,2705.98972,3359.33296,3835.78542,4029.39998,3748.06825,3824.32944,3842.10997,3903.9182,3825.05503,3598.59121,3464.75017,3780.81161,3444.36939,3375.07162
1.B.2,EUA,16091.98268,16301.04198,16495.66236,16621.54837,17143.30766,16533.7603,16540.83317,17158.12803,16915.65105,16233.5133,15923.80694,15267.74583,15742.10107,16205.85486,15780.58591,17021.34374,17840.11908,17827.10171,17818.10993,16908.30497,16733.34344,17267.79433,17112.79414,18504.43017,17730.23942,17701.84569,17629.15381,17784.47618,17331.62714,17295.51619,15409.17866,14397.94141,15207.48089,13922.1235,14199.53866
1.B.2,FI,111.49344,103.46176,109.8424,156.89383,66.4299,74.59712,64.75763,103.2243,63.93552,55.1502,58.4792,52.95544,61.50224,56.02196,55.03689,70.42175,58.22447,80.90998,97.1346,74.7147,96.41073,87.79247,101.81265,79.15438,83.72968,108.52065,104.11068,146.58761,90.7863,65.14468,76.33974,67.86286,64.95239,86.20294,77.60898
1.B.2,FR,4361.53682,4464.79734,4467.87385,4270.34024,4539.91956,4421.16974,4592.84513,4540.8922,4457.17732,4147.3777,4296.41264,4260.01603,4012.06418,3973.05339,4003.86224,4009.24274,4317.17797,4625.31054,4911.00364,4630.17006,4221.36292,3991.02831,3402.27954,3136.57114,3048.55604,2945.83523,2957.80028,2902.06718,2997.51338,2587.77761,2203.69172,1754.84543,1638.03553,1622.76074,1513.91124
1.B.2,HR,582.51711,576.91566,587.78734,786.26725,705.07412,835.78385,810.3007,762.34884,677.45305,661.86426,711.41919,762.15109,776.36011,728.80181,777.91907,756.74412,765.97096,727.59724,636.81849,573.86116,541.52367,558.88888,473.24328,452.79699,441.16417,249.53543,236.7237,311.59483,284.63597,286.93926,288.18532,283.92421,356.0907,304.07461,242.81422
1.B.2,HU,478.13453,454.3466,435.08153,391.67888,484.91336,261.86614,257.39237,211.08429,186.24407,166.96632,188.89637,144.06997,140.20332,146.23442,118.09845,112.7665,116.9953,104.35144,179.94388,179.87073,187.88128,185.25576,149.41822,149.96314,128.59148,131.53849,136.03455,133.6357,139.69674,140.42279,133.40584,131.60647,134.82469,143.0314,152.09136
1.B.2,IE,0.00601,0.00616,0.00609,0.00696,0.00707,0.00835,0.01344,0.0178,0.02357,38.29461,0.03729,56.09162,0.04413,0.04485,0.04802,0.04291,0.04968,0.06138,0.06184,0.06535,0.07298,0.06239,0.05528,0.05202,0.04464,0.40506,1.36738,4.76016,0.20475,0.28553,0.33373,0.43406,0.21429,0.26048,0.33549
1.B.2,IS,60.84608,69.43819,67.10479,84.86551,69.60911,82.07519,81.1068,66.69059,83.61787,111.23398,153.10521,143.74856,147.37142,136.3028,122.86979,117.96244,127.3865,147.33133,185.89807,170.06995,189.603,179.46194,171.96918,173.03995,201.67351,167.95856,159.01145,148.88886,161.42513,172.11647,173.42747,162.28566,173.69767,172.08029,218.73214
1.B.2,IT,4047.2016,3979.57633,3955.57626,4179.78462,4070.05776,4002.33334,3850.30894,4012.54454,3886.8225,3108.67579,3261.58496,3070.47986,2842.50755,3382.81524,2645.75434,2556.79848,2591.42507,2525.84362,2595.71618,2231.30042,2376.67544,2614.9059,2527.55529,2701.40101,2500.90172,2574.05306,2188.68975,2351.26034,2295.14817,2756.26353,2112.35537,1815.68169,1799.43373,1739.56989,1672.83945
1.B.2,LI,0.00011,0.00014,0.00015,0.00016,0.00017,0.00019,0.00021,0.00022,0.00023,0.00025,0.00026,0.00028,0.00029,0.00031,0.00033,0.00034,0.00035,0.00036,0.00037,0.00035,0.00035,0.00035,0.00036,0.00036,0.00035,0.00036,0.00036,0.00037,0.00037,0.00037,0.00037,0.00038,0.00039,0.00036,0.00036
1.B.2,LT,23.88492,28.21811,33.5178,48.03646,43.27312,56.94299,85.66016,109.36663,120.92412,85.43907,110.20346,123.31506,114.6196,95.92257,118.55328,113.04568,105.6333,82.77174,140.76719,227.78383,257.94419,244.24872,232.87096,265.3892,251.20687,207.19348,250.76889,224.22496,253.59567,233.94165,181.60683,217.64097,237.98669,197.84044,200.80635
1.B.2,LU,0.02581,0.02679,0.02797,0.02904,0.02926,0.03338,0.03647,0.03725,0.0375,0.03878,0.03977,0.04422,0.06336,0.06424,0.07132,0.07028,0.07376,0.06901,0.06599,0.06675,0.07175,0.06216,0.0636,0.05414,0.05112,0.04595,0.04226,0.04164,0.04085,0.0408,0.03698,0.03983,0.03081,0.02892,0.03049
1.B.2,LV,0.01149,0.01107,0.01009,0.00965,0.00943,0.00919,0.00885,0.00826,0.00793,0.00756,0.00699,0.00725,0.00742,0.00553,0.00547,0.00618,0.00443,0.00455,0.00467,0.00442,0.00425,0.0054,0.00486,0.00799,0.01376,0.01294,0.01186,0.01568,0.00932,0.01016,0.01105,0.01086,0.00857,0.00821,0.00791
1.B.2,MT,,,,,,,,,,,,,,,,,,,,,,,,,,,,,,,,,,,
1.B.2,NL,774.74916,708.21068,641.67919,575.15642,508.53963,441.32355,384.17167,494.6407,309.90717,218.9688,267.06232,170.06046,1120.75624,1045.86905,998.52613,1075.40231,1068.41725,1128.28373,919.67094,1065.96174,1051.45218,900.11877,790.46792,1059.76972,1013.83973,959.31838,1027.40307,1045.23672,1027.31695,988.94972,859.70146,1051.62489,1024.38977,972.91103,1215.09303
1.B.2,NO,2414.17166,1735.06732,1958.44533,2052.43541,2140.89094,1997.52335,2368.72723,2163.23517,2348.46172,2911.77554,3066.92288,2668.15128,2260.07661,2259.62476,2185.42668,2268.56953,2285.62452,3500.44173,2859.35721,2273.60366,2445.65336,2468.2315,2499.43904,2468.24215,2057.53234,2347.81374,2283.73072,2139.52029,2024.85096,1525.64521,1407.106,1615.10242,1612.66787,1517.90858,1404.58338
1.B.2,PL,43.08011,41.638,43.82808,48.83638,52.25454,54.06381,55.51515,56.32015,59.46267,62.92776,76.04431,85.03848,83.51792,86.9199,95.79513,1185.95575,1241.37938,1049.46973,1184.46477,1180.50826,1082.43283,1640.51759,1763.32732,1848.09497,1777.44047,2057.32014,2031.34289,1941.53645,1875.75495,1732.07751,1893.64298,1844.85567,1923.13343,1631.43978,1655.1829
1.B.2,PT,53.71013,57.82613,65.7415,82.43609,277.88073,417.38562,367.42325,469.79829,441.16812,384.49624,346.33403,428.26024,418.85251,467.18072,482.42544,563.22077,535.56659,553.99064,503.98685,468.92541,565.69581,522.81772,607.05297,1183.61574,1015.64146,1139.33252,1065.73969,1144.14808,1047.84239,1133.22211,1012.76902,944.82047,1174.63445,1023.53689,1177.80482
1.B.2,RO,1176.61651,1008.45178,1034.37356,1048.23541,1053.07801,1084.47335,1080.10014,1077.64282,1462.19514,1308.86769,953.9838,552.0188,731.12088,909.40843,899.11534,1151.26025,1452.69027,1260.39956,1384.75968,1076.90002,1159.37369,879.8349,838.53723,840.72711,824.5419,784.9152,835.26855,776.16788,860.99385,862.13812,794.366,753.02844,807.69277,795.92247,770.19943
1.B.2,SE,2.67358,3.19067,3.19816,2.62674,2.69438,2.60352,2.83563,2.74202,2.88145,2.76328,2.53268,2.8377,2.59368,2.09084,2.67601,2.40928,2.20696,2.2156,1.75576,1.71689,1.62138,5.60493,2.55342,2.1948,4.72922,4.96833,5.57787,5.24221,4.46049,7.81366,4.4262,5.84225,6.93119,6.33039,6.44173
1.B.2,SI,0.25287,0.24011,0.21503,0.19801,0.18512,0.20589,0.1743,0.18562,0.16584,0.17303,0.15769,0.16901,0.16982,0.16057,0.1488,0.15033,0.14351,0.14348,0.13423,0.12845,0.14253,0.12765,0.12611,0.12446,0.11743,0.1238,0.12629,0.13853,0.15358,0.14324,0.13127,0.12809,0.11913,0.11346,0.10177
1.B.2,SK,57.10142,48.51173,43.54557,42.89341,46.48891,49.65627,49.62117,48.83327,49.86797,49.81314,47.53965,47.53131,47.45652,48.40825,48.72209,47.64034,47.29159,48.19031,47.2822,44.62052,44.03619,47.6672,40.57964,44.47734,39.52515,45.27086,44.7245,44.10532,42.7401,41.93292,47.62907,39.82367,36.68847,33.24724,30.92276
1.B.2,TR,220.20363,263.36936,253.51139,230.91957,218.89057,209.11412,208.41003,206.47852,194.11678,178.27878,167.84849,154.67365,148.24053,145.18264,140.20245,141.60167,135.10377,132.89978,134.86184,138.21584,156.15722,150.52083,143.69451,145.53654,145.48745,154.59253,157.94122,157.03829,174.4716,182.84147,195.23553,209.81682,217.63677,249.52757,325.74773
1.C,AT,,,,,,,,,,,,,,,,,,,,,,,,,,,,,,,,,,,
1.C,BE,,,,,,,,,,,,,,,,,,,,,,,,,,,,,,,,,,,
1.C,BG,,,,,,,,,,,,,,,,,,,,,,,,,,,,,,,,,,,
1.C,CH,,,,,,,,,,,,,,,,,,,,,,,,,,,,,,,,,0.00495,0.00591,0.25536
1.C,CY,,,,,,,,,,,,,,,,,,,,,,,,,,,,,,,,,,,
1.C,CZ,,,,,,,,,,,,,,,,,,,,,,,,,,,,,,,,,,,
1.C,DE,,,,,,,,,,,,,,,,,,,,,,,,,,,,,,,,,,,
1.C,DK,,,,,,,,,,,,,,,,,,,,,,,,,,,,,,,,,,,
1.C,EE,,,,,,,,,,,,,,,,,,,,,,,,,,,,,,,,,,,
1.C,EL,,,,,,,,,,,,,,,,,,,,,,,,,,,,,,,,,,,
1.C,ES,,,,,,,,,,,,,,,,,,,,,,,,,,,,,,,,,,,
1.C,EUA,,,,,,,,,,,,,,,,,,,,,,,,,,,,,,,,,,,
1.C,FI,,,,,,,,,,,,,,,,,,,,,,,,,,,,,,,,,,,
1.C,FR,,,,,,,,,,,,,,,,,,,,,,,,,,,,,,,,,,,
1.C,HR,,,,,,,,,,,,,,,,,,,,,,,,,,,,,,,,,,,
1.C,HU,,,,,,,,,,,,,,,,,,,,,,,,,,,,,,,,,,,
1.C,IE,,,,,,,,,,,,,,,,,,,,,,,,,,,,,,,,,,,
1.C,IS,,,,,,,,,,,,,,,,,,,,,,,,,,,,,,,,,,,
1.C,IT,,,,,,,,,,,,,,,,,,,,,,,,,,,,,,,,,,,
1.C,LI,,,,,,,,,,,,,,,,,,,,,,,,,,,,,,,,,,,
1.C,LT,,,,,,,,,,,,,,,,,,,,,,,,,,,,,,,,,,,
1.C,LU,,,,,,,,,,,,,,,,,,,,,,,,,,,,,,,,,,,
1.C,LV,,,,,,,,,,,,,,,,,,,,,,,,,,,,,,,,,,,
1.C,MT,,,,,,,,,,,,,,,,,,,,,,,,,,,,,,,,,,,
1.C,NL,,,,,,,,,,,,,,,,,,,,,,,,,,,,,,,,,,,
1.C,NO,,,,,,,82.00597,30.00597,5.20097,10.11097,9.32397,4.05597,8.57297,24.91577,22.38297,7.19697,3.47697,77.91897,108.98399,56.42199,96.78584,91.16834,62.90522,33.53166,44.01585,41.96738,10.64454,7.636,13.98983,11.2613,3.63913,3.07422,13.57124,3.54619,2.40612
1.C,PL,,,,,,,,,,,,,,,,,,,,,,,,,,,,,,,,,,,
1.C,PT,,,,,,,,,,,,,,,,,,,,,,,,,,,,,,,,,,,
1.C,RO,,,,,,,,,,,,,,,,,,,,,,,,,,,,,,,,,,,
1.C,SE,,,,,,,,,,,,,,,,,,,,,,,,,,,,,,,,,,,
1.C,SI,,,,,,,,,,,,,,,,,,,,,,,,,,,,,,,,,,,
1.C,SK,,,,,,,,,,,,,,,,,,,,,,,,,,,,,,,,,,,
1.C,TR,,,,,,,,,,,,,,,,,,,,,,,,,,,,,,,,,,,
1.D.1,AT,926.33763,1029.86385,1114.69875,1181.36429,1241.48272,1390.09994,1531.94215,1593.68958,1655.83832,1622.9728,1762.72908,1722.24772,1620.67822,1516.62301,1800.92457,2034.37919,2114.11933,2245.77271,2246.59601,1948.62937,2114.96949,2226.17321,2131.57321,2038.38414,2035.04401,2174.91277,2377.13902,2300.13752,2569.40167,2952.11825,1086.76766,1266.96481,1999.3098,2663.7025,2965.43076
1.D.1,BE,16437.72562,15955.49865,15813.60079,16352.92218,16769.99309,15875.22075,19242.9726,21327.79213,22637.22041,19573.76835,20891.1504,20555.32922,26407.43103,27057.67143,28251.30283,28788.46605,31286.35227,34763.63839,35598.57165,26856.09039,29062.11083,26565.4083,23900.43879,24025.92416,21640.10688,23264.41492,26034.28529,29249.68197,35433.62956,31920.29603,24077.67155,28576.27568,29829.66929,27498.07925,27504.4678
1.D.1,BG,895.948,1515.39669,1683.03159,1940.34944,1733.84643,1758.60252,1335.87536,467.86337,606.7971,234.10301,440.41452,611.39135,701.12965,905.96441,819.83837,863.55375,905.78105,785.25604,1011.70286,1187.61152,876.3202,805.64023,720.30513,798.53018,804.53628,842.02167,940.71415,1021.27932,1069.37142,1001.55915,668.81636,756.26102,803.17104,865.85604,881.58069
1.D.1,CH,3126.38279,3046.07302,3241.5782,3376.53879,3489.37896,3708.42426,3852.49241,3999.93747,4181.91729,4491.78801,4700.38005,4431.25495,4083.80025,3674.18647,3464.43239,3524.3851,3699.88627,3951.52394,4266.58146,4072.15201,4285.89266,4581.89385,4682.09664,4735.90581,4754.35367,4926.93053,5161.78702,5320.33084,5635.81716,5707.09311,2066.40902,2335.19562,4201.03801,5029.24937,5506.28144
1.D.1,CY,900.88638,1029.51416,1015.77625,863.12262,919.91003,1013.51507,1047.15978,1061.0982,1102.6701,1298.06713,1433.76827,1573.84835,1368.39933,1391.2362,1086.31249,1747.33644,1768.08886,1689.59453,1647.08611,1493.66749,1408.258,1476.13042,1441.31641,1523.09778,1502.58749,1518.31101,1783.07525,1802.68496,1887.94021,1891.47726,1192.85915,1352.52269,1699.44022,1693.08879,1694.05721
1.D.1,CZ,669.60005,474.45002,543.75002,443.45002,544.35002,579.20002,418.55002,387.25001,362.15001,418.75001,494.35002,497.70002,513.45002,620.55002,888.30003,970.19989,1023.74984,1052.10001,1083.59993,1036.35,954.45,945.00016,894.60004,863.10005,891.45,897.75,963.9,1080.45,1247.4,1275.75,346.5,466.2,806.4,1039.5,1367.1
1.D.1,DE,18954.11457,17658.65117,17629.44906,20037.51299,20141.66514,20688.51239,21559.69918,22582.6102,22617.77587,24118.81711,25595.15528,25177.37514,25568.1736,26550.42925,28804.84257,30343.13593,31846.26531,34260.59422,34196.94431,32780.03114,32617.54155,31215.93318,32490.63358,32231.15649,31348.51535,31372.32518,34699.1823,35702.22831,34660.5167,33333.22581,17229.26382,21886.75667,31200.73261,31851.97062,30590.89699
1.D.1,DK,4783.3724,4316.99204,4500.52736,5890.58504,6583.28985,6856.48934,6704.85644,6347.31492,6508.6717,6348.61997,6374.66164,5689.18399,4751.81723,4992.8524,4734.64721,4915.06377,5725.02823,5951.60478,5472.13525,3819.08594,4496.66435,4599.9565,4034.78229,4375.40148,4939.75889,4932.65929,4810.59234,4444.8358,4784.84258,5335.97841,2624.51419,2642.59146,3732.1173,4111.29874,6123.02264
1.D.1,EE,679.73745,784.45119,427.08053,529.37829,445.27695,330.09332,335.62287,381.80624,381.25115,416.07881,395.53125,367.69941,426.19784,416.04997,566.78069,514.8697,816.74258,956.71353,995.47694,818.47336,797.01041,725.00135,1438.92831,1467.05679,1162.96148,1057.71087,990.07948,1187.77033,1159.54962,774.593,978.27353,1070.32454,1109.37744,866.83831,906.38163
1.D.1,EL,10580.50635,9569.43858,10762.45355,12332.40399,13393.29466,14004.40456,12530.32202,12475.74526,13767.29674,12829.23199,14018.48087,13513.65318,12341.99557,13304.19174,13474.19011,11815.09117,12727.53485,13103.79426,12862.32081,11147.82559,11373.0198,11652.06573,9727.86585,9382.75522,8878.26875,8657.30306,8664.83053,10387.72377,10982.00977,12210.99565,6661.2948,8436.39846,10317.32735,10739.089,11215.44756
1.D.1,ES,16327.72573,17522.84914,18320.199,16574.06825,15905.46301,16831.81944,21858.44576,25946.10709,27499.90967,27619.87464,28890.1005,31320.52697,31597.70373,32614.37467,34383.81675,37426.77167,39086.10907,40596.855,41660.67818,40470.44023,40044.23741,41837.88757,40678.65079,36770.47145,39605.28561,38458.80912,40321.88552,38705.3996,40763.44639,41824.9424,26748.71956,31781.81142,42678.22186,44138.53947,48457.9963
1.D.1,EUA,153246.974,150243.66602,155835.66871,159181.73269,162335.03026,165432.64483,175219.3075,186997.11093,196539.22799,199166.37502,209680.39633,213620.16629,217378.37955,223579.5413,238171.41462,246842.96783,262693.83131,274804.89973,274006.05239,247072.00674,249045.26688,250024.56842,238591.09784,231862.26591,230162.88274,231673.24843,244436.94911,255379.01982,264732.01994,266133.00895,174827.85199,194548.92109,239115.13487,242628.49207,254252.73377
1.D.1,FI,2839.72499,2693.75354,3043.2407,2512.49774,2169.38446,1955.72722,2159.24865,2294.7891,2680.68466,2863.83566,3110.15988,2922.80108,3146.74399,3167.93635,2931.0156,2904.332,3222.45084,3113.7351,3068.06401,2350.84427,2308.66999,2566.81667,2236.80235,2317.71079,2189.94707,2881.62636,2853.65521,3191.79581,3399.7334,3619.36681,1848.98,1701.45847,2687.7697,2807.95786,2963.41777
1.D.1,FR,15436.30414,15314.86698,16690.88377,16626.00185,16344.32103,16606.10707,17615.87786,18633.98282,20272.41034,21731.24842,22276.70388,21057.10587,20926.92694,21683.94487,24229.06345,23852.39493,25079.43853,26003.27886,24816.8825,23442.51875,23240.14823,24434.95235,23544.6231,22805.5951,22021.9139,22291.4998,21647.22872,22409.03362,23672.30008,23945.0688,10806.35143,11951.63579,18041.8259,20215.16934,21963.00713
1.D.1,HR,643.8473,94.2942,72.29222,182.30212,403.80815,348.24839,339.28432,310.14363,336.44385,311.53664,258.7821,291.46889,262.59622,251.69524,284.42506,337.55284,325.65094,353.04668,384.95946,292.16073,315.09048,387.14242,342.52663,379.01343,383.76521,365.04886,388.96356,469.16993,624.9163,683.77226,227.5297,372.76404,623.8716,669.6042,778.22621
1.D.1,HU,504.30176,397.14416,419.21456,384.58436,579.95096,557.88056,592.51076,564.19676,598.1466,642.2148,718.2212,674.1946,636.37,623.7376,718.242,822.518,832.0062,863.5405,849.7752,724.9067,720.50122,727.1827,522.96448,510.25586,538.6694,551.75208,585.7635,680.31853,840.8806,850.54207,308.7092,374.79366,790.54439,910.64244,1154.61066
1.D.1,IE,1129.46756,1146.60867,958.28014,1512.01013,1311.39996,1523.25812,1558.43611,1758.10638,1818.40135,2105.46034,2292.8126,2703.13299,2787.16784,2816.93725,2631.46765,2817.33472,3270.9968,3396.20698,3045.95294,2533.71468,2736.74939,2402.75744,2135.23131,2448.08716,2641.9122,3008.50946,3072.84053,3517.16612,3814.0442,3757.10291,1654.92376,1847.71414,3425.88671,3798.36656,3700.09798
1.D.1,IS,247.24488,235.63569,223.69747,225.02034,247.06289,239.25326,290.25676,329.94683,389.32111,401.92681,461.19951,407.79075,394.53343,351.88836,400.46692,422.96135,516.56897,522.97413,474.93522,351.1535,377.1361,471.13193,465.46719,576.64834,650.90605,821.65854,1101.37741,1357.97929,1525.24814,1159.90118,338.55223,609.71878,1132.73774,1289.74416,1320.09659
1.D.1,IT,8564.349,8591.65567,8389.20656,8793.0788,8916.1392,9739.24254,9014.61955,9179.99615,10286.73346,10431.89789,11807.90153,12379.99707,12041.75197,14065.95976,14505.86161,15136.68978,16385.55638,17308.44985,17478.63877,15171.01746,16943.60791,15811.98609,15684.36522,14846.19004,14062.66106,14530.91524,16080.44061,17073.43865,18105.69848,17807.08626,7981.79227,10594.45599,14095.59481,16212.88927,17089.65904
1.D.1,LI,0.42715,0.42715,0.42715,0.42715,0.42715,0.42715,0.43918,0.45121,0.46324,0.4751,0.48695,0.49879,0.44731,0.49822,0.33593,0.48353,0.82546,0.81719,0.8008,0.9687,0.84355,0.90954,1.11273,1.051,1.17914,1.19078,0.91627,0.85521,1.09035,1.1165,0.93436,0.95944,1.01884,1.23967,1.58921
1.D.1,LT,701.08368,978.45424,1119.25072,618.18944,596.67744,565.70128,512.98392,281.86833,238.42143,303.73292,362.83326,408.43126,432.36723,441.6481,464.44011,595.69162,595.97869,578.83041,515.35537,516.80125,590.39172,619.38387,574.74226,489.74521,269.51067,485.77578,799.2562,871.86784,1014.14198,986.06694,743.88356,778.65636,789.99877,700.3222,447.95515
1.D.1,LU,394.47918,412.31362,398.6165,394.26475,500.14809,566.92714,616.00192,736.94239,893.35531,1007.93075,960.63939,1039.00228,1125.70041,1172.70186,1275.99045,1296.50966,1213.338,1304.17899,1312.80914,1257.70389,1290.74824,1207.57271,1114.13855,1119.1778,1215.42504,1370.13829,1520.36847,1719.06773,1838.16658,1798.14103,1636.50209,1866.96214,1937.9132,1789.44758,1881.07526
1.D.1,LV,1736.63389,752.16454,659.66927,763.97617,972.67909,559.5372,411.51373,326.60047,137.90142,122.08816,106.39174,703.41215,740.5884,721.02499,794.78624,1012.18822,832.24561,816.5144,956.81829,1190.66101,1164.50708,1045.88813,1133.03091,1125.49293,1077.82005,1139.31116,1376.30373,1255.03565,587.80895,1399.0924,825.75495,888.76335,781.684,523.20814,457.92246
1.D.1,MT,1091.87227,1148.53784,1449.85469,1716.94977,1812.95904,1858.02441,1898.25245,2075.60378,2184.26554,2366.99703,2567.47947,2596.95774,3026.84517,3203.3355,3414.24316,2379.08903,2671.72987,2978.55509,3207.12464,3886.80038,4952.67437,4595.40346,4107.97293,4144.23473,4278.86066,5300.61449,6021.67362,7297.20905,7569.9729,7780.33142,7219.97422,6476.49944,7205.52463,7694.38031,7268.92458
1.D.1,NL,39552.12433,40345.75286,41470.54467,40555.09773,41830.85531,42243.96197,44202.44709,47545.49529,48044.70796,49987.10883,52217.07559,55936.35119,55973.79928,53002.6386,57589.88263,61250.11948,64761.63902,66120.93214,64098.08177,57584.87789,54816.62244,58703.1317,54421.53011,52846.7291,52391.99229,49673.89366,49710.9015,49329.06079,48000.60809,48322.41998,43908.38233,43285.37485,45133.15926,42892.90317,46176.48897
1.D.1,NO,2944.70553,2592.0918,2781.8959,2769.75759,2687.72895,2857.21074,3248.39857,3868.57779,3905.78321,3825.00582,3716.25787,3578.16296,2998.1538,2880.88925,2944.00895,3506.72792,3474.22197,3567.14693,3340.20875,3219.52911,2970.20994,3050.49413,3110.05768,3095.66247,2828.54688,2715.73545,2475.22389,2649.65914,2922.13014,2781.07912,1539.27523,1497.53586,2392.35656,2369.65297,2402.7182
1.D.1,PL,1904.98296,1155.13399,1481.23139,1142.66283,1149.98582,1228.28196,1444.08005,1500.04039,1681.11928,1919.20763,1710.02373,1618.64402,1633.15751,1742.71615,1627.36276,1947.25554,2175.56258,2083.32481,2442.36992,2165.56033,2126.8909,1943.27991,1971.96059,1957.80832,2162.8525,2482.29132,2580.21107,3379.84923,3872.18062,4101.98134,2319.02179,2815.93331,3756.44216,4346.47872,4561.30968
1.D.1,PT,2932.6418,2941.57733,3028.38449,2724.82699,2628.13795,2749.24183,2795.31341,2816.73643,2921.50062,3458.52467,3669.31237,3112.30382,3084.21875,3556.29835,3967.98177,3832.71593,4106.12979,4327.09286,4609.77243,4195.4565,4276.64002,4685.07055,4851.85362,4937.56314,4963.01633,5165.06539,5739.7329,6371.99287,6777.51786,7435.5174,3761.11473,4143.2005,6337.62325,6577.2855,6734.23516
1.D.1,RO,790.15917,560.49822,842.3976,852.83957,557.01795,623.14451,292.64973,418.14597,455.65977,442.6373,428.79536,383.2277,327.37652,397.03184,463.1284,378.05967,465.82022,478.15953,620.73068,492.4772,543.95302,462.62088,442.4943,618.51958,864.57998,853.20846,966.2633,1091.31673,466.76234,561.78971,273.85798,350.45168,326.87646,352.59262,308.88937
1.D.1,SE,3688.51915,3713.5035,3857.26597,4108.89621,4739.85134,4818.06555,5042.92632,5848.70976,6713.91064,6876.97769,6780.8142,6615.58798,5780.81189,7203.15078,8314.76015,8592.54673,9095.93077,9217.81292,9280.15568,9352.54865,8976.42506,8045.53466,7690.41151,7442.8451,7902.74208,7950.46745,8877.90618,10083.65495,8565.30858,9671.96185,9222.58228,8474.92257,8795.55219,7445.71339,6811.21378
1.D.1,SI,48.87583,21.16915,33.49706,47.81737,53.42097,57.1567,52.82948,55.64995,49.73193,59.63162,68.7686,77.86402,80.2721,76.52725,57.24651,128.9997,163.81657,249.96164,315.02103,181.54141,132.20827,173.10231,228.03545,272.63683,255.99927,280.62801,457.02607,573.36093,828.51384,690.43086,404.30171,306.95035,61.08577,53.90872,58.83246
1.D.1,SK,131.65279,119.13203,111.27149,100.57976,89.72159,104.18105,104.88598,78.82631,86.25276,55.06085,47.33961,70.72829,74.70911,82.3137,90.56144,140.10241,195.7691,205.35551,228.42849,174.21061,164.8565,163.54593,129.32012,124.78305,132.70027,166.28473,172.73008,183.48983,195.35722,201.40094,69.50936,82.27772,148.01517,169.65932,190.48654
1.D.1,TR,930.7813,1138.96,1151.44,1290.14,1138.84,1394.62,1397.47,1870.62,2031.47,2407.3,2877.79,2340.89,4338.33,4726.51,6144.26,6705.97,6141.29,6086.12,7316.49,8108.61,8265.77,8720.45,10302.77,11552.99,13182.48,13827.13,13635.78363,13885.53976,15106.1248,16750.71915,7568.47904,10193.06876,14422.80517,15839.37215,17042.23
1.D.1.a,AT,880.44026,989.92734,1075.8656,1141.47335,1190.7559,1333.0028,1473.43206,1536.62139,1593.51936,1561.37282,1695.57741,1651.27684,1540.84621,1452.97308,1724.9306,1959.83288,2048.88196,2175.79446,2181.96745,1893.40397,2049.55051,2168.4368,2072.65544,1975.44139,1976.70209,2126.94063,2324.79433,2245.96264,2529.96282,2906.74749,1044.22165,1228.04082,1967.03032,2633.73366,2932.62966
1.D.1.a,BE,3125.22111,2501.24865,2512.68079,2527.81218,2543.83069,2906.58775,3364.31395,3626.34988,4095.50605,4617.40162,4691.29941,4243.29032,3533.43191,3847.53587,3749.77946,3569.15156,3714.27847,4015.93759,4336.22607,3952.16659,4180.03133,4440.74388,4089.04303,3867.10194,4050.04967,4391.77294,4377.50588,4799.38864,5144.2118,5175.50837,3607.17996,4534.84539,5257.27993,5261.25536,5769.67448
1.D.1.a,BG,713.284,611.38629,838.46007,1123.94936,911.36964,904.78143,593.81771,439.6535,387.387,209.066,239.811,310.5245,372.0145,476.5475,459.37892,518.76645,576.92465,622.26568,629.91728,540.97502,570.91384,568.53802,520.43178,515.70658,549.54545,571.4293,698.25723,771.04834,812.50515,767.41363,407.33737,491.72782,591.86487,659.7923,704.0574
1.D.1.a,CH,3065.92311,2991.86025,3184.1621,3319.06945,3428.70629,3653.9985,3804.55773,3951.56805,4143.02761,4450.71056,4661.34636,4398.37803,4059.34735,3641.63477,3431.65912,3488.17969,3666.33636,3917.39294,4231.8351,4040.93431,4251.37065,4550.51997,4653.87113,4710.83114,4732.4309,4901.85587,5139.86426,5301.55997,5621.16267,5692.68132,2052.53936,2318.44828,4185.90128,5014.57014,5489.20154
1.D.1.a,CY,718.09838,853.21716,830.04025,705.94362,725.32603,796.86407,764.24978,753.0542,794.1511,813.78513,827.29827,970.68335,934.92033,1001.3572,915.85449,830.28844,836.21886,823.50953,850.74411,804.53149,820.371,850.42442,821.21041,767.70178,769.25849,750.88201,876.87325,998.01796,1030.75273,1008.64732,318.40775,552.08509,789.54497,953.28621,1015.13559
1.D.1.a,CZ,669.60005,474.45002,543.75002,443.45002,544.35002,579.20002,418.55002,387.25001,362.15001,418.75001,494.35002,497.70002,513.45002,620.55002,888.30003,970.19989,1023.74984,1052.10001,1083.59993,1036.35,954.45,945.00016,894.60004,863.10005,891.45,897.75,963.9,1080.45,1247.4,1275.75,346.5,466.2,806.4,1039.5,1367.1
1.D.1.a,DE,12026.81394,11834.06971,12830.21576,13773.15575,14418.43209,14916.74835,15805.58603,16387.51089,16904.29756,18264.56252,19390.11447,18914.62632,18839.26928,19073.36711,20979.89072,22979.88772,24198.42721,25092.28346,25358.07617,24687.02681,24295.39138,23130.75143,25029.81305,25534.60946,24573.54969,24478.92424,26466.50775,29174.68681,30065.35574,29800.76758,13742.89455,18168.60281,27186.10613,28366.3338,27193.83538
1.D.1.a,DK,1764.053,1628.11456,1687.98444,1656.69673,1815.38847,1860.57052,1955.08405,1998.17842,2149.00238,2276.17096,2334.34924,2364.95575,2044.45672,2125.77485,2433.61182,2552.95447,2562.49597,2628.5112,2627.39442,2295.93429,2396.1107,2465.9526,2492.08387,2469.09849,2676.04833,2620.4495,2819.37403,2902.96539,3037.90057,3104.71494,978.97089,1260.77406,2168.58279,2486.9974,2879.22677
1.D.1.a,EE,106.75165,109.2149,35.88989,53.52279,43.91676,50.48847,46.76308,65.32805,46.38467,65.52753,63.5831,51.12819,53.66313,62.33352,93.09482,136.64034,146.52066,177.70624,203.11601,110.40225,101.29659,136.57125,179.46737,143.23561,143.31822,150.27331,137.88118,179.33794,208.5983,210.32974,72.10631,129.19916,172.20415,144.93414,168.64016
1.D.1.a,EL,2474.79,2133.99,2226.36,2369.69,2812.41,2637.23,2525.76,2442.94,2563.98,2879.3,2525.76,2347.31,2347.39,3055.51,3140.94,2600.4813,2779.42481,2948.31221,2930.89813,2717.90842,2584.15244,2696.03613,2386.97617,2466.44977,2829.92345,2869.09306,3079.1518,3434.91788,3858.56977,3988.90352,1323.53706,2511.64262,3941.75061,4194.13587,4614.83339
1.D.1.a,ES,4741.2048,5235.26489,5775.89243,5681.08801,6059.96656,6634.14291,7188.71515,7669.40026,8155.86166,8914.58402,9562.76728,9744.50984,9373.27261,9833.73984,10901.12629,11562.3805,12035.90744,12858.15164,12950.31766,11958.03853,12608.98343,13752.77312,13318.44196,13438.3004,14013.74098,14085.99156,15705.64987,16931.88915,17838.45775,18477.26465,6213.98484,8281.60513,15007.44123,17210.19899,19401.8638
1.D.1.a,EUA,54193.12033,53227.18293,56926.2587,59687.61454,62337.58735,65727.87047,68695.51584,71419.30287,75324.43034,81755.72557,84846.98874,84068.56578,81653.64793,85050.07418,91250.7714,95598.02874,100673.69783,105322.64285,106766.40018,98224.58144,99814.61828,102091.7583,100944.45566,101904.06659,103908.33658,107288.79983,113776.62233,122811.57831,129058.0561,131692.79535,55556.95165,69373.18441,109226.34808,121812.03281,128984.51107
1.D.1.a,FI,1007.72976,948.27672,838.2864,787.75644,829.37064,896.98548,960.24492,997.65012,1022.15016,1094.06916,1063.28124,1089.97728,1077.56256,1113.555,1282.22976,1290.1866,1434.59556,1655.601,1792.0824,1570.1034,1653.5148,1956.636,1888.55268,1949.2428,1920.76068,1963.0776,1967.616,2097.42156,2388.2598,2574.13656,869.12556,824.06364,1629.53463,1923.21986,2033.92225
1.D.1.a,FR,9354.06935,9005.60547,10418.49819,10716.20848,11103.13118,11164.68966,11838.98589,12137.81358,12862.8736,14172.92088,14654.75634,14703.79237,14761.01876,14856.55808,15836.46176,16040.47103,16867.87078,17473.41939,17657.5979,16205.95423,16257.99396,16923.60207,16510.85622,16412.04774,16604.4999,17558.55335,17264.07614,17545.37278,18171.29493,19075.58612,8186.99129,8970.61589,14276.8211,16574.99023,17975.67823
1.D.1.a,HR,496.61612,94.2942,72.29222,182.30212,264.02376,245.16492,223.16294,235.7355,254.59434,245.16492,201.16096,201.16096,188.5884,182.30212,210.59038,257.73748,264.02376,276.59632,317.45714,270.31004,295.45516,311.17086,330.0297,366.5165,368.10347,354.08023,375.75251,449.05581,559.64818,605.86113,163.81694,298.31256,564.43541,596.25366,734.55182
1.D.1.a,HU,504.30176,397.14416,419.21456,384.58436,579.95096,557.88056,592.51076,564.19676,598.1466,642.2148,718.2212,674.1946,636.37,623.7376,718.242,822.518,832.0062,863.5405,849.7752,724.9067,720.50122,727.1827,522.96448,510.25586,538.6694,551.75208,585.7635,680.31853,840.8806,850.54207,308.7092,374.79366,790.54439,910.64244,1154.61066
1.D.1.a,IE,1072.69182,1039.56848,904.80062,1341.39889,1188.40614,1153.87091,1059.21919,1280.74575,1318.85983,1561.47589,1814.96507,2193.49993,2332.1504,2276.69534,2157.28152,2487.08688,2866.67349,3039.2419,2825.09622,2230.10162,2306.51137,2068.82524,1738.07673,2005.41655,2223.8049,2517.158,2581.52467,3037.45327,3282.22414,3319.53648,1178.17016,1315.29464,3022.77787,3388.59217,3325.8631
1.D.1.a,IS,219.4397,221.7691,203.41895,195.45053,213.40961,235.91882,271.24096,291.83051,337.79729,363.0092,407.33491,348.78117,309.54067,332.66923,379.62258,421.22501,499.40425,511.03205,427.40176,343.0052,376.88605,421.51248,441.71741,498.56972,580.37184,673.99482,916.87926,1146.71237,1285.04106,956.37674,261.36145,482.46979,848.2919,960.34607,999.45242
1.D.1.a,IT,4284.77854,5130.05959,5069.17364,5224.93173,5397.93088,5799.11867,6150.58634,6221.45668,6764.85768,7474.49136,7953.86137,7858.78579,6804.16538,7913.85652,7953.07103,8483.22304,9208.92554,9767.07606,9376.77484,8267.11043,8809.1254,9208.62927,8922.60231,8867.92723,9019.01911,9566.741,10292.53668,11160.46837,11964.44867,12402.54984,3787.95892,4960.99371,9107.45227,11602.81893,12877.05334
1.D.1.a,LI,0.42715,0.42715,0.42715,0.42715,0.42715,0.42715,0.43918,0.45121,0.46324,0.4751,0.48695,0.49879,0.44731,0.49822,0.33593,0.48353,0.82546,0.81719,0.8008,0.9687,0.84355,0.90954,1.11273,1.051,1.17914,1.19078,0.91627,0.85521,1.09035,1.1165,0.93436,0.95944,1.01884,1.23967,1.58921
1.D.1.a,LT,398.90928,480.10704,194.18112,107.34864,113.85024,117.17328,95.57352,89.5776,80.33088,74.26272,70.21728,93.5508,83.4372,93.47856,104.3868,138.91752,158.13336,198.08208,229.43424,109.94928,145.34688,166.94664,190.28016,211.08528,234.12984,245.06384,286.88826,317.64144,377.98758,369.96054,162.54756,185.48196,304.66917,315.936,328.536
1.D.1.a,LU,394.40559,412.23602,398.54227,394.16107,500.05625,566.83467,615.91456,736.85082,893.26891,1007.83311,960.53466,1038.89728,1125.59191,1172.59129,1275.88125,1296.3698,1213.19478,1304.05885,1312.67667,1257.60247,1290.64395,1207.48274,1114.07117,1119.12017,1215.36226,1370.07802,1520.30479,1718.99561,1838.10114,1798.08406,1636.48988,1866.94938,1937.89349,1789.42158,1881.05212
1.D.1.a,LV,221.14512,299.01312,84.09744,84.09744,77.868,77.868,99.67104,99.67104,90.32688,90.32688,80.98272,80.98272,84.09744,121.5022,148.05948,179.55219,201.56792,245.7452,295.38996,311.86531,357.71928,358.73988,363.33256,374.85073,333.88105,327.61166,372.95533,427.077,467.7939,478.82835,177.408,238.77,434.2149,406.61266,396.28451
1.D.1.a,MT,196.95695,186.1083,244.14624,250.2799,308.36524,329.71612,326.62315,342.96781,329.56381,338.16772,325.29085,274.64658,254.3696,255.44993,260.96752,266.45329,258.89948,274.97194,282.67058,266.48199,291.83775,302.87839,298.51257,322.14561,340.42066,357.68233,381.87141,426.14142,468.59593,502.58845,192.73188,245.71774,379.36621,468.98058,524.44203
1.D.1.a,NL,4607.81446,4902.51566,5719.72006,6262.02832,6592.14635,7602.45916,8165.98641,8811.69762,9309.07152,9887.32677,9882.09389,9624.75864,10041.76623,9898.05527,10605.52831,10917.46648,11065.09699,11133.77437,11287.89969,10459.87961,10206.8701,10625.02455,10211.47016,10432.62449,10826.64962,11379.18583,11675.40675,12014.25216,12158.30085,11889.77932,6631.27541,7292.86548,9479.68217,9983.88778,10430.85502
1.D.1.a,NO,642.92814,583.04051,625.34276,634.0537,616.68835,563.03461,667.8465,745.8713,797.11339,917.54898,885.57924,803.64179,706.23864,721.46457,810.3728,909.94586,1094.37663,1132.80215,1121.09106,1084.0748,1288.73264,1356.61434,1504.96017,1596.1656,1677.96238,1623.21856,1586.70264,1668.58792,1822.34743,1751.01305,584.7751,511.66127,1368.91988,1593.02493,1719.09255
1.D.1.a,PL,639.63744,660.46285,716.98895,714.01389,722.93906,779.46516,916.31783,821.11597,835.99126,746.73953,794.34045,782.44022,767.56493,830.04115,815.16586,914.72922,1229.18504,1286.10997,1557.65954,1371.97441,1436.59828,1400.1324,1512.51761,1512.72004,1696.20475,1877.95212,2005.09037,2544.16325,3024.0675,3235.20173,1371.58136,1724.04557,2902.83691,3524.61389,4000.68064
1.D.1.a,PT,1532.67365,1552.57228,1642.59813,1556.35014,1564.98814,1630.47444,1615.04624,1666.20905,1762.51061,1944.01533,2002.30705,1951.37328,1854.86174,2037.9939,2195.21385,2279.59385,2411.88549,2545.33683,2635.50819,2396.56427,2637.08405,2733.0848,2754.50692,2826.18395,3001.84264,3141.38655,3366.8621,3835.64277,4120.18919,4367.23099,1568.88799,1995.67596,4104.98566,4773.59637,4973.27106
1.D.1.a,RO,790.15917,560.49822,842.3976,852.83957,557.01795,623.14451,292.64973,418.14597,355.80148,442.6373,428.79536,383.2277,327.37652,397.03184,463.1284,378.05967,465.82022,370.42037,402.72957,445.17974,497.43129,434.92749,398.57746,495.12263,618.77401,716.30387,869.8078,1005.66736,411.2133,456.87101,141.62681,246.30773,274.38911,285.17334,278.1014
1.D.1.a,SE,1355.02206,1104.29972,913.02429,1248.26032,1370.77733,1458.39759,1497.47568,1583.53713,1698.02439,1907.40636,1955.16188,1898.84704,1635.45984,1589.97269,1798.13072,1964.75528,2036.36394,2227.5764,2493.65575,2119.35442,2141.81873,2307.90733,2197.34595,2273.37525,2302.62091,2200.11364,2565.70461,2794.54337,2925.41753,2787.14282,1043.85962,1116.64431,1936.86075,2111.55177,1790.92538
1.D.1.a,SI,48.87583,21.16915,33.49706,47.81737,53.42097,57.1567,52.82948,55.64995,49.73193,59.63162,68.7686,77.86402,80.2721,76.52725,57.24651,60.8877,70.50003,92.87215,103.16668,77.32026,72.7503,68.27795,65.82695,72.51758,71.56276,74.15577,60.58984,73.68222,101.42946,77.24137,25.96002,26.74461,61.08577,53.90872,58.83246
1.D.1.a,SK,67.07624,62.36844,57.66064,56.45407,47.5981,47.85431,56.44635,49.99487,46.08666,46.5206,47.33961,44.56144,46.2802,61.03645,82.2791,139.43717,166.12534,173.64751,194.56838,143.18588,132.16454,135.08218,120.20891,112.1687,118.44427,144.39737,153.97623,165.01663,184.48878,185.60726,54.67066,65.18468,130.59328,151.66509,172.8544
1.D.1.a,TR,551.8013,715.77,804.05,977.48,788.29,807.21,1002.7,1368.47,1522.97,1513.51,1598.65,1592.34,2648.65,2762.16,2976.57,3329.73,3014.41,3730.69,4991.42,5254.72,5858.47,6769.01,7684.3,8660.75,9922.4,11085.16,10629.73919,11014.80635,12005.60803,13917.41975,5842.40692,8320.9494,12376.01611,14117.93484,14964.11
1.D.1.b,AT,45.89738,39.93651,38.83315,39.89094,50.72682,57.09714,58.51009,57.06819,62.31897,61.59997,67.15168,70.97088,79.83202,63.64992,75.99396,74.5463,65.23737,69.97824,64.62856,55.2254,65.41899,57.73641,58.91777,62.94275,58.34193,47.97215,52.34469,54.17487,39.43885,45.37075,42.54601,38.92399,32.27948,29.96884,32.80109
1.D.1.b,BE,13312.50452,13454.25,13300.92,13825.11,14226.16241,12968.633,15878.65865,17701.44224,18541.71435,14956.36673,16199.85099,16312.03889,22873.99912,23210.13556,24501.52337,25219.31449,27572.0738,30747.7008,31262.34558,22903.9238,24882.0795,22124.66441,19811.39576,20158.82223,17590.05722,18872.64198,21656.7794,24450.29333,30289.41776,26744.78766,20470.49159,24041.43028,24572.38936,22236.82389,21734.79332
1.D.1.b,BG,182.664,904.0104,844.57152,816.40008,822.47679,853.82109,742.05765,28.20987,219.4101,25.03701,200.60352,300.86685,329.11515,429.41691,360.45945,344.7873,328.85639,162.99036,381.78558,646.6365,305.40636,237.10221,199.87335,282.8236,254.99083,270.59237,242.45692,250.23098,256.86628,234.14552,261.47898,264.5332,211.30616,206.06374,177.52329
1.D.1.b,CH,60.45969,54.21277,57.4161,57.46935,60.67267,54.42576,47.93468,48.36942,38.88968,41.07746,39.03369,32.87693,24.4529,32.5517,32.77327,36.20541,33.54992,34.131,34.74637,31.2177,34.52201,31.37388,28.22551,25.07466,21.92276,25.07466,21.92276,18.77086,14.65448,14.41179,13.86966,16.74734,15.13672,14.67923,17.0799
1.D.1.b,CY,182.788,176.297,185.736,157.179,194.584,216.651,282.91,308.044,308.519,484.282,606.47,603.165,433.479,389.879,170.458,917.048,931.87,866.085,796.342,689.136,587.887,625.706,620.106,755.396,733.329,767.429,906.202,804.667,857.18748,882.82994,874.4514,800.4376,909.89524,739.80258,678.92161
1.D.1.b,CZ,,,,,,,,,,,,,,,,,,,,,,,,,,,,,,,,,,,
1.D.1.b,DE,6927.30063,5824.58146,4799.2333,6264.35724,5723.23305,5771.76404,5754.11315,6195.09931,5713.47831,5854.2546,6205.04081,6262.74881,6728.90433,7477.06214,7824.95185,7363.24821,7647.83809,9168.31076,8838.86814,8093.00433,8322.15017,8085.18175,7460.82053,6696.54703,6774.96566,6893.40094,8232.67455,6527.5415,4595.16096,3532.45824,3486.36928,3718.15386,4014.62648,3485.63682,3397.06161
1.D.1.b,DK,3019.3194,2688.87748,2812.54292,4233.8883,4767.90139,4995.91882,4749.77239,4349.13649,4359.66932,4072.449,4040.3124,3324.22824,2707.3605,2867.07755,2301.03539,2362.10931,3162.53226,3323.09359,2844.74083,1523.15165,2100.55366,2134.00391,1542.69843,1906.30298,2263.71056,2312.20978,1991.2183,1541.87041,1746.94201,2231.26346,1645.5433,1381.8174,1563.5345,1624.30134,3243.79587
1.D.1.b,EE,572.9858,675.23629,391.19064,475.8555,401.3602,279.60485,288.85979,316.47819,334.86648,350.55129,331.94815,316.57122,372.53471,353.71646,473.68588,378.22937,670.22192,779.0073,792.36093,708.0711,695.71382,588.4301,1259.46094,1323.82119,1019.64326,907.43756,852.19829,1008.43239,950.95132,564.26326,906.16722,941.12538,937.1733,721.90417,737.74147
1.D.1.b,EL,8105.71635,7435.44858,8536.09355,9962.71399,10580.88466,11367.17456,10004.56202,10032.80526,11203.31674,9949.93199,11492.72087,11166.34318,9994.60557,10248.68174,10333.25011,9214.60987,9948.11005,10155.48205,9931.42268,8429.91717,8788.86736,8956.0296,7340.88968,6916.30545,6048.3453,5788.21,5585.67873,6952.80588,7123.44,8222.09213,5337.75774,5924.75584,6375.57674,6544.95312,6600.61417
1.D.1.b,ES,11586.52093,12287.58425,12544.30657,10892.98025,9845.49645,10197.67652,14669.73061,18276.70682,19344.04801,18705.29062,19327.33322,21576.01713,22224.43112,22780.63483,23482.69045,25864.39117,27050.20164,27738.70335,28710.36052,28512.4017,27435.25398,28085.11445,27360.20884,23332.17105,25591.54464,24372.81756,24616.23565,21773.51044,22924.98864,23347.67775,20534.73473,23500.20629,27670.78064,26928.34048,29056.13249
1.D.1.b,EUA,99053.85368,97016.48309,98909.41002,99494.11815,99997.44292,99704.77436,106523.79165,115577.80806,121214.79765,117410.64945,124833.40759,129551.60051,135724.73162,138529.46712,146920.64323,151244.93909,162020.13347,169482.25688,167239.6522,148847.4253,149230.6486,147932.81012,137646.64218,129958.19933,126254.54615,124384.44861,130660.32677,132567.44151,135673.96384,134440.2136,119270.90035,125175.73668,129888.78678,120816.45926,125268.2227
1.D.1.b,FI,1831.99523,1745.47682,2204.9543,1724.7413,1340.01382,1058.74174,1199.00373,1297.13898,1658.5345,1769.7665,2046.87864,1832.8238,2069.18143,2054.38135,1648.78584,1614.1454,1787.85528,1458.1341,1275.98161,780.74087,655.15519,610.18067,348.24967,368.46799,269.18639,918.54876,886.03921,1094.37425,1011.4736,1045.23025,979.85444,877.39483,1058.23507,884.738,929.49552
1.D.1.b,FR,6082.23479,6309.26151,6272.38558,5909.79337,5241.18985,5441.41741,5776.89196,6496.16924,7409.53674,7558.32754,7621.94754,6353.3135,6165.90818,6827.38679,8392.60169,7811.9239,8211.56775,8529.85947,7159.28461,7236.56453,6982.15427,7511.35028,7033.76688,6393.54736,5417.41399,4732.94646,4383.15257,4863.66084,5501.00515,4869.48268,2619.36014,2981.0199,3765.0048,3640.17911,3987.3289
1.D.1.b,HR,147.23118,,,,139.78439,103.08347,116.12138,74.40813,81.84951,66.37172,57.62114,90.30793,74.00782,69.39312,73.83468,79.81536,61.62718,76.45036,67.50232,21.85069,19.63532,75.97156,12.49693,12.49693,15.66174,10.96863,13.21105,20.11412,65.26812,77.91113,63.71276,74.45148,59.43619,73.35054,43.67439
1.D.1.b,HU,,,,,,,,,,,,,,,,,,,,,,,,,,,,,,,,,,,
1.D.1.b,IE,56.77574,107.04019,53.47952,170.61125,122.99382,369.38721,499.21692,477.36062,499.54152,543.98445,477.84753,509.63306,455.01743,540.24191,474.18613,330.24784,404.32331,356.96508,220.85672,303.61306,430.23802,333.9322,397.15457,442.67061,418.1073,491.35146,491.31586,479.71285,531.82006,437.56644,476.7536,532.4195,403.10884,409.77439,374.23487
1.D.1.b,IS,27.80518,13.86659,20.27852,29.56981,33.65328,3.33444,19.0158,38.11632,51.52383,38.91761,53.8646,59.00959,84.99276,19.21913,20.84433,1.73635,17.16472,11.94208,47.53346,8.1483,0.25005,49.61945,23.74978,78.07862,70.53421,147.66372,184.49815,211.26692,240.20708,203.52444,77.19078,127.24899,284.44585,329.39809,320.64416
1.D.1.b,IT,4279.57047,3461.59607,3320.03292,3568.14707,3518.20833,3940.12386,2864.03321,2958.53948,3521.87578,2957.40652,3854.04017,4521.21128,5237.58659,6152.10324,6552.79058,6653.46674,7176.63084,7541.37378,8101.86393,6903.90704,8134.48251,6603.35683,6761.76291,5978.26281,5043.64195,4964.17424,5787.90393,5912.97028,6141.24982,5404.53642,4193.83335,5633.46228,4988.14254,4610.07034,4212.6057
1.D.1.b,LI,,,,,,,,,,,,,,,,,,,,,,,,,,,,,,,,,,,
1.D.1.b,LT,302.1744,498.3472,925.0696,510.8408,482.8272,448.528,417.4104,192.29073,158.09055,229.4702,292.61598,314.88046,348.93003,348.16954,360.05331,456.7741,437.84533,380.74833,285.92113,406.85197,445.04484,452.43723,384.4621,278.65993,35.38083,240.71194,512.36794,554.2264,636.1544,616.1064,581.336,593.1744,485.3296,384.3862,119.41915
1.D.1.b,LU,0.07359,0.0776,0.07423,0.10368,0.09183,0.09247,0.08737,0.09157,0.0864,0.09764,0.10473,0.105,0.10849,0.11058,0.1092,0.13987,0.14322,0.12014,0.13247,0.10142,0.10429,0.08997,0.06737,0.05763,0.06278,0.06027,0.06367,0.07212,0.06544,0.05697,0.01221,0.01276,0.01971,0.02599,0.02314
1.D.1.b,LV,1515.48877,453.15142,575.57183,679.87873,894.81109,481.6692,311.84269,226.92943,47.57454,31.76128,25.40902,622.42943,656.49096,599.52279,646.72676,832.63604,630.67769,570.7692,661.42834,878.7957,806.7878,687.14825,769.69835,750.6422,743.939,811.6995,1003.3484,827.95865,120.01505,920.26405,648.34695,649.99335,347.4691,116.59548,61.63795
1.D.1.b,MT,894.91532,962.42954,1205.70846,1466.66987,1504.5938,1528.30829,1571.6293,1732.63597,1854.70173,2028.82931,2242.18862,2322.31116,2772.47557,2947.88557,3153.27565,2112.63574,2412.83038,2703.58316,2924.45406,3620.31838,4660.83663,4292.52507,3809.46036,3822.08912,3938.44,4942.93216,5639.8022,6871.06763,7101.37697,7277.74297,7027.24234,6230.7817,6826.15842,7225.39973,6744.48255
1.D.1.b,NL,34944.30987,35443.2372,35750.82461,34293.06941,35238.70896,34641.50281,36036.46068,38733.79767,38735.63645,40099.78206,42334.98169,46311.59255,45932.03305,43104.58333,46984.35432,50332.65301,53696.54203,54987.15777,52810.18207,47124.99829,44609.75234,48078.10715,44210.05995,42414.10461,41565.34267,38294.70783,38035.49475,37314.80862,35842.30724,36432.64067,37277.10692,35992.50937,35653.47709,32909.0154,35745.63395
1.D.1.b,NO,2301.77739,2009.05129,2156.55314,2135.70389,2071.0406,2294.17613,2580.55207,3122.7065,3108.66982,2907.45684,2830.67863,2774.52116,2291.91517,2159.42469,2133.63615,2596.78206,2379.84534,2434.34479,2219.11769,2135.45431,1681.4773,1693.87979,1605.09752,1499.49687,1150.58449,1092.51689,888.52125,981.07122,1099.7827,1030.06606,954.50014,985.8746,1023.43668,776.62803,683.62564
1.D.1.b,PL,1265.34552,494.67114,764.24244,428.64894,427.04676,448.8168,527.76222,678.92442,845.12802,1172.4681,915.68328,836.2038,865.59258,912.675,812.1969,1032.52632,946.37754,797.21484,884.71038,793.58592,690.29262,543.14751,459.44298,445.08828,466.64775,604.3392,575.1207,835.68598,848.11312,866.77961,947.44044,1091.88773,853.60525,821.86483,560.62904
1.D.1.b,PT,1399.96815,1389.00505,1385.78636,1168.47686,1063.14981,1118.76739,1180.26718,1150.52738,1158.99001,1514.50934,1667.00532,1160.93055,1229.35702,1518.30444,1772.76792,1553.12208,1694.24429,1781.75603,1974.26425,1798.89222,1639.55597,1951.98575,2097.34671,2111.37919,1961.17369,2023.67884,2372.8708,2536.3501,2657.32867,3068.28641,2192.22674,2147.52453,2232.63759,1803.68912,1760.96409
1.D.1.b,RO,,,,,,,,,99.85829,,,,,,,,,107.73917,218.00111,47.29747,46.52173,27.69338,43.91684,123.39696,245.80597,136.90459,96.45551,85.64938,55.54904,104.9187,132.23116,104.14394,52.48735,67.41929,30.78797
1.D.1.b,SE,2333.49709,2609.20378,2944.24168,2860.63589,3369.07402,3359.66795,3545.45064,4265.17263,5015.88625,4969.57133,4825.65232,4716.74094,4145.35204,5613.17809,6516.62943,6627.79145,7059.56683,6990.23652,6786.49993,7233.19423,6834.60632,5737.62733,5493.06556,5169.46984,5600.12117,5750.3538,6312.20157,7289.11158,5639.89105,6884.81903,8178.72266,7358.27827,6858.69143,5334.16162,5020.2884
1.D.1.b,SI,,,,,,,,,,,,,,,,68.112,93.31654,157.08949,211.85435,104.22115,59.45797,104.82437,162.2085,200.11925,184.43651,206.47224,396.43623,499.6787,727.08438,613.18948,378.34169,280.20575,,,
1.D.1.b,SK,64.57655,56.76359,53.61084,44.12569,42.12349,56.32674,48.43963,28.83144,40.16609,8.54025,,26.16685,28.42891,21.27725,8.28235,0.66524,29.64375,31.70799,33.86011,31.02473,32.69195,28.46374,9.11121,12.61435,14.25601,21.88736,18.75385,18.4732,10.86845,15.79367,14.8387,17.09303,17.42188,17.99423,17.63214
1.D.1.b,TR,378.98,423.19,347.39,312.66,350.55,587.41,394.77,502.15,508.5,893.79,1279.14,748.55,1689.68,1964.35,3167.69,3376.24,3126.88,2355.43,2325.07,2853.89,2407.3,1951.44,2618.47,2892.24,3260.08,2741.97,3006.04444,2870.73341,3100.51677,2833.2994,1726.07212,1872.11935,2046.78906,1721.4373,2078.12
1.D.2,AT,,,,,,,,,,,,,,,,,,,,,,,,,,,,,,,,,,,
1.D.2,BE,,,,,,,,,,,,,,,,,,,,,,,,,,,,,,,,,,,
1.D.2,BG,,,,,,,,,,,,,,,,,,,,,,,,,,,,,,,,,,,
1.D.2,CH,,,,,,,,,,,,,,,,,,,,,,,,,,,,,,,,,,,
1.D.2,CY,,,,,,,,,,,,,,,,,,,,,,,,,,,,,,,,,,,
1.D.2,CZ,,,,,,,,,,,,,,,,,,,,,,,,,,,,,,,,,,,
1.D.2,DE,,,,,,,,,,,,,,,,,,,,,,,,,,,,,,,,,,,
1.D.2,DK,,,,,,,,,,,,,,,,,,,,,,,,,,,,,,,,,,,
1.D.2,EE,,,,,,,,,,,,,,,,,,,,,,,,,,,,,,,,,,,
1.D.2,EL,,,,,,,,,,,,,,,,,,,,,,,,,,,,,,,,,,,
1.D.2,ES,,,,,,,,,,,,,,,,,,,,,,,,,,,,,,,81.52132,92.67278,259.36701,130.0141,149.51346
1.D.2,EUA,0.6678,1.14129,0.9756,0.9374,0.86202,1.33007,1.44909,1.95452,1.76361,1.75777,2.45249,1.88354,2.45666,1.43501,1.26441,1.50549,1.50549,1.71942,1.73352,1.9117,1.65872,1.66652,1.86755,1.49188,2.17249,2.17758,2.26272,2.16135,2.16187,1.7369,82.79737,94.19215,260.78487,131.07731,150.37014
1.D.2,FI,,,,,,,,,,,,,,,,,,,,,,,,,,,,,,,,,,,
1.D.2,FR,0.6678,1.14129,0.9756,0.9374,0.86202,1.33007,1.44909,1.76774,1.51456,1.3842,1.9544,1.32318,1.8963,0.81239,0.64179,1.06965,1.06965,1.28358,1.28358,1.49751,1.28358,1.21644,1.69945,1.05766,1.63231,1.66921,1.7546,1.59581,1.61406,1.13105,0.84373,0.88063,0.77033,0.48301,0.30416
1.D.2,HR,,,,,,,,,,,,,,,,,,,,,,,,,,,,,,,,,,,
1.D.2,HU,,,,,,,,,,,,,,,,,,,,,,,,,,,,,,,,,,,
1.D.2,IE,,,,,,,,,,,,,,,,,,,,,,,,,,,,,,,,,,,
1.D.2,IS,,,,,,,,,,,,,,,,,,,,,,,,,,,,,,,,,,,
1.D.2,IT,,,,,,,,,,,,,,,,,,,,,,,,,,,,,,,,,,,
1.D.2,LI,,,,,,,,,,,,,,,,,,,,,,,,,,,,,,,,,,,
1.D.2,LT,,,,,,,,,,,,,,,,,,,,,,,,,,,,,,,,,,,
1.D.2,LU,,,,,,,,,,,,,,,,,,,,,,,,,,,,,,,,,,,
1.D.2,LV,,,,,,,,,,,,,,,,,,,,,,,,,,,,,,,,,,,
1.D.2,MT,,,,,,,,,,,,,,,,,,,,,,,,,,,,,,,,,,,
1.D.2,NL,,,,,,,,,,,,,,,,,,,,,,,,,,,,,,,,,,,
1.D.2,NO,,,,,,,,,,,,,,,,,,,,,,,,,,,,,,,,,,,
1.D.2,PL,,,,,,,,,,,,,,,,,,,,,,,,,,,,,,,,,,,
1.D.2,PT,,,,,,,,,,,,,,,,,,,,,,,,,,,,,,,,,,,
1.D.2,RO,,,,,,,,,,,,,,,,,,,,,,,,,,,,,,,,,,,
1.D.2,SE,,,,,,,,,,,,,,,,,,,,,,,,,,,,,,,,,,,
1.D.2,SI,,,,,,,,0.18679,0.24905,0.37357,0.4981,0.56036,0.56036,0.62262,0.62262,0.43584,0.43584,0.43584,0.44994,0.41419,0.37514,0.45008,0.1681,0.43422,0.54018,0.50838,0.50812,0.56554,0.54781,0.60585,0.43232,0.63874,0.64753,0.58019,0.55253
1.D.2,SK,,,,,,,,,,,,,,,,,,,,,,,,,,,,,,,,,,,
1.D.2,TR,,,,,,,,,,,,,,,,,,,,,,,,,,,,,,,,,,,
1.D.3,AT,10528.98724,11522.78344,11259.76433,11812.25758,11376.95149,12064.263,12934.58848,12409.04544,12106.16392,13839.91233,12999.86084,13909.32876,13164.44124,13661.65654,13858.77942,16251.45429,18304.04326,19945.12339,20935.82906,21852.45591,24265.73582,23893.94625,25346.38159,25289.21306,23828.27946,24864.99926,24524.19568,24856.68998,23753.03515,23642.54107,23784.43414,25832.37287,25391.97989,26554.77037,26462.45954
1.D.3,BE,2338.75101,2450.11245,2587.875,2233.42984,2457.16626,2712.47241,2968.92552,2828.85144,2915.83274,3011.54272,2993.97827,3323.45066,3643.23801,4345.09293,4999.46656,5369.64356,6208.53715,6879.58094,8270.58009,9584.89569,11526.86428,10794.19347,11864.12159,12716.37374,11084.9842,12015.99436,12638.20505,12735.99181,12557.34436,12172.31544,12481.95785,12794.42324,12751.38936,12158.47419,11397.57573
1.D.3,BG,808.752,660.8,733.936,662.368,755.216,945.952,1028.832,1098.272,1918.224,2009.728,2580.256,2532.88,3021.312,3207.568,3339.15335,3262.21528,3494.04147,3206.68964,3648.08934,3590.3118,4280.39618,4542.85064,5104.37935,5288.71773,5042.54144,5398.58982,5716.94167,5794.67444,7576.10194,8151.64747,8395.77705,9278.12295,8461.29798,7548.49443,6730.92845
1.D.3,CH,4469.74292,4676.27762,4563.26948,4586.45729,4374.14436,4576.96138,4926.82135,4594.28905,4734.88755,4806.22542,4759.91771,5073.80184,5025.18045,5274.54727,5365.10695,5574.79016,5865.17735,5773.00946,6207.07329,6256.03066,6718.61756,6277.47017,6854.56961,7219.0675,6621.84147,6911.80192,7458.0319,7716.7509,7627.05053,7849.29803,7781.24415,8486.53442,7904.05485,8168.87909,8486.58755
1.D.3,CY,30.4955,27.9955,27.7955,27.6955,60.763,76.7165,74.4965,63.4165,69.18,64.4325,57.14282,60.95087,67.33997,76.44571,67.66837,63.797,64.297,99.312,172.5426,178.76382,164.64225,175.2428,178.3506,172.6529,163.9251,216.9114,230.0458,284.55381,314.75951,308.84578,400.63085,406.01861,401.02878,349.83474,346.61887
1.D.3,CZ,6445.39397,6547.98568,7286.12633,7039.55601,6709.42358,5788.68267,5824.089,6450.80194,6719.51481,7013.16527,6658.54793,7152.71501,7957.57461,7809.25382,8487.00412,8758.22443,9241.82519,9830.11577,10574.44635,11660.9131,12491.34734,13357.92634,14203.78918,15296.45811,16076.02934,16540.55222,16725.03702,17035.20888,17090.16517,18436.33932,19218.62834,20624.21865,19774.23242,18358.15471,18388.83755
1.D.3,DE,22101.38179,21821.30151,22035.15477,22325.61768,22442.73306,21636.65379,22102.0058,29519.11807,31653.19341,33363.01998,34701.88355,37144.49083,37811.20012,44849.57432,50586.72591,57191.94127,69720.63459,79072.47885,87266.94359,87513.18412,99194.07979,98555.19919,110100.41261,111407.99404,107265.93357,109291.97848,108537.30053,107792.3703,108297.5883,108853.66999,109703.89674,114107.60481,115000.93861,107786.43403,107054.17194
1.D.3,DK,4096.92362,4441.72646,4659.30464,4840.86235,4779.22922,4999.0098,5329.95958,5510.83244,5472.94594,5743.96875,6011.43555,6662.37066,7107.16336,8096.37823,8765.95985,9441.34531,9739.3998,10654.99555,10845.21452,11148.03444,13284.65725,12964.46865,13310.12882,13389.30262,13409.01056,14142.7301,15229.43312,16765.68295,16611.19081,16725.53907,17116.59601,20077.17621,17706.45109,17591.92505,18453.04728
1.D.3,EE,880.88,877.072,1014.496,963.088,1658.69193,2304.89672,2844.49741,2823.55061,2372.28577,2430.47244,2398.48535,2527.16493,2562.60591,2693.49742,2801.67656,2726.14794,2458.77977,2780.32013,2987.57752,3285.99008,3894.19581,3762.29482,3843.63009,3896.55368,3922.9377,4103.65303,4460.23512,4777.91785,5227.70478,5279.62552,5725.93884,5843.39083,5712.95822,5988.9608,5968.04897
1.D.3,EL,4016.56188,4033.21519,4040.84347,4044.49646,4018.38837,4035.04168,4083.60486,4096.17542,4081.99325,4097.4277,4248.95604,4288.77825,4368.53205,4153.53878,4196.29823,4380.79942,4403.94299,4802.39414,4273.15194,3944.68483,4190.40025,5142.30086,5708.36364,4710.21834,4760.06733,5207.3901,4548.7695,4713.8287,4679.51816,4665.12186,4548.68049,4756.96328,4975.60777,5268.05752,4673.61374
1.D.3,ES,12699.36534,12984.1607,13038.41,12942.05539,13092.56091,12801.21664,12834.84166,14010.35086,13665.97584,15268.77046,15728.07384,15890.39616,16650.57578,17638.54797,17993.69347,18301.09766,19166.37221,19747.95104,20169.61611,23920.3264,25198.98522,27055.39673,29840.83162,27777.5978,28355.77711,27701.19529,26362.80375,27633.04369,28370.9013,28357.2064,27973.72708,29730.06653,29545.15614,31478.60131,30883.14837
1.D.3,EUA,204506.5822,218806.18724,218531.92208,237433.99122,236798.60003,242358.44937,258084.64326,271045.81437,273106.7091,279150.37717,281422.81988,291733.48429,290719.52307,316402.33314,329719.329,354554.48626,376815.04471,405309.6156,438074.70492,454512.94228,499913.35426,483683.16284,525119.09757,534855.4002,516167.73994,531917.28885,537649.85807,547552.67506,563568.12583,569003.06499,569106.75621,608976.91826,588263.52405,571042.43024,566034.13995
1.D.3,FI,18314.8507,17990.85721,17684.66684,20989.01265,21790.58634,22223.39331,22375.72347,25399.74778,26195.69057,27555.59144,27934.46333,27253.66354,29343.96404,30138.97108,31720.75289,30051.67543,32969.21416,31936.85522,32487.52917,29445.16476,34754.88528,34399.63532,36122.53109,37207.76446,38197.9116,37418.539,38705.41477,40746.16093,41891.66762,42581.61894,39772.58045,46083.98678,42187.73204,41490.42492,40555.96152
1.D.3,FR,44107.63396,50735.81741,49719.97148,48760.14823,44511.44013,45306.18021,48582.24569,45159.56991,45003.07962,43788.39675,42814.89419,43977.44594,42784.98236,45301.60575,46052.2339,48380.97419,44813.80281,47870.82739,52626.13292,54545.31093,60273.7356,52601.24638,58734.73469,63475.11575,57645.78135,61120.2028,65291.41328,65365.72357,65546.72698,66262.7607,62342.67738,69828.83807,67287.09835,69503.991,73501.00956
1.D.3,HR,5237.84,6091.912,5308.282,5583.982,4999.292,5288.542,5877.636,5526.066,5535.752,5328.0074,4771.8348,5187.9822,4975.5668,5755.7261,5660.221,5908.79046,5497.4145,5322.59993,5298.64715,5576.01974,5940.55118,5834.08543,6011.36429,5975.3963,5245.05079,6006.75132,5970.34918,5906.56671,6057.52138,6228.14001,6383.96266,7049.24516,6532.66888,6438.50252,6523.01698
1.D.3,HU,3049.2132,3293.32564,3328.73773,3410.26559,3411.1049,3641.56689,3565.31277,3492.9676,3500.20717,3529.8415,6081.04774,6806.44658,4289.15599,6163.67484,6340.42755,7374.00763,7383.60627,8074.61023,8286.78853,10832.18747,11857.29739,12220.29063,12487.04086,13165.98185,12033.37259,12654.22737,12415.43121,12120.77053,11138.5377,10749.64447,10823.5224,11467.8782,11266.99306,10250.46308,10476.45804
1.D.3,IE,500.91227,479.63351,424.27347,429.2778,431.7404,424.73257,467.80389,493.34505,587.33038,557.32428,597.93384,654.3682,643.44582,612.54012,715.46191,901.05219,930.84714,1006.00942,1078.30428,1207.47781,1345.96151,1369.32078,1454.91405,1691.06794,1904.9249,1899.50212,2100.59473,2369.09164,2570.88728,2599.05483,2653.36438,2660.88439,2829.51579,2833.02314,3151.45863
1.D.3,IS,2.38728,2.38728,2.38728,5.52407,5.52407,6.28915,7.36025,7.36025,7.36025,7.45971,7.45971,7.45971,8.9076,9.51576,9.05516,9.91353,11.5301,12.62063,10.29146,8.04578,8.06256,7.39359,6.81832,10.23111,15.16604,39.57942,43.69406,48.02645,57.07386,56.36415,60.13891,85.0473,54.02315,50.29012,83.80039
1.D.3,IT,13971.14198,16302.70395,15256.92875,15594.0758,16025.34036,16652.90652,16666.21965,17937.58501,18212.63421,19730.36785,18785.88626,18547.6877,13507.55835,20088.41479,16266.67487,23498.98328,26860.19177,34507.6095,41460.29871,42955.96343,42802.17186,37113.25006,43445.89763,46879.82364,43806.28227,46428.95459,45870.23539,48199.71427,46730.15103,47353.31752,46835.16845,49362.55089,43950.61478,39946.71247,38829.57454
1.D.3,LI,6.37171,4.9652,6.53113,6.09054,7.37973,5.76302,5.58416,6.49094,7.17356,7.82173,12.08562,8.18114,8.35975,10.47449,11.36351,12.30959,13.94067,18.04701,18.22786,21.54018,22.87984,24.69379,25.19406,22.01289,22.49611,25.3213,24.86715,23.97132,28.38199,26.39018,21.40717,20.70001,24.24759,23.39852,26.29484
1.D.3,LT,1207.56744,1207.56744,1208.4795,1804.56138,1865.6694,1957.07808,2144.15172,2194.5177,2419.39116,2507.86098,2736.84884,2977.49081,3216.00719,3396.3806,3558.7183,3597.67719,3783.92832,3824.25905,4053.03067,4159.14199,4147.31861,4043.91241,4464.5535,4619.05198,4894.89044,5443.85445,5478.86201,5854.08435,5878.32697,5775.6241,5994.34511,6776.76911,6206.02544,6503.35098,6977.59538
1.D.3,LU,162.60308,166.78532,167.44037,162.40858,160.04567,155.83254,136.82671,147.95902,150.23973,160.4901,160.96152,175.23148,177.45171,182.41609,203.69992,299.00967,301.40441,445.41416,459.76436,436.99681,454.23197,451.45513,472.9128,513.48693,641.74384,702.3799,815.69149,911.86435,1020.20952,1167.90982,1440.92016,1490.36432,1413.16839,1393.74252,1603.69214
1.D.3,LV,3024.51667,3547.13414,3537.1261,3941.14021,4085.69708,4631.31837,4841.42231,4852.60539,4789.28948,4703.02482,4370.82332,4881.00266,4850.61936,5150.39778,5430.5013,5439.71927,5479.58162,5355.64285,5074.54206,5800.16156,5157.8526,5391.96632,6050.5406,6124.99836,6478.71686,6142.70055,6265.60228,6611.99454,6998.44808,6947.98843,6628.87,7033.51925,7050.58613,6907.52514,7027.89088
1.D.3,MT,,,,,,,,,,,,,,,,,,,,,5.11337,9.84073,15.02598,21.19335,29.0339,27.58845,27.27176,29.22982,39.50707,44.0552,53.15156,42.54834,51.7343,52.54873,52.2293
1.D.3,NL,3963.95403,4254.15844,4147.21796,4515.69494,4386.83021,4796.64504,5693.23493,5930.76429,6067.62221,6309.96588,6648.07711,7021.14977,7571.2506,7259.26585,8075.43804,9401.74129,9641.70891,9773.70576,11317.89506,12891.78065,13541.45147,13467.34018,13893.30182,13065.53482,12338.48953,12473.44978,12564.96315,12782.2766,13482.08393,15485.43279,18437.99622,21274.63287,19825.37739,17195.05463,17333.82413
1.D.3,NO,4488.51421,4394.37202,4115.18924,4428.83644,4759.56932,4854.02121,4863.40703,5035.56652,4677.60881,4854.7346,4712.57659,5111.91219,5198.27634,5329.14794,5109.53598,5249.77157,5358.74304,5592.87454,5841.38694,5257.07289,6671.42019,6253.76241,5670.36528,4998.73091,3694.44532,4034.05391,4402.15413,5149.48787,4882.52791,5137.49405,4943.92358,5375.21892,5439.23189,5719.75149,5827.55252
1.D.3,PL,6813.4738,5770.982,6394.318,17805.1132,17261.139,17602.2126,17320.5648,17300.0856,17381.1106,16666.6284,16891.3366,18047.2162,18372.7618,18545.51803,19191.02184,19796.68297,20663.75074,21025.71165,23777.3122,26210.14374,29732.96181,32303.17557,35606.77768,34833.72695,34391.62204,34912.69817,33229.29887,32320.94236,47850.12123,48107.39548,48148.20379,46954.94846,44725.08433,44185.99944,44042.73366
1.D.3,PT,10964.4995,11003.51353,10953.29861,10707.06455,10500.75643,10625.80722,10677.23759,10869.53961,10697.61969,11009.15764,11409.8955,11024.9475,10903.70337,10585.7284,11010.17597,10985.79567,11259.94054,11405.89165,11299.88564,11621.94883,12462.91967,11206.914,11072.56724,11252.2412,11371.6707,11557.88283,11445.37704,11498.28919,11574.38221,11652.45742,11517.98374,12349.3185,12836.3019,12908.43998,13128.55786
1.D.3,RO,2760.24,3246.992,3684.128,4880.064,5635.168,6328.112,11954.656,15574.72,13998.208,13208.16,12949.44,10003.056,11025.798,13331.808,14616.336,14972.384,14687.12,15348.25684,18202.7135,18175.72852,18976.1923,17157.47254,18086.13383,17377.8033,17473.38121,17055.16759,17641.80499,18032.09196,17564.43692,18063.17214,18126.84544,19316.73986,18565.49508,17233.0962,16391.00946
1.D.3,SE,22879.50266,25569.1818,26432.9869,28119.20689,30425.6849,31347.40398,33369.6527,33078.63555,33265.81488,33146.36853,31475.0518,35410.13541,36905.67395,37012.00834,38354.49743,39342.1031,41126.80521,42607.84534,43918.75521,44448.66897,49391.84101,45154.81881,46263.3686,47198.84459,45882.08074,47331.86555,49725.24903,51404.86803,50521.33659,49268.75894,50476.91672,53125.98719,53701.49185,52107.35204,47352.66793
1.D.3,SI,2581.33326,2450.19528,2494.40658,2457.0216,2540.03495,2565.09052,2615.69201,2713.25831,2774.77641,2525.28311,2575.59002,3193.63239,2679.87874,2941.74712,2721.69226,3314.75367,2921.12902,3228.1175,3420.92196,3183.1761,3308.00974,3281.22236,3220.91693,3368.38537,2952.35118,3206.96766,3226.8705,3164.68488,3038.7552,3001.03425,2958.33811,3261.21726,2848.18211,2789.25771,2705.89362
1.D.3,SK,1019.8073,1328.27467,1105.95375,1383.527,1416.94643,1446.72231,1770.42219,1564.03285,1552.63334,1581.46835,2840.11481,3079.50179,3117.72194,3404.57652,4705.04998,5542.47006,5692.72587,6557.29769,6168.19237,6343.51077,7269.5547,7433.39644,8216.12688,8139.90139,6970.95017,8050.56266,7902.46116,7844.35892,7186.71662,7121.84803,7161.64222,7447.13162,7264.41396,6219.23861,6022.11586
1.D.3,TR,32841.81144,32874.31876,32874.05256,32635.17322,32484.97516,32330.39822,31955.59827,32147.25209,31706.65365,30742.13718,29720.99379,28530.38079,27455.69196,26370.33955,25358.83802,24373.84213,23495.1156,22670.27211,21830.56482,21115.19582,20317.35297,15618.09095,15281.1465,14950.73847,14391.64566,9508.1111,8924.02834,7875.37121,6559.32058,7429.27986,8892.2817,11646.31384,13336.71662,14905.06251,15307.0773
2,AT,11191.45419,11096.52445,10135.51595,10116.35943,10731.44072,11196.38018,10523.22285,11480.44849,11252.13105,11091.87711,12113.76893,11983.53065,12561.80165,12480.11655,12644.10202,13534.82414,14037.8446,14760.9647,15074.57454,12029.70061,13933.12761,14061.9107,13600.1539,13960.72413,13960.52866,14376.31746,14033.40636,14764.4367,13075.5955,14067.25142,13193.82175,14881.00872,14123.92209,13405.66148,13049.44197
2,BE,18204.19972,17509.79289,18231.80466,17344.84134,18855.39303,19705.06305,18948.10981,19194.88073,21038.49642,20810.60138,21937.95138,20809.94098,20996.50934,21264.59293,21936.17139,20792.90288,20741.9915,19394.85438,19609.41494,13866.06049,16095.07369,16171.68879,14408.15111,15138.00912,15310.82231,15430.92643,15720.79381,15597.24529,15993.40081,15214.13393,13621.1669,14224.50058,13518.2201,12442.48978,13510.37208
2,BG,8257.22801,6593.67323,5509.30432,5907.1234,7373.61319,8964.1712,8784.19419,8336.1836,6335.67287,5625.26714,6345.42332,6284.69474,5626.1867,6224.20144,6148.99796,6485.52413,6582.86742,6900.19174,5871.02029,3131.72901,3388.63323,3910.36854,3701.80356,3541.35969,3767.03423,4305.68589,4492.59116,4392.37769,4039.09905,3674.44232,3409.91688,3692.10963,3775.99492,3153.28492,3254.82287
2,CH,3122.33117,2777.82967,2630.8196,2380.13741,2547.47876,2396.28686,2228.61162,2056.21818,2049.67911,2053.35545,2187.81828,2212.00888,2144.58644,2114.34983,2259.7578,2349.91544,2302.89021,2309.06714,2267.48231,2188.29812,2345.81276,2301.21807,2179.34532,2179.73327,2233.82387,2065.42355,2128.34736,2103.32145,2089.07,2075.44588,2001.06163,2081.01541,2027.56306,1848.87695,1763.40606
2,CY,718.13597,678.38265,729.91451,798.81322,834.34418,800.91024,859.52223,825.70586,779.18353,785.1463,806.83804,791.98566,823.71063,826.18726,891.41988,866.27559,908.78207,904.1777,906.85036,732.62185,596.44295,577.70024,532.94795,769.31391,989.93678,892.95509,901.43493,943.78313,873.05167,819.34968,906.82386,901.8927,905.40901,965.50633,807.19906
2,CZ,15786.06391,12785.35548,13389.28545,12401.05999,13481.05918,12815.66232,13507.33787,14333.8426,14288.65565,11749.61817,13048.91724,12154.66323,11940.49731,12881.39403,13617.02061,12321.92431,13282.3267,13805.10662,13477.02651,10945.10346,11683.4346,11799.90511,11442.47147,11362.63452,11912.22279,11387.40832,11329.0758,11404.81775,11929.85926,11230.7426,10574.06179,11848.03525,10836.91995,8618.50032,7130.80697
2,DE,59642.33895,55829.5979,53095.80752,53557.00052,56200.33115,55746.88975,53590.09762,56298.3264,54774.4548,52477.35293,57458.40132,51489.42352,49590.45384,52572.19077,52742.06134,50768.21841,51395.43691,52194.1583,49272.07224,40625.85929,45928.2285,47449.03657,44744.25717,44511.78753,44891.71965,43648.85312,45305.52449,49230.90524,47197.06813,44966.34424,42349.13831,44965.20586,40631.06196,37124.11366,38212.67994
2,DK,1021.41735,1232.58449,1381.10457,1403.25274,1464.01639,1530.99424,1638.99062,1648.4093,1751.02316,1732.21265,1739.98634,1742.78399,1739.89122,1632.66396,1763.26813,1711.29761,1733.12107,1740.4195,1437.62098,991.3827,926.48899,1096.43981,1089.21877,1093.35953,1122.75237,1136.80164,1316.15823,1429.75921,1388.14492,1336.16139,1423.96243,1444.18597,1281.03484,1165.86431,1034.46202
2,EE,947.51474,951.55385,547.10204,324.72701,566.49178,596.20925,605.85864,651.34844,693.26404,616.82697,606.15784,625.26542,446.78233,488.42972,616.72948,588.39977,609.65436,785.81898,812.8627,315.57474,358.15577,474.35831,709.8601,792.25009,491.75634,290.38438,265.28502,405.65572,392.52329,390.26688,102.39636,98.988,71.64326,68.43427,65.52328
2,EL,8699.13308,8603.24961,8246.07791,7933.34252,7911.0823,8393.02147,8386.94005,8566.17033,8801.65327,8708.04474,8919.51379,8955.32698,8851.10211,9015.01804,8999.35784,9587.07931,9358.66936,9257.62525,8611.44303,6639.38762,6598.92274,4923.04389,5462.75098,5862.11818,6159.30062,5686.06483,5981.89065,6319.78188,6167.50254,5941.68803,5082.22971,5081.28591,4320.7375,4384.91723,4612.33272
2,ES,21277.2798,20482.36136,18807.09321,18567.0174,20888.04388,20951.06183,20902.41987,21831.36776,23430.2157,24319.49778,24995.14377,25475.48303,26347.69263,27050.95643,27796.0949,29023.12221,29586.72032,29489.65492,25828.65317,20756.91089,21774.29087,19842.93973,18114.81695,16970.76315,19060.0003,20347.16713,19999.0019,19346.4514,19838.94732,18359.80231,16583.58155,17593.60892,15775.38339,14716.91225,14830.50141
2,EUA,315527.28523,290546.27898,277500.5728,266839.49425,282186.98533,288191.09541,280807.40812,287678.33593,286716.7868,278973.97381,293064.1382,282594.99488,283654.35578,290862.72462,302641.83368,299816.47181,306622.18111,313879.15829,293799.69049,229059.05555,252088.08345,252859.10126,237155.32437,234673.31009,240681.418,238761.77894,241354.94278,249951.11299,247736.58466,240195.59735,223380.86835,238006.78496,215730.64659,195578.70067,194626.20799
2,FI,3741.56131,3562.10291,3419.48169,3392.69664,3529.38052,3490.49578,3610.62885,3829.95111,3831.04083,3963.27976,4036.70255,4062.78034,3956.23395,4171.06996,4377.44109,4116.40181,4301.59123,4836.58169,4869.72985,3989.86035,4711.79893,4739.74135,4512.83066,4323.37074,4093.28799,4291.39251,4604.86807,4501.72411,4586.79112,4307.14403,4035.60751,4369.82494,4166.44114,4014.04034,3766.8413
2,FR,42631.28937,41423.77658,39163.85269,38313.17097,39077.33672,38308.83092,37751.86737,38765.77379,39525.15868,39630.73835,40307.69798,38557.83529,39403.01524,38301.98501,40337.08468,40351.74307,41486.70558,42522.52497,38324.12151,29089.7082,32926.50945,32724.53685,30705.41626,32785.60135,32327.99903,30844.72441,31037.31558,32434.43723,31964.31183,31046.9589,26759.96757,30508.10002,27660.4982,24219.33586,23457.37874
2,HR,2577.30763,1926.60768,1962.31964,1641.38241,1826.60535,1652.21608,1654.8882,1816.03866,1717.95141,2072.94193,2237.80482,2325.62332,2291.79948,2324.17577,2535.51338,2596.19934,2731.07419,2802.25458,2690.94274,2082.17914,2115.39809,1943.76728,1749.08233,1860.3168,1983.47248,1946.76832,1812.4908,2057.96551,1951.1961,2006.16087,1973.69027,1824.31155,1415.63628,1542.63587,1327.40683
2,HU,8136.65934,6005.4661,5114.04049,5492.71318,6306.77339,6494.34112,6290.09294,5689.34379,5451.80631,5416.24828,5776.78804,5519.50382,5524.03388,5504.63047,5609.82027,6130.04352,6132.91741,6303.81717,5866.69778,4832.56327,4924.63008,4966.33056,4609.467,3877.65368,4366.9417,4809.70738,4452.02829,5181.2144,5335.81669,5190.23383,5123.34126,4900.37796,3760.79753,3410.88698,3340.67578
2,IE,2175.27131,2076.71051,1987.70133,1952.44646,2189.49016,2102.78735,2184.63891,2513.14601,2402.02,2353.98942,2905.69048,3153.35677,2908.94873,2381.60061,2550.32869,2647.61218,2587.92717,2640.44998,2351.42632,1537.21461,1343.2185,1212.51899,1436.2982,1349.69185,1699.55801,1884.54287,2024.08895,2100.31145,2154.28575,2122.03566,1971.48768,2329.89578,2142.75632,1999.6123,1718.81472
2,IS,407.05214,372.63594,375.85648,424.79945,425.9077,443.3068,442.69676,501.93038,529.99991,679.00122,788.98598,831.34166,848.67655,849.60358,873.66932,856.90313,966.13796,1164.41113,1605.48632,1616.08335,1623.00478,1617.5174,1660.40753,1686.46321,1655.1144,1707.98751,1684.81187,1760.73136,1774.74165,1712.9943,1684.53634,1752.01558,1803.78041,1747.67423,1833.72196
2,IT,27992.0072,27589.83009,28126.66439,25155.17722,24238.40355,26049.29399,23655.29674,23741.68805,23790.0849,23952.57866,24742.7517,25448.18532,25364.95435,26236.81275,27189.47906,27662.52933,27601.34845,27985.64285,25640.47252,20252.11287,20807.51342,20383.90751,17233.48322,15501.70291,14959.82846,14349.13356,14129.63279,14283.3249,14559.50814,14227.74525,12917.91703,14620.14611,13124.97585,12698.82023,12245.04114
2,LI,0.20328,0.19037,0.18179,0.17469,0.16265,0.1588,0.1652,0.17605,0.15794,0.1657,0.16934,0.15362,0.14978,0.19738,0.20398,0.20032,0.18747,0.19538,0.17991,0.14139,0.15069,0.14573,0.13858,0.14471,0.14453,0.13839,0.13618,0.13286,0.12171,0.1181,0.10643,0.11276,0.11531,0.11101,0.10246
2,LT,3414.46634,3400.6897,1831.99471,879.74067,1236.17467,1454.48562,1611.29637,1484.541,1612.14002,1482.02371,1409.78774,1494.46634,1524.59643,1521.54586,1492.25871,1288.66873,1578.46154,2601.75401,2182.56679,1224.37424,1254.96091,2203.70908,2328.01953,2033.85439,2120.34062,2389.13092,2151.49828,2381.37355,2147.78142,2370.81194,2225.97849,2077.54932,1647.04616,1453.64196,1703.11671
2,LU,1598.44072,1521.60067,1450.28788,1430.90513,1334.76019,975.79586,920.56156,809.9036,650.42788,689.55514,714.23909,662.24208,673.737,625.33613,675.878,647.59314,700.12161,692.59626,635.18771,564.6744,588.79366,594.5127,559.98144,539.4125,545.11301,538.52088,561.05548,567.62277,572.2326,591.44081,570.62956,498.8115,477.88886,358.41661,276.13969
2,LV,651.02012,583.44956,303.20831,144.85304,192.25571,205.21542,216.02081,231.29612,235.63727,268.15151,216.65483,237.99913,247.54991,261.33745,278.91219,258.09857,282.7282,282.20412,269.4488,255.45345,523.76681,616.18407,676.72627,606.19013,606.53639,521.97857,401.69429,485.6191,615.7432,618.35846,607.05359,602.90218,593.04847,591.63586,480.75169
2,MT,5.14066,5.36266,4.95351,4.99,5.27075,5.2235,5.00178,5.21285,4.61389,3.80882,3.67451,3.86521,3.77704,3.65201,3.51407,3.66621,4.21977,3.37458,3.61368,3.95673,3.61166,4.08125,5.24371,11.19771,11.02346,9.61511,7.50667,4.85971,5.37782,4.75816,4.46097,4.76455,5.69933,6.05828,6.70437
2,NL,11958.60968,14235.9181,16061.84459,11542.37362,12227.23413,10100.41,10127.84102,10401.09135,10730.07778,10936.08529,10812.22341,10905.68586,11451.68803,12068.12419,12408.27074,12144.40285,12987.10271,13671.31894,13617.9003,12656.22486,14101.20167,13580.34136,13185.70101,12762.43464,13022.86181,12171.97539,13139.11558,13508.45062,14067.64627,12905.11003,13322.49162,12879.08736,11656.87331,11303.41013,11641.22581
2,NO,7148.02552,6680.85547,6605.93816,7132.51157,7509.07471,7616.98547,7709.73782,8162.12029,8339.61771,8095.14132,8519.41993,8198.88482,7511.27358,7668.76921,8239.24275,7712.07346,7410.10246,7579.93302,7917.92952,6378.53212,7253.80634,7355.71298,7296.62607,7408.29904,7469.35879,7604.60468,7548.39749,7578.93412,7671.29774,7688.05985,7807.14927,7889.86457,7925.51838,7289.86357,7129.74803
2,PL,18522.6476,16174.25386,15507.55942,15102.57549,17307.04996,18161.31171,17241.40503,18244.69019,16815.23017,15732.15424,17219.88006,15204.83847,13937.28798,15614.50581,16640.7115,15665.47479,17248.25038,19052.69525,17959.27765,14915.41203,16058.98976,18382.56545,17051.56301,16651.78793,17699.92768,17911.18656,17993.80582,18551.78917,19185.38819,19037.5604,18748.21443,18874.34917,18394.74193,15477.55888,16113.85756
2,PT,5782.25133,5474.19553,5317.50035,5306.60155,5374.40606,6043.00969,6139.27709,6444.58732,6472.67818,6862.53129,7018.53605,6206.22964,6318.7755,6280.05195,6813.98302,6756.92949,6316.34508,6888.10551,6462.48965,4677.01305,5010.49356,4460.50922,3966.04589,4339.55583,4641.27206,4609.10904,3929.81775,4163.62333,3707.22331,3915.0884,3906.94097,3700.85637,3644.03842,3153.91736,3178.71855
2,RO,25629.26154,18200.64945,15162.64687,14926.0053,15343.67868,17735.69809,16919.54507,15763.31937,15228.55781,12841.10569,13579.6996,14154.27213,15652.97661,16593.12173,18534.88756,18446.16535,18463.24406,18350.67717,16395.12005,10733.8248,11928.35274,12424.55758,11255.91662,9950.06551,10747.61147,10731.47552,10702.69525,10746.62113,10977.79368,10990.29862,11072.94771,11079.47544,8343.13549,6372.59631,6291.3833
2,SE,5726.90463,5463.2307,5153.85349,5268.93046,5709.38666,6008.68718,5791.20733,5699.93775,5772.67814,5635.16421,6062.48554,6225.24222,6380.05119,5992.22922,6445.81682,6277.05327,6275.90613,6365.39228,6143.99725,4419.9992,6290.68352,6077.91477,5859.18902,5972.7302,5792.04477,5768.67916,6314.0838,6085.18285,5852.07901,6542.03977,5129.42652,5849.09833,5809.46604,5589.11668,5651.44579
2,SI,1128.56276,892.96264,897.71944,701.96375,875.83858,877.79872,881.09744,912.1924,886.50344,902.92072,922.63394,968.3436,955.58088,1000.80954,1025.88633,1071.33343,1101.43362,1119.22681,1057.14573,710.8452,696.25643,675.2117,671.34194,739.68846,773.69929,731.07809,718.18402,798.42789,835.14671,837.05461,787.38925,789.89576,739.25148,640.03657,658.60991
2,SK,8111.11797,6246.39634,5961.93387,7229.43078,7107.12447,7825.13087,8060.04785,8158.93904,8445.42959,8314.25165,7124.78591,7151.42715,8134.72183,7545.98503,8566.82405,8072.98837,8585.38966,8527.57002,8428.01342,7079.30848,7519.10533,7561.31984,7542.58631,7365.73561,7623.82571,7750.19635,8029.899,8263.35126,8323.07032,7482.61478,6976.2244,8366.51708,6908.02476,6701.29588,6259.95379
2,TR,21712.68295,23626.59451,23315.44302,23833.58047,23503.88432,24644.49832,25275.47307,26115.11272,26480.00628,24990.96986,25387.21919,25025.45028,25739.78541,26971.6721,29345.91154,32059.21658,34091.59373,36849.4375,38844.71766,40433.08745,45039.62571,49553.73984,51083.74128,54089.62393,54367.57752,54492.16127,58149.38719,61163.29066,62157.46824,53035.22955,60943.58515,67825.42831,60254.68034,59524.97918,64313.68321
2.A,AT,3138.40097,2994.90449,3039.18173,2963.06208,3055.03939,2691.84701,2637.07968,2808.4959,2645.84694,2650.20942,2775.21753,2789.69492,2868.94447,2855.46794,2930.80634,2903.40351,3056.19587,3271.61112,3284.65972,2728.50307,2673.47676,2797.23055,2715.47212,2730.13288,2730.31174,2752.91949,2796.77968,2806.78454,2916.78197,2825.19696,2837.2049,3039.94369,2917.06906,2564.71572,2442.06834
2.A,BE,5319.81864,5198.46302,5306.01037,5295.33387,5475.82521,5695.73607,5271.3375,5474.8521,5552.72927,5512.71424,5801.69367,5486.22075,5588.17399,5446.33552,5535.53969,5465.61056,5766.83084,5635.1661,5610.80346,4612.58779,4620.3161,4918.84888,4616.94421,4505.85531,4615.73698,4382.11904,4377.08002,4222.51138,4440.55858,4549.893,4132.10676,4259.47964,3932.69752,3488.53716,3332.85562
2.A,BG,3277.85616,2065.60906,1746.74166,1769.82493,2096.8676,2731.32153,2689.69009,2117.07471,1548.53488,1448.47452,1629.24574,1654.49615,1720.65613,1758.53122,1989.29312,2196.39946,2330.46465,2825.38686,2814.60833,1746.34097,1811.78742,1953.76979,2056.83761,1941.34842,2005.28674,2385.66639,2508.20822,2521.48033,2478.52256,2357.68344,2280.76629,2348.89632,2650.52319,2002.73528,2039.81866
2.A,CH,2779.04337,2441.95343,2298.5432,2107.12857,2292.73716,2171.42585,1966.06047,1776.19626,1777.10345,1775.67439,1896.89706,1927.49995,1850.19493,1812.74563,1930.40996,2036.54462,2033.19465,2063.92741,2020.8823,1974.93225,2105.40227,2068.31702,1950.58697,1954.86649,2009.62772,1830.16075,1879.32918,1869.13057,1845.77615,1836.2845,1776.72374,1836.77488,1794.04014,1623.27592,1554.03821
2.A,CY,717.07242,676.21418,726.64214,795.18088,827.76416,794.46262,852.46613,819.26133,776.84462,782.19714,802.74777,786.67953,818.99929,821.46589,884.94701,860.47363,902.3726,898.31949,901.00404,726.73711,589.98197,571.8275,527.64322,765.18362,985.79227,888.12471,896.41562,938.91385,868.23732,814.3885,902.15011,896.98706,900.38621,960.28119,801.7048
2.A,CZ,4082.44502,3365.96366,3506.00496,3195.8528,3249.88234,3019.0854,3247.33601,3435.55946,3599.40557,3553.48817,3633.36665,3322.4141,3064.16275,3165.55098,3330.41178,3345.75137,3445.50647,3826.59009,3674.72306,3075.55969,3048.417,3356.79502,3092.40051,2912.51791,3049.89914,3084.24032,3220.26843,3298.42865,3505.16292,3442.47779,3218.44265,3443.95554,3279.42673,2595.84975,2475.60164
2.A,DE,23522.377,21349.78069,22135.05435,22530.87578,24133.10308,24487.42134,23079.9885,23600.76028,23600.61877,23710.80255,23265.79259,21051.26322,20147.49867,20878.76077,21406.35727,20125.52902,20599.78947,21913.61344,20885.54825,18501.86169,18977.18203,20178.98866,19665.71685,19073.37036,19638.08377,19221.31242,19228.26053,19933.55252,19807.48263,19569.24243,19201.69696,19994.8709,18727.33414,15964.59792,15079.79207
2.A,DK,918.99289,1127.48863,1273.87616,1291.78301,1350.23795,1416.10864,1528.99722,1539.90693,1622.84408,1597.88565,1609.09228,1608.45285,1627.91858,1523.36931,1649.94096,1555.91797,1608.65929,1606.73775,1322.64111,881.41296,787.34124,966.68748,966.81427,965.01417,996.83852,1022.29441,1206.29065,1310.83251,1283.85684,1230.34052,1319.67959,1330.5917,1175.3977,1060.2171,938.70712
2.A,EE,603.10338,613.13186,375.25823,243.94206,345.02912,362.79742,376.11254,413.90647,436.00616,387.47378,399.87467,407.4818,391.00534,372.83225,405.39059,413.58698,460.68205,645.80201,644.12428,281.13886,338.50946,452.19078,669.10397,694.29411,464.28423,262.84086,237.20412,374.67357,363.03747,359.2248,70.31441,58.82983,32.64296,32.19039,34.33643
2.A,EL,6775.42169,6696.57362,6775.95483,6730.22741,6702.71024,7186.10615,7176.78641,7255.61917,7294.804,7285.26147,7492.71976,7549.59325,7312.46156,7348.95921,7357.01233,7926.7631,7635.81169,7471.56908,6957.90484,5321.32362,4920.64485,3108.5607,3738.173,4170.19862,4359.37799,3956.73467,4271.6662,4246.72169,4007.63672,3931.48177,3368.88147,3621.15806,3330.88199,3366.16127,3133.5828
2.A,ES,15119.98918,14470.70029,13137.42121,12601.67129,14446.8501,15516.9714,15268.34887,16057.95263,17311.99176,18152.66785,18763.78045,19127.61228,19833.17318,20435.67957,20898.96222,21427.90612,21665.16934,21492.19271,18409.88494,14334.278,14209.47772,12678.807,11565.83243,10400.83379,11704.54939,12143.22924,12159.81097,12404.52578,12670.25276,11993.70657,10809.40894,11338.1672,10285.00049,9905.6355,9723.70074
2.A,EUA,133995.68265,123243.86607,120098.55974,114756.77174,121673.59108,126166.94513,121820.35991,124366.84288,126850.96114,128040.47876,130455.81625,128116.53571,127559.87832,129234.25099,134915.32589,134862.4102,138845.75918,143918.3169,134803.87707,109126.8023,110137.60112,110498.98726,103816.28315,99623.62896,103034.87705,102034.69289,101768.08566,104805.90593,106482.4177,105079.42634,99136.80268,104085.81661,98972.69064,88124.13074,84847.20006
2.A,FI,1218.29715,1050.14531,952.12713,857.57821,898.47452,873.75161,913.99269,943.15042,955.97679,1030.01253,1080.44771,1084.48708,1084.31101,1127.58174,1189.36278,1176.13533,1270.12353,1295.29663,1227.45622,909.66187,1167.75439,1257.426,1121.04157,1061.9516,1032.94548,966.82993,1084.84057,1135.60806,1061.75625,972.52606,947.16705,1017.17568,940.46241,764.97912,586.36742
2.A,FR,14937.89181,14285.61721,12897.12949,12104.03837,12538.78811,12429.31834,12165.30274,11884.54839,12540.88675,12140.14569,12336.23207,12275.95239,12273.69349,12138.05935,12777.42605,12617.08372,12975.99458,13121.47404,12365.24346,10548.35694,11019.35676,11334.61561,10594.63835,10620.11037,10233.35379,9686.34556,9593.86568,9500.80577,9935.7849,10015.02302,9053.47698,9740.83575,9268.49003,8032.65349,7816.66288
2.A,HR,1297.56057,860.77081,930.51677,794.62387,953.70914,739.75601,826.76923,948.72104,1014.41678,1268.52641,1426.44648,1644.57639,1645.40887,1652.12358,1748.15219,1809.90291,1938.73588,1966.7133,1868.33914,1455.4101,1403.71316,1255.56825,1173.23211,1271.22207,1354.11018,1306.35445,1201.30369,1425.60815,1358.41577,1324.93849,1359.34396,1372.257,1255.47259,1259.3019,1125.59043
2.A,HU,2890.11346,1899.72881,1539.75668,1721.38554,1938.45771,2001.89764,1846.88447,1929.7054,1993.14842,1987.08295,1995.85794,1999.65341,2056.35957,2117.55057,2056.51325,2083.08785,2170.03153,2186.12866,2103.68274,1511.82387,1259.15991,1074.04941,1148.34681,968.28371,1010.57307,1137.97146,1159.13968,1256.64972,1362.21945,1466.22953,1312.44779,1335.99927,1127.73949,747.49705,716.09891
2.A,IE,1116.72541,992.3894,932.96809,951.12594,1081.70227,1084.18103,1198.38708,1384.92485,1288.12607,1353.70963,1908.78413,2061.43719,2063.37912,2342.31812,2507.06266,2552.79535,2538.74341,2580.43412,2301.58375,1485.32267,1299.04841,1167.27054,1391.9678,1301.695,1650.45315,1830.36352,1968.40135,2039.85626,2094.54898,2057.86522,1907.43731,2256.94052,2068.37477,1933.88762,1654.32214
2.A,IS,52.25634,48.62778,45.67013,39.65468,37.35307,37.84206,41.75564,46.51907,54.35875,61.40525,65.44983,58.65945,39.31368,32.97581,50.81397,54.98129,62.16809,64.33165,61.80469,28.68528,10.39997,20.14358,0.50936,0.55272,0.54749,0.71654,0.77397,0.90232,0.90521,0.95699,0.895,0.93069,0.9359,0.96927,0.92359
2.A,IT,20720.45281,20682.32929,21476.59804,19076.4424,18591.18957,20239.69047,18575.37203,18844.16662,19106.27717,19903.26411,20749.01863,21531.34925,21554.55674,22429.72986,23186.81857,23304.74855,23361.75482,23781.94432,21498.18326,17249.99068,17341.48929,16713.25048,13775.43949,12281.06206,11685.3335,11291.17416,10691.54934,10871.57437,10992.33095,11005.65705,9862.18046,11149.69137,10154.97371,9757.15366,9402.43185
2.A,LI,,,,,,,,,,,,,,,,,,,,,,,,,,,,,,,,,,,
2.A,LT,2129.61342,2009.92047,1076.57355,498.63351,481.63152,422.4469,403.27305,439.7816,506.23427,418.05324,355.85729,357.64032,352.29426,361.00224,424.00076,443.55588,596.43427,598.1606,520.61373,305.43501,327.54269,380.91959,457.86571,516.12167,464.6455,576.44044,512.23302,492.11078,539.49291,602.24934,579.45406,655.59386,703.43707,514.66349,594.51159
2.A,LU,592.92636,563.6323,577.71805,490.5907,547.82209,494.58175,487.94166,501.00807,495.24335,525.07767,552.00989,488.9617,503.35402,449.75131,489.3241,480.2222,475.73987,472.91811,444.54009,416.93181,432.75143,450.03131,439.58905,415.33178,423.2298,394.3492,416.703,434.6012,432.15086,458.7695,449.67829,382.0172,371.29958,244.8178,166.94839
2.A,LV,537.23816,493.54246,226.26112,61.17473,108.05539,126.57337,138.82595,139.53177,139.70422,173.66896,122.68385,145.16449,154.92978,163.38859,174.50469,165.37783,193.1051,199.62733,198.81199,190.96818,452.95927,569.00331,586.95759,553.7948,571.51161,479.56583,356.11396,447.25475,561.61904,570.82698,560.56421,547.70284,547.48587,537.86181,433.90503
2.A,MT,1.43588,1.50118,1.27411,1.28047,1.55471,1.51041,1.40034,1.53719,0.96344,0.27532,0.21311,0.20115,0.19829,0.12908,0.18222,0.0574,0.17917,0.06664,0.04631,0.11073,0.18458,0.17476,0.90107,2.53767,2.47767,1.88601,1.12506,0.29136,0.20416,0.18278,0.19079,0.15173,0.13158,0.16021,0.14676
2.A,NL,1410.72314,1515.58463,1458.79036,1495.63913,1713.7065,1628.33552,1461.08144,1462.73888,1519.20093,1541.9165,1464.59353,1573.14245,1507.6803,1458.63227,1485.24697,1509.86455,1461.50078,1478.19963,1499.55257,1406.25098,1396.58352,1471.60037,1463.82444,1407.38162,1486.25272,1454.05721,1501.4259,1630.1495,1495.21822,1152.4545,1069.62038,1133.00352,1156.78002,956.92707,957.67174
2.A,NO,730.84002,683.88587,742.67564,928.02821,946.4375,993.32249,994.83809,1059.43526,1038.20732,1005.43052,1016.30307,985.52468,995.25009,1049.03249,861.83824,923.72647,960.27176,1020.30892,1046.3023,1014.16984,1026.10564,1016.8047,1001.17126,1059.25224,1058.66962,990.08108,974.74032,1028.34717,995.3758,1003.03621,966.30364,939.07234,992.13835,822.7154,816.36968
2.A,PL,8855.06067,8243.93895,8442.71892,8098.37452,9627.68758,9738.56536,9314.27517,10007.59844,9565.33285,9333.31136,9444.71027,8108.66277,7831.58581,7938.72777,8669.88563,8355.79184,9533.40026,10803.73887,10380.13794,9100.28464,9849.53892,11390.62581,10020.06044,9416.49138,10100.91388,10088.31348,10393.86294,10953.14235,11649.80032,11848.56217,11736.99166,11915.02061,12214.44195,10336.38694,10178.72113
2.A,PT,3648.30011,3581.04156,3641.11438,3716.01314,3848.84877,4068.33888,4011.2486,4239.1417,4268.45025,4600.08193,4614.70925,4429.87718,4691.47731,4361.3794,4775.87316,4855.98419,4762.32505,4979.38732,4845.71783,3936.50141,4075.56219,3568.12028,3318.63055,3545.68338,3779.28457,3661.78165,3014.44814,3243.62551,3030.83469,2968.24545,2975.33089,2782.2207,2887.98172,2725.33667,2893.02091
2.A,RO,6083.23926,4462.6598,3959.64081,3768.52468,3657.59347,4113.11435,4161.3669,3918.95957,4000.05993,3593.72585,3634.4632,3879.26581,3726.32782,3742.18083,4151.75754,4170.07475,4803.55663,5489.9597,5436.98064,4039.4168,3812.76214,4162.68272,4171.93243,3676.0922,4156.78172,4461.5516,4344.45799,4558.37979,4776.34924,4955.70799,4722.38521,4905.83818,4517.44727,4305.41849,4497.00298
2.A,SE,1672.50302,1536.71293,1452.55688,1474.80178,1562.92921,1689.19648,1615.88334,1528.35827,1656.34873,1642.77767,1767.72463,1810.55606,1828.0881,1741.93084,1821.253,1947.35563,2025.57546,1971.70142,1993.66765,1697.9953,1901.48861,1936.79185,2003.10769,1920.23282,1850.39426,1994.43486,2011.82131,1984.1428,2030.12978,1756.51436,1681.45297,1655.50689,1619.98009,1547.54681,1395.45806
2.A,SI,694.10227,583.97717,508.61056,412.64437,526.71077,542.8847,563.13404,578.4845,592.21179,593.59163,598.42847,622.80285,554.77602,565.87007,587.58806,636.07382,673.84055,705.10118,749.87827,516.87515,479.39167,423.81044,416.819,476.65885,501.3748,452.4309,431.36213,496.5502,540.49234,565.08291,559.70145,567.52671,574.12303,526.71357,528.15306
2.A,SK,2714.0218,1921.54427,2002.05916,1816.14628,1911.42056,2070.94474,2007.07821,2091.09718,2818.75334,2854.08251,2230.10467,2318.89636,2358.46385,2036.94272,2481.71295,2532.95669,2593.23601,2700.47641,2863.53946,2145.72238,1941.17961,2359.34017,2116.99086,2030.22879,2181.08058,2151.36109,2183.44744,2277.13053,2279.54007,2284.9552,2218.72714,2335.45484,2332.70948,1991.90377,1898.01856
2.A,TR,13824.49577,15401.18268,16068.35271,16619.13829,17301.38096,18090.31948,18366.63631,19244.8327,19342.51288,18409.68748,19000.46093,18681.5259,19331.98755,20105.02654,21625.0009,23980.29482,26106.4425,28404.77028,30054.50137,31762.65948,35237.61902,37444.50371,38519.35817,41841.19114,42208.92325,41537.77544,44679.95931,47584.63416,47645.76281,40455.52967,48747.99793,52686.02955,48025.16276,48060.71804,50255.4516
2.A.1,AT,2033.412,2004.981,2105.0,2031.869,2102.255,1631.326,1634.247,1760.917,1598.674,1607.357,1711.556,1719.922,1735.653,1754.471,1790.0,1797.48,1954.142,2130.776,2132.968,1798.59,1622.129,1665.68,1672.547,1656.40531,1638.99107,1701.49683,1728.52667,1710.38874,1826.65575,1770.52315,1821.12323,1888.79707,1831.57175,1542.56147,1423.95117
2.A.1,BE,2823.78288,2880.4642,3088.58049,3082.2614,3178.67026,3255.31028,3008.77069,3161.90774,3174.8276,3113.23257,3270.29903,2957.38873,2993.24657,2933.46982,2837.04753,2933.95309,3111.96868,3087.42303,3032.53291,2795.20248,2582.48625,2761.5523,2642.58735,2541.37442,2642.98243,2348.12607,2435.8,2291.40913,2534.3833,2819.30571,2634.2776,2659.81422,2456.03377,2180.59477,2102.54562
2.A.1,BG,2142.41837,1264.76527,1097.09678,1153.79951,1440.68966,1992.65831,1960.52135,1573.00835,1118.43075,1106.45174,1212.36117,1228.40984,1214.71418,1272.5225,1444.25398,1618.08956,1549.68118,1979.35655,1899.68739,982.97246,807.28693,787.29764,981.29237,891.6332,911.12299,1105.43389,1194.10925,1239.30368,1223.50255,1137.77292,1065.90482,1060.38504,1039.24617,1045.90577,1086.52428
2.A.1,CH,2550.11771,2221.75424,2082.5483,1890.36075,2084.53243,1965.74691,1769.66748,1587.85455,1588.38493,1586.7779,1704.43319,1736.98643,1670.50205,1634.1296,1731.40743,1825.35184,1830.87111,1862.60898,1834.13754,1824.88911,1931.7476,1902.13903,1786.00475,1811.16004,1857.67024,1695.14493,1748.34798,1738.69813,1717.73489,1712.04467,1658.46037,1711.35351,1666.92891,1506.22989,1442.85468
2.A.1,CY,667.66385,628.94141,685.50679,746.87858,783.77556,751.01877,810.85651,780.06581,739.513,740.096,762.708,745.044,765.985,750.984,807.692,788.178,821.001,812.413,818.201,673.105,555.051,546.044,504.536,752.2935,973.7624,877.1273,883.247,922.8772,848.1635,789.2125,882.317,878.807,879.605,938.187,777.856
2.A.1,CZ,2489.1842,2308.9248,2468.4165,2194.5528,2208.3828,2005.014,2116.492,2083.3589,2067.6516,1962.9098,1936.8612,1628.8356,1403.4794,1484.85155,1626.7643,1624.53366,1748.45457,2043.08101,1996.14869,1566.07506,1469.0,1664.53099,1517.14997,1331.78759,1482.72697,1558.16354,1697.59877,1728.26583,1867.54271,1977.23685,1891.02882,1957.8746,1846.96719,1483.0457,1449.96619
2.A.1,DE,15297.2681,13741.151,14443.9999,14531.2538,15340.6274,15562.39684,14811.07759,15274.96911,15544.56385,15771.09211,15252.87781,13504.01631,12822.649,13507.14782,14068.3376,13049.80409,13340.26055,14449.07401,13578.51562,12559.00674,12431.49218,13393.26499,13288.64051,12502.97911,12904.59232,12625.55406,12662.71437,13408.14825,13227.90086,13286.64029,13357.49132,13640.21702,12537.9574,10765.48569,9830.96994
2.A.1,DK,774.722,992.554,1129.344,1142.756,1167.538,1242.614,1312.744,1311.56,1389.83,1354.876,1385.26,1387.852,1416.3,1329.911,1458.926,1363.377,1395.466,1407.086,1154.749,764.407,672.224,861.805,871.083,867.063,887.302,931.502,1095.455,1193.741,1159.742,1129.199,1226.954,1209.83291,1073.48338,981.54314,869.64933
2.A.1,EE,483.03798,478.96295,315.36886,228.11925,330.05491,347.8983,361.46641,396.0682,403.51505,361.04344,373.71848,379.7684,356.32051,335.282,364.80238,372.88313,413.69621,596.71615,602.72154,257.00017,310.43347,416.11936,407.444,399.05024,421.88388,205.61222,185.1813,306.76432,297.76204,295.48505,20.12124,,,,
2.A.1,EL,5761.6943,5715.76651,5861.13804,5875.02806,5916.40894,6356.39239,6374.25099,6407.69472,6383.23512,6366.36369,6536.76318,6565.91925,6313.26654,6368.12861,6363.90078,6791.11516,6599.21818,6406.63147,6053.53337,4581.72258,4208.5967,2430.42611,3099.30335,3638.95674,3821.92549,3467.28083,3772.24081,3685.21028,3419.47328,3360.21487,2977.78418,3166.77761,2904.923,2998.486,2794.03928
2.A.1,ES,12279.0057,11700.77908,10438.31529,9913.55787,11498.99308,12364.55717,12114.61154,12751.53389,13808.94194,14431.60404,14727.62397,15014.36895,15530.16828,16037.50573,16292.14306,16791.77404,16744.74889,16823.91008,14389.49838,11401.95091,11197.40266,9522.6894,8754.20412,7642.35595,8896.821,9216.019,9413.649,9448.701,9667.44597,9064.16806,8191.76425,8471.58741,7714.8219,7479.95865,7302.23508
2.A.1,EUA,95236.58061,88312.96943,86542.01789,81207.32885,86493.25279,89915.97018,86821.29606,88774.13427,90638.80973,92023.94081,93298.41256,91033.93873,90128.77306,91356.17115,95551.65337,96018.69976,98794.53924,103243.79174,96063.32587,78538.56033,76952.11601,75694.6404,71334.58432,67609.41183,70798.26559,70178.3828,70151.65878,72298.22567,73607.94927,73556.09988,70408.30812,72415.58143,67429.04847,61246.88826,58710.08045
2.A.1,FI,729.17915,568.88056,473.45536,361.32337,363.59174,377.93327,381.41763,449.98808,447.84713,478.64405,504.84384,503.63077,484.86641,466.62118,528.84616,542.21246,573.89826,605.46751,619.77412,385.28011,525.7061,557.82764,497.1627,481.77177,468.79711,462.14581,553.24244,603.65803,601.68105,583.48125,569.66659,622.65259,597.07231,444.97694,329.73463
2.A.1,FR,10937.29909,10386.08103,9343.43451,8591.86888,8775.43341,8635.3999,8435.5768,8111.45429,8686.2735,8386.27661,8560.92515,8655.32976,8642.74248,8555.68045,9064.84163,9108.28454,9307.09852,9477.92113,8879.58403,7679.22875,7887.54153,8065.24804,7501.86009,7299.551,6974.6197,6606.09357,6639.023,6483.21834,6701.30027,6806.67191,6197.22945,6494.58981,6396.73185,5608.67724,5303.00712
2.A.1,HR,1086.20255,704.21179,826.60429,682.40388,834.00824,622.62262,682.56573,801.91222,861.14459,1128.59119,1257.00661,1443.27702,1423.54971,1426.93886,1509.99031,1541.94228,1635.07133,1661.51917,1567.79053,1246.97957,1210.21591,1081.9059,1034.71716,1141.02702,1225.0872,1169.2347,1076.50803,1287.25059,1210.71835,1184.11093,1212.94908,1204.84673,1099.07926,1117.77708,994.57327
2.A.1,HU,1750.72414,1101.69593,858.78355,1021.76775,1180.85829,1185.84045,1110.50289,1173.8691,1221.69885,1224.44015,1353.05755,1356.59333,1425.78311,1411.83511,1289.29917,1198.93975,1295.85392,1328.09571,1260.64785,972.70728,735.3508,563.6196,678.42121,515.881,565.71028,675.69344,705.228,783.12922,881.79242,1022.86257,928.78727,1001.50016,814.54569,544.18199,543.3192
2.A.1,IE,884.0,782.0,753.0,729.0,859.0,879.0,983.0,1145.0,1059.0,1166.0,1700.904,1851.19,1859.797,2126.951,2295.081,2357.05522,2347.85117,2374.0563,2106.73327,1326.77577,1105.10895,966.27348,1177.02156,1111.74642,1461.12164,1652.01448,1793.52413,1839.60542,1916.04295,1892.59932,1769.64044,2102.80901,1956.53488,1835.10841,1559.21651
2.A.1,IS,51.56123,47.97951,45.09913,39.05232,36.53843,36.83577,40.81742,45.47194,53.18082,60.39442,64.44204,57.68892,38.26828,32.11273,49.79086,53.94898,61.0477,63.17209,60.82784,28.09702,9.92387,19.64732,,,,,,,,,,,,,
2.A.1,IT,15845.93494,15692.16354,16427.096,14065.2288,13791.22326,15310.15402,13987.54297,14232.61249,14538.38109,15277.30781,15862.11892,16394.48415,16288.77882,16938.40973,17407.93593,17403.21941,17473.86464,17913.98623,16127.2091,13340.68271,13276.01537,12583.28514,10071.46041,8877.18267,8338.58678,8196.15149,7680.49853,7711.49359,7756.71625,7911.51944,7059.19243,7918.82513,7094.66953,6860.36144,6762.24948
2.A.1,LI,,,,,,,,,,,,,,,,,,,,,,,,,,,,,,,,,,,
2.A.1,LT,1668.0725,1549.96741,754.95297,363.90152,381.59519,307.97051,317.54927,366.07182,411.70467,345.8065,292.54134,283.38916,290.49991,292.46288,351.02417,383.313,515.276,524.055,453.817,284.023,289.04477,319.84351,395.1913,460.7892,400.82849,518.31458,452.40085,450.35129,511.32872,578.05518,556.6848,633.486,682.1985,497.70436,575.73862
2.A.1,LU,539.35828,514.96251,520.44547,432.34571,487.18937,434.22806,428.19516,442.13259,443.92441,465.49745,491.55325,428.55617,443.25394,389.21685,427.46961,419.6272,415.40187,410.29111,382.38609,357.91381,370.65643,389.21531,381.11905,371.56368,359.823,329.477,351.368,370.699,369.49206,394.7935,399.13937,350.572,368.935,241.098,139.38599
2.A.1,LV,345.7831,319.70221,141.94858,15.80661,76.60297,94.31967,105.81257,107.69106,104.67734,138.67497,88.3688,109.85682,117.45524,128.84949,136.9203,134.38097,169.23763,171.49161,167.6958,178.05698,430.5672,556.96047,575.08694,540.49953,558.62921,470.31077,346.33972,437.07632,550.93249,561.4578,550.83152,538.55102,540.09228,531.55848,426.38871
2.A.1,MT,,,,,,,,,,,,,,,,,,,,,,,,,,,,,,,,,,,
2.A.1,NL,415.8,497.88,449.0,458.0,463.0,428.0,316.0,376.0,432.0,517.0,469.0,478.0,488.79,433.922,445.866,420.721,399.936,402.967,398.93733,416.2114,348.1863,350.95463,308.087,274.032,282.30261,249.42375,238.9802,297.96852,220.412,6.33662,,,,,
2.A.1,NO,634.26333,591.86366,653.31442,837.91602,845.0,875.0,863.0,922.2,900.082,892.3045,889.7321,852.9602,875.198,904.099,716.396,779.915,804.52035,868.83,832.63741,841.93371,754.02975,748.928,725.425,730.642,727.225,671.513,684.498,765.64029,729.76355,721.71394,724.70667,698.56568,710.26264,594.15979,560.72291
2.A.1,PL,5453.461,5414.315,5538.101,5147.17,6643.182,6666.458,6218.924,6738.931,6334.246,6177.662,6114.182,4956.9381,4670.148,4565.8272,5070.0562,5057.14221,5983.742,7050.407,6692.9931,5757.2379,6221.4942,7379.39438,6384.30071,5874.22791,6456.4163,6341.8083,6529.68473,6996.48789,7655.32803,7692.45249,7690.63645,7365.51782,7662.61012,6601.97566,6519.80194
2.A.1,PT,3176.37412,3271.23303,3135.72146,3195.47332,3292.0184,3462.06078,3387.74139,3560.88918,3536.81153,3827.13143,3809.08772,3626.93969,3910.19323,3616.07247,4003.88555,4087.6298,4000.136,4165.778,4011.64012,3222.52817,3376.28648,2813.21776,2550.35065,2814.23384,3095.9876,2921.23616,2297.05152,2530.62451,2250.86941,2225.10214,2309.65943,2105.91856,2228.54666,2076.77583,2265.38589
2.A.1,RO,4445.29697,3200.74852,2905.96467,2833.43087,2770.90899,3145.84098,3200.03848,3004.93726,2915.94596,2644.77202,2655.95953,2768.3644,2642.09402,2650.04417,2992.09009,3174.80799,3655.5701,4053.97539,4142.6639,3093.07361,2777.8927,3088.84109,3150.25028,2694.53269,2943.94592,3337.46732,3181.00269,3310.25352,3504.82675,3828.01948,3905.03609,3961.85833,3723.3636,3721.39111,3921.1122
2.A.1,SE,1271.95391,1137.05209,1089.03642,1092.10125,1109.46862,1296.1996,1224.91057,1105.40568,1133.43764,1139.19339,1287.70864,1331.58741,1280.32696,1206.00762,1284.42685,1315.10496,1442.26029,1339.47739,1396.01222,1263.16455,1323.67953,1361.02567,1479.02223,1402.11697,1399.25905,1536.9179,1553.613,1484.312,1607.17713,1356.9911,1272.06216,1258.57231,,,
2.A.1,SI,470.45442,416.73954,384.85347,288.68049,382.65184,406.12369,436.07423,441.48696,460.13477,464.52922,490.67388,504.96181,443.47204,451.41144,473.21108,486.73322,511.55673,542.90339,593.0261,421.51477,358.34877,305.82737,315.82008,391.08707,418.28012,367.2079,343.72005,410.23353,450.07792,477.61846,474.8813,468.85535,490.34044,455.30588,462.44787
2.A.1,SK,1464.49707,1038.04606,1306.85351,1028.75012,1115.12485,1154.63257,1100.40629,1214.66882,1822.39934,1827.38764,1190.45249,1209.31503,1165.23969,921.64667,1216.8417,1256.39804,1389.14752,1484.93253,1603.8594,1213.14954,859.91878,1261.79062,1095.9253,1135.27,1266.76,1308.56989,1340.95174,1367.05447,1346.68153,1404.26932,1443.14524,1452.93374,1489.71879,1294.22763,1269.98212
2.A.1,TR,10845.44515,12482.17881,13774.62301,13549.49644,14011.10902,14675.16552,15224.52142,15684.31907,15879.24539,15149.78843,15766.54167,15666.02248,16108.75068,16636.75644,17867.65903,19850.78953,21640.47158,23653.92005,25803.673,28077.54549,31127.68187,32661.4255,32575.77985,35214.77389,35822.56828,35673.56466,38386.69286,40579.48625,40846.53773,34256.27781,42497.21658,46305.55928,42022.09846,42511.49678,44781.6359
2.A.2,AT,456.20326,420.01771,419.31418,424.73045,446.08416,451.99649,443.77683,473.47739,516.02787,513.96327,555.83959,552.98533,585.94127,615.29462,635.39624,618.11047,608.94047,628.06389,655.53172,540.41168,604.09408,636.85055,598.40412,615.45661,616.08067,608.5143,609.13485,608.31739,572.81027,607.85587,579.36108,653.40458,624.09455,582.7768,567.92876
2.A.2,BE,2097.11805,1950.98441,1865.64589,1828.61536,1885.62839,1921.05,1756.00878,1819.21,1894.798,1945.416,2066.5395,2070.0343,2143.61893,2072.15787,2227.58485,2017.69216,2139.36701,2039.99122,2061.03619,1399.2573,1648.32135,1741.46285,1611.90284,1629.16095,1641.59281,1664.57919,1588.85215,1579.2353,1562.95654,1397.24639,1191.67255,1221.97464,1115.01936,991.00834,964.08293
2.A.2,BG,390.49091,257.34119,182.2576,153.62467,146.1109,151.67297,163.40229,133.28986,133.69597,155.44897,253.77621,257.87311,248.79782,276.21402,286.58726,314.62775,360.52181,349.64213,317.93039,171.91177,225.12505,243.57882,194.26197,213.44523,203.54944,204.05694,216.61429,223.52566,251.71966,248.63357,201.2402,255.85023,324.6126,235.376,226.46625
2.A.2,CH,53.3448,49.6248,50.8152,56.3952,52.3032,52.3032,52.0056,46.9464,49.5504,51.8568,57.1392,56.3952,57.3624,58.404,59.3712,60.01997,60.76992,64.85374,64.91623,52.43563,54.22718,56.30666,54.2562,50.57294,51.65338,43.31349,41.42989,43.79764,46.47128,46.79415,47.90035,52.6844,54.61466,50.12298,50.01444
2.A.2,CY,5.33257,4.77968,4.03035,4.4232,5.4126,4.35045,4.03763,4.13802,4.78622,5.02484,5.41187,6.81813,10.13699,9.72449,10.18791,12.06413,9.1956,9.81689,10.39234,8.55031,7.19497,7.1506,3.38942,2.72522,2.44877,2.36001,2.38402,3.17845,5.33476,3.93359,3.10934,3.99325,3.91031,5.96114,6.92289
2.A.2,CZ,1336.64548,844.66022,831.46241,778.67114,806.5332,817.53138,830.7292,852.72556,797.00144,787.46969,828.52956,827.06314,815.33174,807.99962,808.73284,762.81983,758.0151,794.0686,742.01054,625.42984,655.77405,676.43976,597.44081,612.99111,630.90087,611.53786,639.82469,673.52675,749.37386,680.94573,650.79827,667.02435,555.88981,416.56454,397.90928
2.A.2,DE,5986.61933,5354.96959,5405.36108,5568.95479,6051.72427,6159.87594,5718.69227,5777.34964,5566.20909,5509.39056,5681.97137,5425.43954,5373.65457,5408.37539,5399.45651,5286.09984,5367.12648,5533.93052,5526.31997,4399.98533,4865.11091,5026.55305,4712.48696,4807.49754,4969.50195,4875.47199,4835.19794,4775.05551,4831.50252,4549.42436,4180.89024,4625.36332,4437.07123,3830.35489,3979.71964
2.A.2,DK,50.9511,35.85912,42.13607,43.00649,45.24791,40.54181,47.3651,54.175,60.66576,64.53956,53.8464,59.93449,59.60274,53.53357,54.4311,48.84891,51.82675,46.64551,48.04084,32.13345,21.7926,18.81364,25.71395,25.50294,31.78779,24.27342,30.88166,26.1127,24.325,13.5735,9.9028,25.11448,18.31861,8.28936,1.0977
2.A.2,EE,118.8369,132.96891,59.09729,13.4896,11.58301,10.81628,11.1976,12.15089,20.27786,15.01131,12.78027,12.79175,18.21506,19.74237,22.04114,24.06876,26.72318,27.6975,25.33731,15.95083,17.713,23.13984,48.7224,47.32405,34.09488,38.69729,39.25142,55.42157,54.73161,52.81198,40.65173,46.75395,19.27088,18.79098,21.5816
2.A.2,EL,404.0,391.78,379.55,362.95,351.25,362.35,370.07,377.57,414.33,445.77,411.17,394.81,408.84,359.59,359.45,403.16,408.85,468.98,341.76,288.78,229.96,193.0,208.54,181.16,176.46,162.94,173.75,173.15,210.22,199.21,166.95,192.68,176.67897,150.45565,160.87752
2.A.2,ES,1108.92727,1122.86134,1139.56802,1158.44527,1237.76976,1225.88668,1180.4244,1232.62451,1263.40595,1293.09359,1405.9359,1396.13078,1461.5579,1522.51113,1579.91309,1495.20838,1603.28582,1698.63905,1608.94809,1385.25848,1511.41104,1445.17118,1255.47219,1378.59783,1346.60713,1380.31081,1276.93822,1442.73784,1484.8191,1493.85996,1333.83553,1514.56507,1325.11711,1308.80734,1331.59164
2.A.2,EUA,23869.71685,20739.41776,19778.24117,19864.26494,20786.73858,21113.3603,20156.17628,20426.93985,20605.28392,20472.34863,21157.99233,20893.77604,20883.09144,21113.1643,21842.70961,21064.77695,21955.3495,22558.38879,21750.68587,16921.22419,18783.65789,19464.46493,18056.65853,18191.29291,18617.85509,18081.78929,17780.4104,18360.55382,18565.41102,17674.75318,15953.16625,17799.12473,15876.85371,13908.44844,13864.60518
2.A.2,FI,400.67433,397.69793,395.85415,399.59388,412.85948,392.82848,411.42668,372.84657,382.04455,418.06933,441.19049,443.70237,456.72632,522.31028,532.65877,514.5705,557.10834,530.76919,467.85413,385.96627,416.55088,441.56561,406.37011,403.90112,389.11919,359.44053,386.32903,396.51107,309.06967,261.88983,265.40719,309.07823,259.64526,253.44623,187.65692
2.A.2,FR,2711.86896,2637.26326,2293.12636,2305.70371,2532.88493,2510.50468,2488.95778,2483.11183,2559.52454,2548.0131,2583.95913,2413.00183,2368.89377,2427.20011,2475.32481,2337.6841,2497.47941,2438.83739,2448.77326,1993.56496,2210.69096,2280.94992,2194.69364,2428.11241,2375.06124,2208.46628,2086.06748,2109.48524,2245.83666,2216.37938,1967.77062,2301.06724,1917.58544,1622.40491,1782.27424
2.A.2,HR,156.82014,111.24112,76.67482,84.78181,85.21478,83.41105,111.66607,119.59567,121.70817,110.62042,135.7047,159.67101,176.79515,173.57701,181.51886,192.25128,231.93461,240.24624,232.63803,151.9983,130.7786,107.55814,82.12776,74.2564,71.48762,73.39701,63.78812,82.0845,88.94638,92.74119,103.67096,122.98883,111.2918,96.82762,96.08492
2.A.2,HU,613.92823,421.84479,374.56271,351.66046,384.16688,397.46497,345.66154,368.16707,371.19091,401.50198,350.00361,368.30005,268.54743,273.30002,287.01699,298.52112,285.987,277.39881,303.87895,197.2854,199.6249,170.05617,140.07146,131.2459,141.31458,150.59862,126.24344,170.66234,172.63911,144.62094,143.52498,111.43186,104.15994,64.01954,46.72262
2.A.2,IE,214.077,192.228,162.395,204.893,205.428,187.506,198.237,221.891,211.657,170.074,190.431,189.395,190.314,206.256,201.53889,183.477,180.3042,196.7148,187.79568,156.40402,192.4145,199.06051,214.39115,189.63811,188.98298,177.34721,173.89696,198.94329,177.27546,163.65125,135.50522,148.01245,107.49849,96.70463,93.25419
2.A.2,IS,,,,,,,,,,,,,,,,,,,,,,,,,,,,,,,,,,,
2.A.2,IT,1877.41985,1862.40912,1868.66955,1977.30156,1961.50516,2090.20903,1889.64471,1951.64815,1862.68165,1859.36051,2013.14,2144.14721,2132.79517,2280.39584,2390.5528,2455.94289,2496.13114,2452.31205,2306.00117,1644.87351,1931.6342,2069.3193,2010.45075,1874.7356,1920.82089,1731.47626,1745.59417,1895.83003,1961.10963,1870.01676,1693.05571,2007.32569,1823.9212,1779.5799,1580.38784
2.A.2,LI,,,,,,,,,,,,,,,,,,,,,,,,,,,,,,,,,,,
2.A.2,LT,210.27062,213.77141,118.77739,36.62886,28.63053,53.64951,35.67308,29.72516,50.41568,31.43529,22.92107,40.9835,41.18819,44.52182,44.45584,29.43586,48.12104,41.49774,39.34398,5.14869,19.02892,37.47814,35.26774,27.66234,38.88899,36.90451,35.05741,19.72457,1.52665,1.3885,1.91541,1.57238,1.25928,1.50644,1.75069
2.A.2,LU,,,,,,,,,,,,,,,,,,,,,,,,,,,,,,,,,,,
2.A.2,LV,121.91479,93.34116,45.81237,23.4778,20.9858,17.85026,17.45956,17.13034,16.72722,14.87684,13.96829,14.04911,13.80733,13.41757,16.21084,14.12059,9.74257,10.69116,11.96611,6.80167,12.31319,0.08787,0.27671,0.25069,0.41997,0.46195,,,,,,,,,
2.A.2,MT,1.254,1.254,1.254,1.254,1.254,1.31775,1.194,1.25025,0.64125,,,,,,,,,,,,,,,,,,,,,,,,,,
2.A.2,NL,162.68008,159.57156,156.46304,153.35453,150.24601,147.13749,144.02898,140.92046,137.81194,134.70343,131.59491,128.48639,125.37788,122.26936,118.31147,153.47222,135.94287,141.05759,128.56573,152.31949,141.73115,158.32814,149.35773,147.89525,166.40594,128.86365,166.00647,225.53374,180.75564,180.75564,180.75564,180.7558,199.43098,188.561,166.39378
2.A.2,NO,49.8478,47.37865,48.34366,52.33551,56.86889,69.77847,82.15803,81.12518,84.03506,62.30685,65.88528,62.13619,67.75332,90.65482,91.81501,84.46653,88.02553,96.50505,142.40594,138.33971,248.15044,223.54781,226.5164,220.67768,222.51,221.333,218.63242,214.86632,206.94863,200.41111,189.85825,206.03717,251.69474,204.48582,235.39462
2.A.2,PL,2461.02966,1917.44552,1979.84653,1973.49228,1944.31036,1964.81197,1890.68134,1926.43389,1812.85035,1729.39924,1725.25639,1544.13559,1470.31821,1512.13367,1637.41051,1310.15475,1468.63619,1605.25097,1471.86234,1255.47289,1349.64136,1542.4321,1351.76517,1274.48698,1372.05062,1494.96644,1447.59269,1479.63873,1425.67921,1406.94053,1325.54718,1456.96613,1343.56086,1036.96299,1049.92695
2.A.2,PT,206.15762,24.22731,199.05419,230.08208,236.52706,263.88397,281.54637,289.55646,321.2043,333.68283,343.62691,343.3701,324.50048,300.158,305.15234,304.66909,296.16269,324.05528,332.62882,284.5727,310.60834,349.8322,332.57086,327.9409,346.34896,351.25598,339.67879,352.65191,414.5715,409.57574,383.34494,386.63188,370.8106,376.42409,369.37264
2.A.2,RO,1449.68869,1110.28503,927.47731,832.10079,777.83984,844.10018,833.3774,805.14961,984.69529,881.91709,890.23794,1011.13408,966.03694,966.48598,1039.45915,908.89156,1013.32624,1221.51085,1073.23865,776.29282,841.07398,835.26503,720.83944,699.14211,911.79912,781.50555,787.31514,838.13524,868.13689,760.72168,518.78138,584.77052,453.96598,325.4901,325.2353
2.A.2,SE,331.6024,332.08299,294.98825,317.61992,375.85083,310.86064,317.4456,346.47985,444.92098,440.52342,400.12512,397.47502,460.2821,447.75911,450.23107,545.6017,492.76781,538.94987,512.21415,368.0417,498.94504,497.23024,456.1523,479.5028,415.07266,420.06378,427.80118,464.89476,388.21062,372.61703,388.27392,374.93166,,,
2.A.2,SI,200.29038,143.48074,99.78102,98.32437,116.53258,108.52097,99.05269,110.26604,106.42702,102.00388,83.30186,89.24138,82.89254,86.83456,85.54818,121.32024,134.43677,123.40396,109.98771,70.99301,90.24064,90.72805,73.99329,58.52467,56.25563,60.0007,60.59072,58.41524,61.20708,56.72288,56.55377,66.91144,51.3224,43.07298,40.41648
2.A.2,SK,794.91523,605.05165,455.08158,537.08492,565.15813,593.23135,564.41936,506.05663,549.58489,561.0395,556.73026,602.80283,678.91892,591.40189,693.53814,711.96381,773.41639,818.21759,786.62976,603.81978,651.88417,672.41322,631.99574,560.13616,570.80241,534.29901,521.61958,507.78198,522.65321,489.23687,430.64759,539.95674,532.41804,475.06295,466.95039
2.A.2,TR,2248.72748,2183.45592,1453.76692,2132.89809,2393.76792,2356.85177,1961.37381,2244.79595,1997.24618,1863.94529,1645.41168,1519.50555,1619.51641,1704.16838,1819.3233,1924.87273,2083.27489,2280.40336,1919.76782,1605.41155,1710.98592,2031.02051,2614.50052,2486.10231,2507.28353,2428.62413,2660.33196,2683.97564,2786.84254,2564.6834,2807.15254,2750.93993,2272.28796,2008.64571,1781.86523
2.A.3,AT,38.51013,44.32277,39.2202,39.25489,42.02356,42.04491,42.04491,39.21025,39.21025,43.00884,36.27141,42.60259,37.63869,42.4622,27.69209,35.311,37.146,40.052,44.069,40.623,40.096,36.479,36.812,39.04676,37.10417,40.00318,38.26381,38.38848,38.29338,41.13865,39.22466,35.73172,34.95474,34.66256,34.83885
2.A.3,BE,262.6189,213.7466,236.38618,231.54532,251.93177,268.03642,263.91655,259.10255,262.74904,229.47488,241.69591,246.58737,264.14554,248.93366,256.15337,275.17658,273.77194,265.41771,270.45427,206.19135,228.83976,233.21426,188.43787,167.88845,159.56238,167.79932,170.05183,164.1982,157.79325,135.24994,108.35249,155.77828,148.73386,142.16066,127.9982
2.A.3,BG,138.24277,97.95658,82.07273,92.49463,117.4205,163.71811,158.11386,122.94915,40.96507,24.5961,24.78397,33.72956,31.53129,30.52426,40.10411,45.28069,57.45881,64.21296,68.33446,54.20703,57.11496,70.34805,64.61949,62.53643,68.64185,80.40681,84.01004,85.77984,79.40149,76.0601,84.83134,100.03147,90.77205,76.85179,77.68957
2.A.3,CH,15.25141,14.14688,12.38432,11.42102,10.53191,11.14834,6.17564,6.88218,7.57237,8.52693,9.53556,10.32413,6.55918,6.77032,7.38351,8.73738,5.82717,7.57853,7.83579,6.92509,6.91209,6.5237,7.62027,5.74812,5.65015,6.64974,5.81125,6.31911,7.22176,6.82489,5.61769,4.88103,4.52455,3.98993,2.37402
2.A.3,CY,,,,,,,,,,,,,,,,,,,,,,,,,,,,,,,,,,,
2.A.3,CZ,142.75334,122.39584,120.76834,117.14288,126.65449,96.04771,101.01172,111.9787,116.82727,120.29052,138.18403,138.87668,155.73121,163.46582,191.86454,190.94101,202.02343,194.86603,175.37943,153.457,127.78253,113.83771,128.09323,126.24716,135.2259,151.95884,138.06199,155.01391,147.67991,143.59868,138.82655,143.91969,145.86775,132.49506,131.66149
2.A.3,DE,780.48016,821.37596,810.61028,778.10401,747.22528,881.30626,853.39541,833.77085,803.41137,822.23627,846.30028,846.28855,800.50063,788.72612,791.14958,802.74576,842.22823,898.54759,891.21527,808.76139,875.61344,887.70908,823.34087,860.87057,895.7356,870.10695,874.50272,882.71347,898.40921,866.17074,856.42978,909.29677,916.11382,784.69181,763.49155
2.A.3,DK,16.476,16.044,14.837,14.448,15.285,14.405,14.393,14.4583,18.3887,18.0371,16.0209,16.1616,15.3153,13.6812,13.5102,12.8393,12.968,14.3152,15.1307,9.2032,9.3318,9.4788,9.6909,7.0043,8.0045,8.8769,9.0012,8.66062,10.3522,9.763,9.7564,11.20675,10.65487,10.29877,9.10549
2.A.3,EE,1.2285,1.2,0.7854,2.29981,3.33998,4.03162,3.41959,5.67981,7.45196,6.45256,7.39053,7.32924,8.74699,8.93916,9.2236,8.11288,9.3218,10.53657,8.67728,7.65632,9.65787,10.85908,9.79819,11.40474,7.73598,10.01117,9.36484,9.77718,9.5905,10.40039,9.03251,11.04518,10.17585,9.85015,8.02326
2.A.3,EL,20.19834,18.64565,14.55862,14.92479,16.24788,17.56147,18.87506,20.18864,21.50223,22.81581,24.1294,25.43346,25.55875,22.04442,20.68007,18.15756,14.49524,17.37538,17.15455,13.33201,15.16254,11.39704,15.591,16.64897,16.81727,16.31477,16.69672,17.60277,17.2071,16.79579,16.58031,16.68188,17.949,15.85157,2.25861
2.A.3,ES,374.49126,377.95356,386.24201,388.0821,433.76083,437.60109,448.95958,474.97426,489.63292,504.12325,544.47574,580.24656,602.48068,570.55343,572.04878,560.71465,571.02239,560.41399,514.02088,439.51102,471.22515,473.87,464.37074,474.37308,471.07339,472.79559,470.74649,471.79044,480.07372,502.20783,440.14067,463.48997,450.76123,402.342,371.45688
2.A.3,EUA,3845.19874,3731.18882,3671.89249,3562.58364,3768.08604,4027.94429,3995.085,4037.44883,4013.63373,3939.01885,4153.76936,4208.83782,4258.03957,4242.90336,4284.88678,4343.17967,4406.54747,4533.58235,4321.08617,3735.08241,3856.05481,3948.74194,3775.71066,3729.96749,3790.29373,3800.68625,3799.37983,3898.99169,3960.86347,3969.1735,3788.22354,4059.76593,3921.13429,3576.0733,3378.73264
2.A.3,FI,20.97789,18.24397,20.49931,18.18805,19.10135,19.54376,21.70189,15.55772,15.77451,20.80205,21.45791,24.04888,22.46759,23.57565,20.944,20.36316,21.17945,22.37022,18.91158,9.44132,1.59269,1.79528,1.61763,2.0295,2.57369,2.07933,2.12442,2.5651,2.93261,2.02189,1.60349,1.7985,2.01698,1.45819,1.52701
2.A.3,FR,801.67049,793.7425,783.29814,711.9553,748.49779,788.64686,773.94399,804.28528,800.68111,784.36596,782.09971,757.29214,819.2318,756.69344,713.36811,694.74077,696.06998,684.64468,609.36255,516.0395,544.53701,583.99644,522.62539,510.1067,495.99964,498.78322,494.03145,535.55871,561.69124,539.96734,468.90763,514.67894,497.62702,416.95516,362.75052
2.A.3,HR,43.21563,38.4971,21.0592,21.1572,28.43506,27.59336,26.45918,22.19575,26.93688,24.49294,23.75537,26.56774,27.34136,32.09632,36.87075,38.67461,34.02459,30.23484,31.12205,32.59509,36.14946,32.54096,29.63621,29.48118,30.4831,30.6836,32.62197,31.89719,30.49759,29.4036,25.62491,28.85339,30.43043,31.27736,22.05398
2.A.3,HU,76.76874,52.99205,55.61018,63.12169,72.22107,76.22134,88.57903,85.11229,82.69131,63.38527,76.16046,77.01218,78.92187,74.79668,72.1256,73.49751,75.47037,76.30759,63.14618,54.07991,50.85325,50.97612,54.58893,52.6309,53.58655,50.35914,51.03161,48.20223,43.53374,49.34011,43.19525,39.66942,32.52424,16.68192,13.86534
2.A.3,IE,13.32518,13.05568,12.58718,12.51968,12.30718,11.96568,11.62518,11.46468,11.04918,10.95668,10.71438,10.13601,5.13075,0.55323,0.58013,0.48088,0.48668,0.455,0.30709,0.01737,,,,,,,,,,,,,,,
2.A.3,IS,,,,,,,,,,,,,,,,,,,,,,,,,,,,,,,,,,,
2.A.3,IT,453.4734,477.21312,469.48428,472.51692,503.33988,511.07712,498.1542,517.65204,558.11928,557.11656,611.19661,631.13284,614.50613,676.91782,713.97654,767.67581,742.16742,756.0501,708.76436,610.85681,558.87992,584.26097,546.71509,545.53094,561.50485,533.60389,512.0732,551.83219,603.93764,596.74284,568.92855,614.06583,592.38644,583.51386,534.25314
2.A.3,LI,,,,,,,,,,,,,,,,,,,,,,,,,,,,,,,,,,,
2.A.3,LT,11.73813,12.40376,9.49728,5.9797,4.97507,14.40595,13.57904,13.51499,13.41079,13.33273,15.38702,15.20713,9.48666,10.41264,11.18886,10.21916,7.27928,6.78812,7.00186,5.10579,4.16007,6.52749,7.2755,8.13316,7.40799,6.41725,6.97193,5.65217,7.29108,7.99649,7.4917,7.46163,6.91514,5.87742,6.96966
2.A.3,LU,53.56808,48.66979,57.27258,58.24499,60.63272,60.35369,59.7465,58.87547,51.31894,59.58022,60.45664,60.40552,60.10008,60.53446,61.85449,60.595,60.338,62.627,62.154,59.018,62.095,60.816,58.47,43.7681,63.4068,64.8722,65.335,63.9022,62.6588,63.976,50.53892,31.4452,2.36458,3.7198,27.5624
2.A.3,LV,0.35552,0.37161,0.3858,1.5168,2.33056,3.40338,4.4208,3.14347,3.80563,4.38649,5.93483,5.98057,7.24299,6.45902,6.02561,5.70739,2.68499,4.45105,4.04221,2.62261,4.49068,4.3433,3.77351,3.29569,0.94967,0.47924,0.61577,0.73025,0.74816,0.57489,0.68425,0.71704,0.69956,0.91609,1.19403
2.A.3,MT,,,,,,,,,,,,,,,,,,,,,,,,,,,,,,,,,,,
2.A.3,NL,142.35,140.1957,138.04139,135.88709,133.73279,131.57848,129.42418,127.26988,125.11557,122.96127,120.80697,118.65266,116.49836,114.34406,112.18975,110.03545,106.64999,108.11551,104.27646,96.40773,97.91753,104.23938,97.31128,84.08173,86.3508,95.27426,95.594,79.728,71.232,69.116,63.761,67.954,66.579,67.88,57.238
2.A.3,NO,5.57618,5.57618,5.8312,5.23127,5.68189,5.58914,5.83916,6.01908,5.81497,5.00982,5.39028,6.01023,5.25891,5.14888,5.64281,5.00137,4.30105,3.92073,4.45562,4.08996,4.15239,4.69836,4.73753,5.31619,5.39196,6.75368,6.63584,6.61521,7.36581,7.95177,7.35242,7.99002,7.72761,8.29106,6.18974
2.A.3,PL,169.28,163.68,155.00848,162.42512,173.25248,184.09552,190.41632,217.82304,244.40992,238.6232,256.85488,252.66912,267.71952,282.51248,316.20672,305.73552,330.0752,347.46976,364.116,345.6,380.32,396.48,424.32,425.008,437.0945,434.41149,471.10291,494.38774,486.16818,558.51634,597.90526,629.84082,588.30442,576.63491,582.05406
2.A.3,PT,68.88417,75.52659,81.90432,76.1892,91.58032,95.55186,93.07591,111.96815,121.78331,133.03368,135.76195,135.68886,132.96054,141.4142,142.51702,156.59187,157.78497,176.74709,168.58202,139.61575,132.03749,130.9989,155.82753,157.82643,156.92632,167.26254,159.19881,154.26505,156.61996,159.62226,155.90966,160.0305,157.43706,158.76691,144.69625
2.A.3,RO,149.944,122.666,100.615,80.96,87.591,97.323,104.527,87.511,78.507,45.332,61.846,64.243,63.942,81.571,59.959,46.902,45.281,74.846,77.286,61.475,68.34,65.308,62.383,62.288,55.897,58.521,56.644,53.391,50.818,42.409,55.25461,66.97454,70.73942,61.40943,63.17132
2.A.3,SE,53.50399,47.69013,46.4563,46.44427,56.81805,59.83039,51.28735,56.38336,57.49075,42.60883,60.85708,60.59442,60.61246,60.78523,59.83754,59.98816,63.90516,64.67658,63.58504,47.47295,57.14413,56.89677,48.73414,17.57873,17.2292,17.59649,15.67193,17.15594,16.049,16.45393,15.54849,15.12864,15.89197,16.11196,12.81677
2.A.3,SI,3.26412,2.64987,2.66229,2.53519,3.07544,3.59429,3.95275,2.4612,3.41276,7.85864,8.40639,8.87015,8.81138,8.46888,10.44531,9.65497,10.65258,10.8784,10.55293,8.59897,9.56853,10.5443,10.22217,8.96396,8.72078,10.13789,10.83506,10.60362,11.86473,13.48731,11.30596,14.26827,14.89993,13.14513,10.01539
2.A.3,SK,7.88,9.95,12.03,14.646,16.306,18.007,20.062,19.918,18.988,19.147,22.821,23.081,21.417,22.438,24.371,33.038,32.062,41.183,23.44,13.1933,13.145,11.825,11.456,13.224,12.26181,11.93119,14.82812,15.19539,16.01998,18.16037,18.38915,19.69748,16.33492,12.52079,12.04089
2.A.3,TR,111.68315,111.5227,112.01121,110.83823,112.74382,120.03555,141.00204,171.42718,178.29092,166.62039,199.55606,224.52695,226.76109,262.1792,259.44959,280.94149,269.13176,292.44286,380.53892,299.84243,402.23949,464.60399,467.36331,476.99022,520.38503,528.18933,589.45343,687.64642,664.61321,735.97725,698.88698,809.3958,875.88577,782.19604,867.79596
2.A.4,AT,610.27558,525.58302,475.64735,467.20774,464.67668,566.4796,517.01094,534.89126,491.93482,485.88031,471.55053,474.18501,509.71151,443.24012,477.71801,452.50204,455.9674,472.71923,452.091,348.87839,407.15768,458.221,407.709,419.22421,438.13583,402.90519,420.85434,449.68993,479.02257,405.67929,397.49593,462.01031,426.44801,404.71489,415.34957
2.A.4,BE,136.29881,153.26781,115.39781,152.91179,159.59479,251.33937,242.64148,234.63181,220.35463,224.59079,223.15923,212.21035,187.16295,191.77417,214.75394,238.78873,241.72321,242.33414,246.78009,211.93666,160.66874,182.61947,174.01615,167.43149,171.59936,201.61446,182.37604,187.66875,185.42549,198.09096,197.80412,221.9125,212.91053,174.77339,138.22888
2.A.4,BG,606.70411,445.54602,385.31455,369.90611,392.64654,423.27214,407.65258,287.82734,255.44309,161.97771,138.32439,134.48364,225.61284,179.27045,218.34777,218.40147,362.80284,432.17523,528.65608,537.24971,722.26048,852.54527,816.66377,773.73356,821.97246,995.76874,1013.47464,972.87115,923.89887,895.21686,928.78992,932.62959,1195.89237,644.60172,649.13855
2.A.4,CH,160.32946,156.42751,152.79538,148.95161,145.36961,142.2274,138.21176,134.51313,131.59576,128.51277,125.78911,123.7942,115.7713,113.44171,132.24781,142.43543,135.72645,128.88616,113.99273,90.68241,112.51541,103.34763,102.70575,87.38539,94.65395,85.05258,83.74005,80.31569,74.34822,70.62078,64.74532,67.85595,67.97203,62.93311,58.79507
2.A.4,CY,44.076,42.4931,37.105,43.8791,38.576,39.0934,37.572,35.0575,32.5454,37.0763,34.6279,34.8174,42.8773,60.7574,67.0671,60.2315,72.176,76.0896,72.4107,45.0818,27.736,18.6329,19.7178,10.1649,9.5811,8.6374,10.7846,12.8582,14.73906,21.24241,16.72378,14.18681,16.8709,16.13305,16.92591
2.A.4,CZ,113.862,89.9828,85.35771,105.48597,108.31185,100.49231,199.10309,387.4963,617.92526,682.81816,729.79187,727.63869,689.62039,709.23399,703.0501,767.45687,737.01337,794.57445,761.1844,730.5978,795.86042,901.98655,849.71651,841.49205,801.0454,762.58008,744.78297,741.62217,740.56644,640.69653,537.78901,675.13689,730.70198,563.74446,496.06468
2.A.4,DE,1458.00941,1432.28414,1475.08308,1652.56317,1993.52613,1883.84231,1696.82323,1714.67069,1686.43445,1608.0836,1484.64314,1275.51882,1150.69446,1174.51145,1147.41358,986.87933,1050.17422,1032.06132,889.49739,734.10822,804.9655,871.46154,841.24851,902.02314,868.2539,850.17942,855.8455,867.6353,849.67005,867.00705,806.88561,819.99378,836.19169,584.06553,505.61094
2.A.4,DK,76.8438,83.03151,87.55909,91.57252,122.16704,118.54783,154.49511,159.71363,153.95962,160.43299,153.96498,144.50475,136.70054,126.24354,123.07366,130.85276,148.39854,138.69104,104.72057,75.66931,83.99283,76.59004,60.32642,65.44393,69.74423,57.64208,70.95279,82.31819,89.43764,77.80502,73.06639,84.43756,72.94084,60.08583,58.8546
2.A.4,EE,,,0.00668,0.0334,0.05122,0.05122,0.02895,0.00757,4.7613,4.96647,5.98539,7.59241,7.72278,8.86872,9.32346,8.52221,10.94086,10.85179,7.38815,0.53154,0.70512,2.07249,203.13938,236.51508,0.56948,8.52017,3.40656,2.7105,0.95332,0.52738,0.50893,1.03071,3.19623,3.54926,4.73157
2.A.4,EL,589.52905,570.38146,520.70818,477.32457,418.80342,449.80228,413.59037,450.16582,475.73665,450.31197,520.65718,563.43054,564.79628,599.19619,612.98149,714.33038,613.24827,578.58223,545.45691,437.48904,466.92561,473.73756,414.73865,333.43291,344.17523,310.19907,308.97867,370.75864,360.73634,355.26111,207.56698,245.01857,231.33102,201.36805,176.4074
2.A.4,ES,1357.56495,1269.10631,1173.29589,1141.58605,1276.32643,1488.92646,1524.35334,1598.81996,1750.01095,1923.84698,2085.74484,2136.86599,2238.96632,2305.10928,2454.85729,2580.20905,2746.11224,2409.22959,1897.41759,1107.55759,1029.43887,1237.07643,1091.78538,905.50694,990.04787,1074.10384,998.47726,1041.29651,1037.91397,933.47072,843.66848,888.52476,794.30025,714.5275,718.41714
2.A.4,EUA,11044.18645,10460.29006,10106.40819,10122.5943,10625.51367,11109.67036,10847.80258,11128.31992,11593.23376,11605.17047,11845.64199,11979.98311,12289.97425,12522.01218,13236.07613,13435.75382,13689.32297,13582.55402,12668.77917,9931.93536,10545.7724,11391.14,10649.32964,10092.95673,9828.46264,9973.83455,10036.63664,10248.13476,10348.19394,9879.39978,8987.10477,9811.34452,10147.03696,7865.56619,7514.19499
2.A.4,FI,67.46578,65.32286,62.31831,78.47291,102.92195,83.4461,99.44649,104.75805,110.3106,112.4971,112.95546,113.10506,120.25068,115.07463,106.91384,98.98921,117.93747,136.68972,120.91639,128.97416,223.90472,256.23747,215.89113,174.2492,172.45549,143.16426,143.14469,132.87387,148.07292,125.13309,110.48977,83.64636,81.72786,65.09775,67.44885
2.A.4,FR,487.05328,468.53042,477.27049,494.51048,481.97198,494.7669,466.82418,485.697,494.40761,421.49002,409.24809,450.32866,442.82544,398.48534,523.89149,476.37431,475.34668,520.07084,427.52363,359.52373,376.58726,404.42121,375.45923,382.34026,387.67321,373.00248,374.74375,372.54348,426.95673,452.00438,419.56927,430.49977,456.54572,384.61617,368.631
2.A.4,HR,11.32227,6.82079,6.17845,6.28097,6.05105,6.12898,6.07825,5.01741,4.62714,4.82185,9.9798,15.06062,17.72265,19.5114,19.77226,37.03474,37.70536,34.71305,36.78853,23.83715,26.56918,33.56325,26.75098,26.45747,27.05227,33.03914,28.38557,24.37588,28.25346,18.68278,17.09901,15.56805,14.6711,13.41983,12.87825
2.A.4,HU,448.69235,323.19603,250.80024,284.83564,301.21147,342.37089,302.14101,302.55693,317.56735,297.75556,216.63632,197.74784,283.10717,357.61877,408.07149,512.12947,512.72024,504.32656,476.00976,287.75127,273.33096,289.39752,275.26522,268.52591,249.96166,261.32026,276.63664,254.65592,264.25418,249.40591,196.94029,183.39783,176.50962,122.6136,112.19175
2.A.4,IE,5.32323,5.10572,4.98591,4.71326,4.96709,5.70935,5.5249,6.56917,6.41989,6.67895,6.73475,10.71619,8.13738,8.55789,9.86264,11.78225,10.10136,9.20803,6.74771,2.12551,1.52496,1.93655,0.55509,0.31047,0.34853,1.00183,0.98027,1.30755,1.23057,1.61466,2.29165,6.11906,4.3414,2.07459,1.85144
2.A.4,IS,0.69511,0.64827,0.571,0.60236,0.81464,1.00629,0.93822,1.04713,1.17793,1.01083,1.00779,0.97052,1.0454,0.86308,1.02311,1.03231,1.12039,1.15956,0.97685,0.58826,0.4761,0.49626,0.50936,0.55272,0.54749,0.71654,0.77397,0.90232,0.90521,0.95699,0.895,0.93069,0.9359,0.96927,0.92359
2.A.4,IT,2543.62462,2650.54352,2711.34822,2561.39512,2335.12127,2328.2503,2200.03016,2142.25394,2147.09515,2209.47924,2262.5631,2361.58505,2518.47662,2534.00646,2674.3533,2677.91044,2649.59162,2659.59594,2356.20863,1653.57764,1574.9598,1476.38506,1146.81325,983.61284,864.42098,829.94252,753.38344,712.41856,670.56743,627.37801,541.00377,609.47472,643.99654,533.69846,525.54139
2.A.4,LI,,,,,,,,,,,,,,,,,,,,,,,,,,,,,,,,,,,
2.A.4,LT,239.53216,233.7779,193.34592,92.12342,66.43073,46.42093,36.47166,30.46964,30.70312,27.47872,25.00786,18.06053,11.1195,13.60489,17.33189,20.58786,25.75795,25.81974,20.45089,11.15753,15.30893,17.07045,20.13116,19.53697,17.52002,14.8041,17.80283,16.38275,19.34647,14.80917,13.36215,13.07384,13.06415,9.57527,10.05262
2.A.4,LU,,,,,,,,,,,,,,,,,,,,,,,,,,,,,,,,,,,
2.A.4,LV,69.18475,80.12747,38.11438,20.37352,8.13606,11.00006,11.13301,11.5669,14.49403,15.73067,14.41194,15.27799,16.42422,14.66251,15.34794,11.16889,11.43992,12.99351,15.10786,3.48692,5.5882,7.61167,7.82043,9.74889,11.51276,8.31388,9.15848,9.44818,9.9384,8.79429,9.04844,8.43478,6.69403,5.38724,6.32228
2.A.4,MT,0.18188,0.24718,0.02011,0.02647,0.30071,0.19266,0.20634,0.28694,0.32219,0.27532,0.21311,0.20115,0.19829,0.12908,0.18222,0.0574,0.17917,0.06664,0.04631,0.11073,0.18458,0.17476,0.90107,2.53767,2.47767,1.88601,1.12506,0.29136,0.20416,0.18278,0.19079,0.15173,0.13158,0.16021,0.14676
2.A.4,NL,689.89307,717.93738,715.28593,748.39751,966.72771,921.61955,871.62828,818.54855,824.27342,767.25181,743.19165,848.0034,777.01407,788.09685,808.87975,825.63588,818.97193,826.05952,867.77305,741.31236,808.74854,858.07823,909.06843,901.37264,951.19337,980.49556,1000.84523,1026.91924,1022.81858,896.24624,825.10374,884.29372,890.77004,700.48607,734.03996
2.A.4,NO,41.15271,39.06738,35.18635,32.54541,38.88673,42.95488,43.84091,50.09101,48.27529,45.80935,55.29542,64.41806,47.03986,49.12979,47.98442,54.34357,63.42483,51.05314,66.80333,29.80647,19.77306,39.63052,44.49234,102.61637,103.54266,90.48141,64.97405,41.22535,51.29782,72.95939,44.38631,26.47947,22.45336,15.77873,14.06242
2.A.4,PL,771.29,748.49843,769.76291,815.28712,866.94274,923.19987,1014.25351,1124.41051,1173.82658,1187.62691,1348.417,1354.91996,1423.40008,1578.25442,1646.2122,1682.75936,1750.94687,1800.61114,1851.1665,1741.97386,1898.08336,2072.31933,1859.67456,1842.7685,1835.35246,1817.12725,1945.48262,1982.62799,2082.62489,2190.6528,2122.90277,2462.69584,2619.96655,2120.81338,2026.93819
2.A.4,PT,196.88419,210.05464,224.43442,214.26854,228.723,246.84227,248.88493,276.7279,288.65111,306.23399,326.23268,323.87853,323.82306,303.73473,324.31825,307.09343,308.24138,312.80696,332.86687,289.78479,256.62988,274.07142,279.88151,245.68221,180.02169,222.02697,218.51902,206.08404,208.77381,173.94532,126.41684,129.63976,131.1874,113.36984,113.56613
2.A.4,RO,38.3096,28.96025,25.58383,22.03301,21.25364,25.8502,23.42402,21.3617,20.91168,21.70475,26.41973,35.52433,54.25487,44.07968,60.2493,39.4732,89.37929,139.62746,143.7921,108.57537,125.45547,173.2686,238.45971,220.1294,245.13968,284.05772,319.49617,356.60003,352.56761,324.55783,243.31313,292.23478,269.37826,197.12783,187.48415
2.A.4,SE,15.44271,19.88773,22.07591,18.63634,20.7917,22.30585,22.23983,20.08938,20.49936,20.45204,19.03379,20.89922,26.86658,27.37888,26.75754,26.66081,26.64221,28.59759,21.85624,19.3161,21.71991,21.63916,19.19902,21.03432,18.83335,19.8567,14.73521,17.78009,18.69304,10.4523,5.5684,6.87428,5.47092,4.28029,3.05448
2.A.4,SI,20.09336,21.10702,21.31378,23.10433,24.4509,24.64574,24.05436,24.2703,22.23724,19.19989,16.04634,19.72951,19.60007,19.1552,18.3835,18.36539,17.19447,27.91543,36.31152,15.76841,21.23373,16.71072,16.78346,18.08316,18.11828,15.08442,16.2163,17.29781,17.3426,17.25426,16.96042,17.49165,17.56025,15.18959,15.27332
2.A.4,SK,446.7295,268.49657,228.09407,235.66524,214.83158,305.07382,322.19056,350.45374,427.78112,446.50837,460.10092,483.69749,492.88823,501.45616,546.96211,531.55684,398.6101,356.14329,449.6103,315.55977,416.23166,413.31134,377.61382,321.59862,331.25637,296.561,306.048,387.09868,394.18535,373.28865,326.54516,322.86687,294.23773,210.0924,149.04516
2.A.4,TR,618.63998,624.02524,727.95157,825.90553,783.76021,938.26664,1039.73904,1144.29049,1287.73039,1229.33338,1388.95152,1271.47092,1376.95937,1501.92253,1678.56898,1923.69107,2113.56426,2178.004,1950.52163,1779.86002,1996.71173,2287.45371,2861.7145,3663.32473,3358.68641,2907.39733,3043.48105,3633.52585,3347.76932,2898.59121,2744.74183,2820.13454,2854.89057,2758.37951,2824.1545
2.B,AT,674.13818,706.63349,701.20224,714.96206,638.43647,666.35843,662.60235,663.02206,664.96742,666.37766,664.37404,633.81966,630.91556,659.90136,656.09996,653.14229,661.70859,601.71629,654.30453,584.44578,671.18194,672.57953,649.7376,619.93309,696.4673,661.9753,708.14489,665.89862,546.97043,718.65174,683.05073,636.34785,583.62298,557.46312,451.20712
2.B,BE,2590.30621,2557.52483,3187.11176,3207.17025,4100.83333,4472.05969,4816.00797,5567.15113,5776.45882,6109.94063,6422.51952,6059.1009,5595.28399,6322.4718,6626.06299,6923.51165,6375.17275,6259.05594,6139.15377,5484.68793,6075.7111,6272.42299,5925.11684,6623.52135,6665.41866,7111.14182,6883.71156,7091.35705,7158.28749,6478.42925,6297.7283,6254.15341,5933.10338,5476.87755,5813.25416
2.B,BG,3282.73051,2771.84584,2134.11861,2005.73845,2291.60911,2842.0223,2993.31194,2639.5881,1821.41029,1428.76059,2075.01928,2104.39226,1598.30493,1633.64366,1797.6806,1897.71849,1674.52685,1785.19419,1747.17651,1044.19382,1244.69892,1600.91963,1319.17569,1349.19496,1479.10784,1663.63654,1723.49953,1651.91301,1339.9332,1120.05481,945.73421,1174.40001,937.42428,958.48692,979.26976
2.B,CH,126.78423,125.13845,126.69396,127.58438,127.2474,104.45021,129.79283,142.48049,128.96398,125.76874,134.54408,129.42915,131.72374,120.64628,143.08795,128.20616,137.43433,128.71873,134.94853,112.93065,138.46525,127.77599,128.24523,121.20478,121.28801,137.08099,149.29634,130.79214,143.06856,142.11408,134.14856,151.07451,138.45778,133.84378,120.75682
2.B,CY,,,,,,,,,,,,,,,,,,,,,,,,,,,,,,,,,,,
2.B,CZ,1783.26717,1533.29272,1664.92145,1626.12612,1923.09228,1725.66758,1854.98815,1813.99934,1861.45212,1802.28286,1852.80363,1726.91347,1536.02947,1731.29717,1941.46375,1787.96763,1705.77137,1537.29067,1951.12086,1814.25908,1921.17577,1766.52604,1855.41698,1760.92299,1989.47646,1679.87836,1222.11934,1957.77096,1812.75418,1807.09377,1442.193,1907.8692,1843.46975,1557.33806,1499.15931
2.B,DE,8057.63154,7069.47719,7049.17073,6635.63113,6665.41887,7924.17923,7889.19694,7992.76791,8171.55257,7888.20718,8403.73475,7758.98482,8371.13028,8432.42057,7942.83196,8707.53941,8275.50426,8576.89323,8194.103,7271.85924,8259.17684,8035.10884,8185.8987,8107.35043,6236.58786,5564.13125,5641.06097,5613.73666,5535.96771,5403.32823,5380.58989,5337.25784,4288.12295,4066.80511,4432.81503
2.B,DK,0.57025,0.60313,0.63602,0.6689,0.70179,0.73469,0.77833,0.85883,0.72339,0.84495,0.877,0.96125,0.98808,0.83957,0.89578,1.06164,1.4579,1.3433,1.19593,1.41303,1.40282,1.3926,1.40308,3.033,2.806,2.97,2.919,2.678,2.994,1.829,3.6065,3.472,3.33749,3.66001,3.31921
2.B,EE,307.73487,301.21921,145.43297,57.88067,194.23617,207.82528,202.81276,211.40218,228.44438,203.11713,180.77708,195.35378,31.32568,92.17471,184.47286,146.35547,117.58437,110.63713,141.61575,14.18575,,,16.61961,68.63144,,,,,,,,,,,
2.B,EL,680.64979,649.64954,247.9995,170.01179,30.42569,32.0291,33.37723,116.18438,382.2211,353.32908,281.9616,135.76506,165.68408,286.60706,304.5167,296.92208,313.92621,317.9427,338.05531,453.252,632.88255,584.38475,502.02096,516.91312,569.38468,495.04561,461.93128,804.61676,951.18894,877.73943,845.53423,679.42182,310.47729,448.67998,902.67918
2.B,ES,2429.67823,2442.29352,2400.3317,2413.84194,2772.69139,2844.56199,2941.04777,2799.62988,2944.7932,2951.65618,2853.62634,2952.16728,3075.9034,3311.1019,3469.13936,3573.76126,3647.44246,3930.08835,3356.23656,3231.67281,3573.84192,3524.46028,3280.15554,3212.27856,3507.04402,3521.57782,3616.14414,3648.19629,3643.46241,3496.75349,3392.24621,3351.61201,3312.24372,3066.277,2990.33318
2.B,EUA,58364.75145,56313.09735,56226.19203,49513.59199,53168.90245,55018.06505,56109.69115,55157.00277,54936.73935,54345.63422,58231.12502,56003.48051,54414.9106,57624.77852,59772.78605,60741.57088,59209.47986,62643.12412,60419.62861,51912.17732,58078.07929,59321.74568,56715.56633,56375.11537,56317.0357,54496.99036,54759.2907,57498.12571,56553.01728,54366.41819,54074.64004,52987.07539,44186.18562,43396.08464,45793.10301
2.B,FI,329.50666,351.42492,300.11971,244.6684,313.13942,354.8326,331.8609,321.41842,309.11832,344.4712,430.38671,395.3242,411.33624,445.46719,501.7988,434.09275,445.11614,915.94943,962.87726,981.01341,990.85395,986.90881,984.8223,1040.90356,876.09574,1035.79087,1178.90442,1297.36028,1270.60873,1305.69971,1199.53166,1105.69393,1118.39087,1152.90914,1088.56519
2.B,FR,8937.20833,9092.83025,8817.98114,8696.50371,9296.04484,9083.46033,9534.49296,9696.64121,9726.26384,9611.54225,9796.49449,9457.19519,8968.50985,8691.06633,9022.4091,9145.4502,8324.29345,8943.82611,8494.43661,7469.05178,7469.37937,7510.18128,7287.42853,7383.56827,7759.07925,7618.80855,7434.53012,7715.79489,7367.35644,7379.17727,6900.60513,6999.48724,5810.10252,5920.66482,6079.35175
2.B,HR,751.09827,665.94517,832.6844,715.96346,715.58473,755.99763,701.62514,743.07327,592.72403,701.40609,704.3984,595.80722,550.88823,574.42301,665.56534,663.60277,657.88437,696.31823,676.64269,529.26884,615.35702,593.18703,502.00671,509.32955,559.83213,572.27459,547.86307,566.79138,513.05656,594.6026,535.32011,365.49261,83.8988,201.90676,128.27092
2.B,HU,1704.36751,1293.89184,1099.65737,1232.23128,1457.25915,1499.83334,1654.08233,1664.95077,1595.29763,1466.09176,1805.35499,1713.34782,1548.52166,1535.59472,1735.15817,2257.34213,2222.2228,2419.09041,2107.10636,2006.16066,2217.14589,2397.76133,2134.6303,2091.65799,2330.11011,2319.64584,2286.21937,2540.76004,2500.82709,2387.85123,2578.89585,2606.32092,1872.15555,2247.67709,2514.1125
2.B,IE,990.2335,1030.3165,1003.56147,946.18679,1056.62562,973.43728,922.85045,1073.12455,1058.80566,942.81763,882.29535,1041.28833,810.9806,0.29747,,,,,,,,,,,,,,,,,,,,,
2.B,IS,0.3603,0.31298,0.25362,0.242,0.35242,0.45536,0.40181,0.43502,0.39642,0.43045,0.40721,0.49147,0.4537,0.4786,0.38886,,,,,,,,,,,,,,,,,,,,
2.B,IT,2524.15943,2442.90423,2393.91484,1721.379,1406.04,1584.03325,1308.5127,1349.663,1348.6619,1276.1305,1356.36981,1348.26104,1384.79893,1509.7214,1624.6309,1635.0246,1591.2892,1614.9712,1422.3026,1074.5115,1361.87123,1364.1093,1311.40794,1304.89765,1377.63904,1219.68142,1427.87622,1435.00456,1573.66596,1314.46669,1358.47197,1427.59993,1093.85662,1149.40133,1145.21224
2.B,LI,,,,,,,,,,,,,,,,,,,,,,,,,,,,,,,,,,,
2.B,LT,1260.90854,1369.51508,739.67565,368.12182,741.0393,1017.51721,1192.97514,1020.36281,1083.6065,1042.90779,1032.35523,1113.96897,1147.07508,1136.5167,1043.25576,820.52655,958.9014,1981.00899,1641.36774,902.32633,908.68633,1803.68696,1852.18235,1500.34481,1639.00127,1796.51508,1623.85252,1869.77713,1588.19427,1749.49354,1629.42522,1401.765,928.36571,921.54334,1088.72886
2.B,LU,,,,,,,,,,,,,,,,,,,,,,,,,,,,,,,,,,,
2.B,LV,,,,,,,,,,,,,,,,,,,,,,,,,,,,,,,,,,,
2.B,MT,0.16881,0.33762,0.16756,0.20823,0.23284,0.24802,0.13768,0.2212,0.20014,0.13922,0.08563,0.20405,0.17016,0.09488,0.15653,0.25677,0.09442,0.10098,0.05961,0.09556,0.09625,0.12884,0.0336,0.0336,0.07014,0.0701,0.03453,0.03531,0.03531,0.033,0.0,0.0,0.02288,0.02118,0.0
2.B,NL,9833.24295,12041.50466,13950.7989,9368.34153,9901.64141,7854.88084,8022.8367,8282.37942,8511.9232,8641.94875,8549.45432,8528.28751,9135.59244,9806.02492,10067.6529,9722.20495,10710.48255,11338.76749,11220.65288,10665.42813,12006.82673,11288.80155,11203.11577,10882.85171,11184.62869,10336.01196,11240.53733,11479.45352,12125.10389,11248.38005,11767.33673,11291.79343,10066.15038,9928.76461,10258.47553
2.B,NO,2044.98986,1990.89399,1853.94445,1922.37715,2004.03005,1969.98087,2065.18594,2292.50448,2157.65458,1848.53906,2246.16214,2285.11506,2054.54623,2139.6358,2264.02432,1909.87702,2130.3481,1911.25108,2048.49663,1815.56297,1937.20223,1941.80211,1888.5183,1812.33861,1721.3022,1928.17598,1736.18874,1637.80765,1811.3683,1740.79088,1782.05762,1645.43309,1642.8465,1618.6128,1477.46911
2.B,PL,3801.80264,3703.66204,3405.57477,3467.6275,3810.91996,4314.89078,4317.25245,4475.26173,4139.45179,3588.78099,4410.77378,4243.90785,3438.06819,4636.03866,4788.59418,4886.77918,5210.76903,5245.69924,5051.93188,4124.55092,4335.41714,4658.57068,4694.36116,4757.16231,4838.09583,5141.13349,4902.81064,5174.57939,4620.02092,4496.17099,4866.95975,4553.47427,4029.09856,3473.68035,4023.19869
2.B,PT,1408.66663,1243.98254,924.19924,887.11312,792.24577,1137.62707,1218.10236,1373.01334,1405.75613,1474.46446,1581.95658,1256.77614,1262.57198,1545.16693,1656.34244,1523.68093,1177.67904,1532.65478,1262.72054,453.58279,660.02859,629.30402,393.24308,536.00664,592.95077,627.70467,634.39762,643.5802,388.5195,639.39915,622.38621,637.39078,477.7342,140.1936,14.68595
2.B,RO,5591.02548,3574.38948,3742.00244,3761.97107,3388.55429,3921.60865,3697.1684,1500.97842,1463.07792,2214.71604,2989.02342,2835.99505,2813.22984,3434.62997,3692.6975,3626.10939,3192.86053,2868.45707,3250.0747,2019.20062,3266.29459,3598.74254,2842.02382,2101.07539,2284.36339,1302.6836,1333.50486,1373.96243,1428.7654,1286.07414,1913.53829,1045.82628,406.873,372.2703,521.19242
2.B,SE,581.99911,577.16432,579.61593,553.49931,613.05935,634.8111,690.73645,691.19667,684.15382,500.56645,710.18418,730.16707,759.75205,723.35505,793.57577,789.62207,783.57108,755.6839,700.62405,620.83237,792.5426,746.48653,722.03296,849.51934,805.94013,747.57208,861.95112,849.78267,869.01619,906.3576,518.9261,930.80229,,785.36414,842.56809
2.B,SI,83.08216,61.07476,45.65459,43.17727,66.61112,82.69878,77.82413,94.2258,103.40142,106.74679,105.8285,111.8046,105.64291,126.8137,118.60628,128.25912,132.05709,129.24479,91.52136,84.40193,84.62654,60.09569,46.23726,55.37105,56.91571,59.86738,62.08705,64.93642,58.14853,60.30257,61.97909,65.21274,64.80501,47.89947,61.65457
2.B,SK,760.57467,831.61448,859.65906,674.5682,992.45955,1086.74989,1045.1099,1065.88834,1062.27376,1028.38804,1140.4704,1063.687,1072.20697,989.10978,1139.17844,1120.63953,1029.164,1081.18969,1014.3481,1081.78305,988.8812,1225.98646,1006.49554,1100.61455,866.02067,1018.87403,965.19112,1050.14014,1258.14012,1094.52993,1130.58086,1211.68186,1022.92968,918.20077,955.04936
2.B,TR,565.24043,523.50159,523.84568,465.15792,385.62799,472.11273,451.84309,464.47903,444.61518,203.8289,214.27195,178.70895,374.47853,383.50801,490.98098,591.28541,143.2573,40.62227,162.87805,52.34325,249.58079,1011.93209,1191.96321,792.80969,975.75069,1337.231,940.0202,741.68477,1522.9414,1126.92592,1084.72911,2113.75285,1680.7508,1317.62087,2296.43674
2.B.1,AT,497.80257,531.68113,512.04792,532.96267,470.16236,500.12726,495.34819,496.59945,496.54944,498.12503,486.53624,458.87987,453.70565,482.81457,481.4811,469.83782,482.5616,421.95564,478.09523,428.31063,477.36046,480.04911,463.88977,448.61817,511.03845,480.5096,517.25682,480.46897,366.93579,528.65125,496.89048,448.4299,402.10496,414.71737,308.51196
2.B.1,BE,422.74065,385.32802,894.62025,932.91867,1097.65195,1204.54889,1146.33001,1155.98393,1103.53429,1335.57778,1299.75721,1225.32859,1257.8254,1274.15144,1264.78957,1340.31295,1118.4904,1266.29501,969.85065,808.95303,1015.08297,1102.60689,1128.24672,1242.55086,1048.7572,1213.43515,1066.01304,1284.55349,1145.72229,876.58893,1262.47069,996.97753,866.19372,856.22991,1008.46451
2.B.1,BG,2507.85382,2161.492,1642.49312,1590.62325,1747.50337,2113.67322,2210.78497,1902.37908,1149.26792,856.52505,1424.51642,1354.26397,902.49764,884.10131,1051.19278,1121.06198,908.57451,983.34749,957.38275,549.63119,726.11234,1035.75285,757.36641,801.42129,871.67639,1083.71851,1136.62715,1085.6448,784.00164,600.7913,592.91797,594.51576,485.6337,492.93901,469.41357
2.B.1,CH,,,,,,,,,,,,,,,,,,,,,,,,,,,,,,,,,,,
2.B.1,CY,,,,,,,,,,,,,,,,,,,,,,,,,,,,,,,,,,,
2.B.1,CZ,990.80215,933.43786,989.89225,933.97967,1055.81664,903.19063,989.20325,931.15303,886.49551,788.89634,936.02325,761.74574,638.5794,850.60319,843.42877,721.69609,683.27107,617.10744,700.20868,744.18403,705.45142,628.04923,653.78856,601.13113,689.05487,741.6618,685.71968,743.7467,585.60189,582.93439,381.79218,701.30571,682.44668,544.85304,430.96
2.B.1,DE,6025.0,5483.0,5540.0,5245.0,5386.0,6528.0,6510.0,6560.0,6695.0,6429.0,6959.0,6305.0,6944.0,6976.0,6512.0,7206.0,6761.0,7060.0,6734.0,6004.0,6792.0,6621.0,6862.0,6739.0,4797.0,4135.0,4182.0,4228.0,4157.0,4077.0,4133.0,4012.0,3024.0,2932.0,3267.0
2.B.1,DK,,,,,,,,,,,,,,,,,,,,,,,,,,,,,,,,,,,
2.B.1,EE,307.73487,301.21921,145.43297,57.88067,194.23617,207.82528,202.81276,211.40218,228.44438,203.11713,180.77708,195.35378,31.32568,92.17471,184.47286,146.35547,117.58437,110.63713,141.61575,14.18575,,,16.61961,68.63144,,,,,,,,,,,
2.B.1,EL,652.04087,620.50368,218.3167,140.71674,,,,,177.47751,283.96358,275.90324,135.76506,155.93509,272.39936,289.4605,263.29899,292.58618,299.15946,230.36533,187.605,270.75746,262.50669,178.73063,212.13119,241.30619,240.5142,151.97781,267.71213,244.8219,223.59726,196.30403,196.19402,261.13693,147.54525,274.58167
2.B.1,ES,399.71957,478.98196,425.34312,311.35729,406.52542,425.1046,460.00809,466.45267,430.61933,369.53071,356.11154,384.29539,353.06355,358.97639,369.52776,372.74316,326.85846,355.52943,300.88523,259.89596,403.09975,417.23515,414.23172,397.03343,405.70596,349.19109,335.40133,348.44736,371.07207,339.62701,339.47455,290.84042,266.92,283.94837,289.4854
2.B.1,EUA,31654.5184,29146.48883,27330.06945,25597.90937,26758.43876,29717.32477,29588.06857,27478.93239,26531.19481,26367.74986,29379.52712,27168.37959,25057.44181,26666.34945,27222.54071,28087.66482,25257.18566,27115.2215,26123.92697,21129.37383,24251.86862,26007.74433,25115.65753,24137.5277,22479.56916,21481.99504,21264.71722,22350.08018,20821.03917,19972.01114,21049.32576,19293.4005,14490.36192,14206.97253,16041.69956
2.B.1,FI,92.9532,93.9351,39.9306,,,,,,,,,,,,,,,,,,,,,,,,,,,,,,,,
2.B.1,FR,3056.45618,3061.23329,2786.91751,2871.80033,2864.53858,2852.50762,2946.97259,2887.82018,2852.2054,2762.69177,2918.28051,2582.73625,2133.52625,2115.55084,2045.19263,2240.91445,1452.92159,1857.27299,1941.25787,1905.29428,1556.92929,1596.09531,1631.15278,1763.3191,1673.50457,1814.80163,1858.05079,1774.82348,1873.5856,1872.47882,1751.00358,1516.66163,1340.42057,1052.99033,1147.0167
2.B.1,HR,558.67224,510.89299,687.91534,559.54899,567.27813,573.66636,529.3857,587.66247,441.68772,564.24998,603.48208,492.73942,440.18995,461.28442,541.27225,542.27544,521.80339,569.28103,570.4319,455.39303,552.60819,552.83824,502.00671,509.32955,559.83213,572.27459,547.86307,566.79138,513.05656,594.6026,535.32011,365.49261,83.8988,201.90676,128.27092
2.B.1,HU,1200.18618,758.32552,517.09036,652.11946,817.06164,800.92053,935.24437,896.4215,780.18995,686.11417,894.13346,799.51375,529.10159,527.49405,682.07238,779.18205,732.20717,774.93098,560.07156,610.95559,656.2831,770.21269,702.95742,536.52482,748.16038,633.87938,714.78761,835.87646,729.48229,693.78731,883.35661,809.88942,418.77023,662.81595,746.42917
2.B.1,IE,990.2335,1030.3165,1003.56147,946.18679,1056.62562,973.43728,922.85045,1073.12455,1058.80566,942.81763,882.29535,1041.28833,810.9806,0.29747,,,,,,,,,,,,,,,,,,,,,
2.B.1,IS,,,,,,,,,,,,,,,,,,,,,,,,,,,,,,,,,,,
2.B.1,IT,1891.5,1809.6,1765.4,1150.5,795.6,769.6,516.6798,579.8,531.7,477.1,537.91301,559.22891,633.6384,767.2879,849.3798,802.2861,754.3853,751.0573,603.425,477.161,639.766,562.076,624.299,642.915,711.45891,495.54001,642.72715,642.41009,678.76451,531.25913,658.36207,631.086,246.787,385.69,390.351
2.B.1,LI,,,,,,,,,,,,,,,,,,,,,,,,,,,,,,,,,,,
2.B.1,LT,1236.55814,1342.92188,724.48335,366.78682,732.4953,1007.11195,1188.11895,1014.08885,1080.70608,1042.90779,1030.20401,1105.31978,1139.19431,1125.54701,1031.90826,810.06122,946.14708,1967.97379,1626.64864,902.32633,908.68633,1803.68696,1852.18235,1500.34481,1639.00127,1796.51508,1623.85252,1869.77713,1588.19427,1749.49354,1629.42522,1401.765,928.36571,921.54334,1088.72886
2.B.1,LU,,,,,,,,,,,,,,,,,,,,,,,,,,,,,,,,,,,
2.B.1,LV,,,,,,,,,,,,,,,,,,,,,,,,,,,,,,,,,,,
2.B.1,MT,,,,,,,,,,,,,,,,,,,,,,,,,,,,,,,,,,,
2.B.1,NL,2694.99351,3173.76002,3206.99542,3117.1271,3274.66308,3249.16162,3032.74634,3282.97383,3309.39197,3312.13525,3294.50929,2779.71101,2659.34086,2585.9238,2872.79356,2898.02852,2844.93108,2711.74394,2570.52039,2576.20671,2956.33462,2790.26053,2531.38679,2555.09907,2374.144,2470.34283,2489.10991,2597.90159,2467.44301,2349.13724,2199.29368,2131.08913,1836.76423,1978.64625,2460.27065
2.B.1,NO,795.193,860.291,686.984,771.626,819.409,854.589,895.915,889.519,560.002,367.83,715.563,655.08,570.429,695.15311,845.02443,636.22548,713.42266,611.83632,701.24512,643.24744,641.263,651.43055,691.50904,555.11789,528.57402,790.06733,668.2255,469.043,667.875,599.693,625.894,543.571,700.29056,727.448,658.766
2.B.1,PL,2344.25651,2402.20021,2223.17706,2380.17828,2856.26536,3270.50821,3260.48976,3432.02117,3204.38637,2790.08136,3504.92745,3467.10455,2546.25618,3773.04066,3889.14099,4095.5077,3866.29001,3822.29054,3857.8917,2983.50919,3223.15043,3393.59001,3681.56857,3643.18089,3741.5387,3870.48462,3813.59935,4006.83433,3484.51511,3349.12441,3700.10728,3665.4238,2909.32842,2723.14831,3145.63234
2.B.1,PT,763.47147,753.14597,379.64885,342.31003,220.65166,576.16101,729.70627,720.202,751.9356,828.34356,909.2883,741.54219,700.13453,904.02286,899.38509,795.59027,546.32272,770.31128,678.45415,,,,,,,,,,,,,,,,
2.B.1,RO,4689.7696,2910.73751,3212.92164,3222.56553,2787.40214,3273.94976,3038.62591,809.47247,902.34419,1721.1714,2364.80982,2255.54967,2209.30744,2755.15748,2878.95611,2909.98795,2446.90921,2313.09107,2785.02934,1738.1856,2980.66904,3413.82504,2569.25208,1801.81651,1937.73814,945.54545,935.91698,984.14826,1040.37838,914.59294,1586.5153,763.10527,99.77656,98.08099,230.44592
2.B.1,SE,,,,,,,,,,,,,,,,,,,,,,,,,,,,,,,,,,,
2.B.1,SI,,,,,,,,,,,,,,,,,,,,,,,,,,,,,,,,,,,
2.B.1,SK,331.77339,403.77596,413.88152,243.34709,427.96134,487.83055,472.76119,471.37504,450.45349,475.40133,521.05886,523.01334,518.83932,459.52199,536.08628,572.52465,454.34154,463.237,417.7928,483.57653,387.57721,577.95963,545.97841,674.48044,529.652,638.58108,563.814,632.94402,790.46387,688.345,703.092,768.62431,637.81441,509.91764,656.1369
2.B.1,TR,424.75715,403.67551,385.4515,347.12585,272.24721,348.45214,326.22291,333.73624,295.75411,103.26007,88.12176,81.77668,355.42542,356.17297,456.27889,566.84926,116.6344,,150.94293,,119.19179,855.6234,1038.94202,644.81246,818.49642,1189.5542,787.03859,524.82651,1049.53472,560.0127,544.88211,1488.76204,1017.99821,660.91538,1628.44933
2.B.10,AT,138.559,138.40775,149.35301,146.68196,137.05968,134.44612,131.97112,131.14712,131.95312,134.38212,135.26312,133.12412,138.51412,138.03212,138.58712,145.75803,144.43305,141.98924,136.10053,115.3011,157.2601,148.6701,142.3651,128.13951,143.03512,135.89778,147.99247,144.86544,136.91491,147.93501,146.27542,143.64708,138.32926,110.15536,108.93231
2.B.10,BE,285.14544,281.39969,400.50552,382.26559,326.46288,315.89018,324.28008,473.47288,444.80108,488.45908,538.42298,575.11838,675.03934,1088.76928,1353.97294,1487.46865,1317.32347,1285.52354,1329.12331,814.69286,999.74592,1350.09869,1175.60807,1632.80483,1619.64417,1843.47584,2001.57884,2083.29256,2091.92411,2227.29844,996.07387,1066.6487,1031.72094,1082.18004,1097.06095
2.B.10,BG,,,,,,,,,,,,,,,,,,,,,,,,,,,,,,,,,,,
2.B.10,CH,17.34193,17.86435,16.75356,18.93318,18.5376,19.32161,20.41283,22.33444,20.03206,21.08843,22.06123,20.83487,23.94772,20.66808,21.40341,22.72062,22.23333,22.31888,19.81661,16.95456,19.22202,18.93861,18.29519,18.77486,17.18274,19.56605,18.68181,23.51274,19.65474,21.78243,17.60191,17.32778,19.24245,18.09549,19.91446
2.B.10,CY,,,,,,,,,,,,,,,,,,,,,,,,,,,,,,,,,,,
2.B.10,CZ,,,,,,,,,,,,,,,,,,,222.761,136.468,210.161,220.216,224.538,214.761,219.5,223.056,233.579,206.526,207.444,226.184,221.528,191.446,144.431,123.604,145.35311
2.B.10,DE,,,,,,,,,,,,,,,,,,,,,,,,,,,,,,,,,,,
2.B.10,DK,0.57025,0.60313,0.63602,0.6689,0.70179,0.73469,0.77833,0.85883,0.72339,0.84495,0.877,0.96125,0.98808,0.83957,0.89578,1.06164,1.4579,1.3433,1.19593,1.41303,1.40282,1.3926,1.40308,3.033,2.806,2.97,2.919,2.678,2.994,1.829,3.6065,3.472,3.33749,3.66001,3.31921
2.B.10,EE,,,,,,,,,,,,,,,,,,,,,,,,,,,,,,,,,,,
2.B.10,EL,,,,,,,,83.1692,173.51327,60.8493,,,9.74899,14.2077,15.0562,33.62309,21.34004,18.78325,107.68998,265.647,362.12509,321.87806,323.29033,304.78193,328.07849,254.53141,309.95347,536.90463,706.36704,654.14217,649.23019,483.2278,49.34036,301.13473,628.09751
2.B.10,ES,,,,,,,,,,,,,207.39122,311.95937,491.38446,630.95486,738.29983,816.64523,866.22658,849.04676,891.444,823.63114,848.09141,930.84545,847.71499,837.18344,853.11791,891.91486,868.82318,884.44871,772.47584,795.91573,845.615,834.56642,756.09772
2.B.10,EUA,9208.82194,10897.77903,12786.37128,8292.49215,8951.47385,6980.06548,7484.22707,7771.67367,7970.18759,7851.59408,8057.73271,8628.11943,9858.84293,11105.63609,11720.46329,11604.35123,12583.62545,14027.92703,14419.11597,13148.287,14928.63051,14618.08663,14648.59611,15177.53475,15427.62191,14644.19567,16157.8181,16799.24053,17840.3754,17052.87409,15644.48283,15589.03281,13273.12073,13516.98613,13752.23038
2.B.10,FI,236.55346,257.48982,260.18911,244.6684,313.13942,354.8326,331.8609,321.41842,309.11832,344.4712,430.38671,395.3242,411.33624,445.46719,501.7988,434.09275,445.11614,915.94943,962.87726,981.01341,990.85395,986.90881,984.8223,1040.90356,876.09574,1035.79087,1178.90442,1297.36028,1270.60873,1305.69971,1199.53166,1105.69393,1118.39087,1152.90914,1088.56519
2.B.10,FR,1258.78541,1226.70386,1092.75762,1153.44483,1375.1675,1383.45187,1459.06941,1511.3404,1503.91004,1504.7271,1500.3417,1546.18721,1620.89654,1567.2187,1630.01872,1619.18072,1606.24889,1752.37162,1705.28689,1486.80797,1696.58842,1713.37748,1609.92326,1726.82985,1673.30432,1584.2334,1663.05534,1721.65415,1841.99793,1690.43774,1490.80124,1625.20077,1605.75357,1777.01113,1943.2332
2.B.10,HR,,,,,,,,,,,,,,,,,,,,,,,,,,,,,,,,,,,
2.B.10,HU,,,,,,,,,,,,10.42469,98.89336,109.14863,113.63163,134.05455,154.69795,166.61305,163.58804,143.92118,148.23386,202.00515,247.25882,280.32152,310.36852,315.10556,323.52333,362.85492,376.38706,387.43458,355.73884,391.29774,338.68471,387.27642,431.91057
2.B.10,IE,,,,,,,,,,,,,,,,,,,,,,,,,,,,,,,,,,,
2.B.10,IS,0.3603,0.31298,0.25362,0.242,0.35242,0.45536,0.40181,0.43502,0.39642,0.43045,0.40721,0.49147,0.4537,0.4786,0.38886,,,,,,,,,,,,,,,,,,,,
2.B.10,IT,,,,,,,,,,,,,,,,,,,,,,,,,,,,,,,,,,,
2.B.10,LT,,,,,,,,,,,,,,,,,,,,,,,,,,,,,,,,,,,
2.B.10,LU,,,,,,,,,,,,,,,,,,,,,,,,,,,,,,,,,,,
2.B.10,LV,,,,,,,,,,,,,,,,,,,,,,,,,,,,,,,,,,,
2.B.10,MT,0.16881,0.33762,0.16756,0.20823,0.23284,0.24802,0.13768,0.2212,0.20014,0.13922,0.08563,0.20405,0.17016,0.09488,0.15653,0.25677,0.09442,0.10098,0.05961,0.09556,0.09625,0.12884,0.0336,0.0336,0.07014,0.0701,0.03453,0.03531,0.03531,0.033,0.0,0.0,0.02288,0.02118,0.0
2.B.10,NL,6738.85697,8464.03249,10339.12865,5845.57694,6220.37816,4198.15636,4580.42513,4584.78033,4734.91272,4851.2834,4760.87112,5246.88493,5969.16455,6723.54103,6667.99799,6289.93666,7323.86586,8079.17456,8126.5385,7607.23703,8586.07669,8038.17797,8226.98483,7870.94442,8356.50073,7415.06767,8296.9085,8422.72479,9199.33772,8345.25044,8994.4701,8604.23167,7683.36934,7465.50574,7253.46498
2.B.10,NO,,,,,,,,,,,,,,,,,,,,,,,,,,,,,,,,,,,
2.B.10,PL,,,,,,,,,,,,,,,,,,,,,,,,,,,,,,,,,,,
2.B.10,PT,,,,,,,,,,,,,,,,,,,,,,,,,,,,,,,,,,,
2.B.10,RO,18.74195,16.01585,7.98124,10.69913,14.63227,6.47983,14.0501,21.62037,29.19064,6.96716,16.20471,23.84518,1.75719,14.63951,49.03578,76.47702,81.21153,126.75533,135.92559,144.49115,121.96515,95.92234,174.38882,232.07822,281.8884,281.39215,318.99102,309.51551,300.9763,309.87785,322.53618,278.28035,301.92983,268.79797,283.98348
2.B.10,SE,514.01536,508.46216,527.00093,499.38877,556.59912,577.72562,632.53897,633.51574,630.72185,447.31371,662.10908,682.5005,709.62805,674.63278,739.36917,733.96664,733.13951,705.6806,645.31578,589.3784,748.51506,704.06443,679.89212,802.08601,758.24113,703.78279,814.61903,806.38706,823.39018,859.19375,479.92311,886.47127,,,
2.B.10,SI,17.42528,4.32667,8.65162,8.88941,7.10019,8.10019,9.11535,10.12918,11.14301,12.15684,13.17066,13.5449,15.31511,17.08532,18.55816,17.51984,16.39687,16.99691,16.42696,12.77356,14.16221,11.61502,9.99636,9.97187,10.37417,11.63866,12.64122,12.527,13.17492,13.10969,12.29186,13.49977,12.19547,10.164,12.16037
2.B.10,SK,,,,,,,,,,,,,,,,,,,,,,,,,,,,,,,,,,,0.05177
2.B.10,TR,,,,,,,,,,,,,,,,,,,,,,,,,,,,,,,,,,,
2.B.3,AT,,,,,,,,,,,,,,,,,,,,,,,,,,,,,,,,,,,
2.B.3,BE,,,,,,,,,,,,,,,,,,,,,,,,,,,,,,,,,,,
2.B.3,BG,,,,,,,,,,,,,,,,,,,,,,,,,,,,,,,,,,,
2.B.3,CH,,,,,,,,,,,,,,,,,,,,,,,,,,,,,,,,,,,
2.B.3,CY,,,,,,,,,,,,,,,,,,,,,,,,,,,,,,,,,,,
2.B.3,CZ,,,,,,,,,,,,,,,,,,,,,,,,,,,,,,,,,,,
2.B.3,DE,,,,,,,,,,,,,,,,,,,,,,,,,,,,,,,,,,,
2.B.3,DK,,,,,,,,,,,,,,,,,,,,,,,,,,,,,,,,,,,
2.B.3,EE,,,,,,,,,,,,,,,,,,,,,,,,,,,,,,,,,,,
2.B.3,EL,,,,,,,,,,,,,,,,,,,,,,,,,,,,,,,,,,,
2.B.3,ES,,,,,,,,,,,,,,,,,,,,,,,,,,,,,,,,,,,
2.B.3,EUA,26.45947,26.29785,25.88419,24.74194,28.88867,30.42766,29.73207,32.00638,31.33281,33.83617,39.62966,37.7758,40.60361,41.17727,41.16474,39.17711,40.93602,39.50749,37.17344,31.07644,34.34397,34.04953,30.87454,23.71051,21.12032,23.10536,25.3578,21.40702,22.9521,21.97043,14.16254,23.56531,15.88708,12.15784,11.21254
2.B.3,FI,,,,,,,,,,,,,,,,,,,,,,,,,,,,,,,,,,,
2.B.3,FR,25.13005,24.82862,24.53835,23.25694,27.40367,28.70941,28.05977,30.32868,29.57511,31.98937,37.70186,35.74297,38.60561,39.31427,39.60774,37.67511,39.25502,37.82749,35.65344,29.46744,32.58797,32.34953,29.25454,21.97451,19.30092,21.28836,23.5063,19.47913,21.0333,20.27533,12.54364,21.50921,13.9659,9.33493,9.62965
2.B.3,HR,,,,,,,,,,,,,,,,,,,,,,,,,,,,,,,,,,,
2.B.3,HU,,,,,,,,,,,,,,,,,,,,,,,,,,,,,,,,,,,
2.B.3,IE,,,,,,,,,,,,,,,,,,,,,,,,,,,,,,,,,,,
2.B.3,IS,,,,,,,,,,,,,,,,,,,,,,,,,,,,,,,,,,,
2.B.3,IT,1.32943,1.46923,1.34584,1.485,1.485,1.71825,1.6723,1.6777,1.7577,1.8468,1.9278,2.03283,1.998,1.863,1.557,1.502,1.681,1.68,1.52,1.609,1.756,1.7,1.62,1.736,1.8194,1.817,1.8515,1.92789,1.9188,1.6951,1.6189,2.0561,1.92118,2.82291,1.58289
2.B.3,LI,,,,,,,,,,,,,,,,,,,,,,,,,,,,,,,,,,,
2.B.3,LT,,,,,,,,,,,,,,,,,,,,,,,,,,,,,,,,,,,
2.B.3,LU,,,,,,,,,,,,,,,,,,,,,,,,,,,,,,,,,,,
2.B.3,LV,,,,,,,,,,,,,,,,,,,,,,,,,,,,,,,,,,,
2.B.3,MT,,,,,,,,,,,,,,,,,,,,,,,,,,,,,,,,,,,
2.B.3,NL,,,,,,,,,,,,,,,,,,,,,,,,,,,,,,,,,,,
2.B.3,NO,,,,,,,,,,,,,,,,,,,,,,,,,,,,,,,,,,,
2.B.3,PL,,,,,,,,,,,,,,,,,,,,,,,,,,,,,,,,,,,
2.B.3,PT,,,,,,,,,,,,,,,,,,,,,,,,,,,,,,,,,,,
2.B.3,RO,,,,,,,,,,,,,,,,,,,,,,,,,,,,,,,,,,,
2.B.3,SE,,,,,,,,,,,,,,,,,,,,,,,,,,,,,,,,,,,
2.B.3,SI,,,,,,,,,,,,,,,,,,,,,,,,,,,,,,,,,,,
2.B.3,SK,,,,,,,,,,,,,,,,,,,,,,,,,,,,,,,,,,,
2.B.3,TR,,,,,,,,,,,,,,,,,,,,,,,,,,,,,,,,,,,
2.B.4,AT,,,,,,,,,,,,,,,,,,,,,,,,,,,,,,,,,,,
2.B.4,BE,,,,,,,,,,,,,,,,,,,,,,,,,,,,,,,,,,,
2.B.4,BG,,,,,,,,,,,,,,,,,,,,,,,,,,,,,,,,,,,
2.B.4,CH,,,,,,,,,,,,,,,,,,,,,,,,,,,,,,,,,,,
2.B.4,CY,,,,,,,,,,,,,,,,,,,,,,,,,,,,,,,,,,,
2.B.4,CZ,,,,,,,,,,,,,,,,,,,,,,,,,,,,,,,,,,,
2.B.4,DE,,,,,,,,,,,,,,,,,,,,,,,,,,,,,,,,,,,
2.B.4,DK,,,,,,,,,,,,,,,,,,,,,,,,,,,,,,,,,,,
2.B.4,EE,,,,,,,,,,,,,,,,,,,,,,,,,,,,,,,,,,,
2.B.4,EL,,,,,,,,,,,,,,,,,,,,,,,,,,,,,,,,,,,
2.B.4,ES,,,,,,,,,,,,,,,,,,,,,,,,,,,,,,,,,,,
2.B.4,EUA,,,,,,,,,,,,,,,,,,,,,,,,,,,,,,,,,,,
2.B.4,FI,,,,,,,,,,,,,,,,,,,,,,,,,,,,,,,,,,,
2.B.4,FR,,,,,,,,,,,,,,,,,,,,,,,,,,,,,,,,,,,
2.B.4,HR,,,,,,,,,,,,,,,,,,,,,,,,,,,,,,,,,,,
2.B.4,HU,,,,,,,,,,,,,,,,,,,,,,,,,,,,,,,,,,,
2.B.4,IE,,,,,,,,,,,,,,,,,,,,,,,,,,,,,,,,,,,
2.B.4,IS,,,,,,,,,,,,,,,,,,,,,,,,,,,,,,,,,,,
2.B.4,IT,,,,,,,,,,,,,,,,,,,,,,,,,,,,,,,,,,,
2.B.4,LI,,,,,,,,,,,,,,,,,,,,,,,,,,,,,,,,,,,
2.B.4,LT,,,,,,,,,,,,,,,,,,,,,,,,,,,,,,,,,,,
2.B.4,LU,,,,,,,,,,,,,,,,,,,,,,,,,,,,,,,,,,,
2.B.4,LV,,,,,,,,,,,,,,,,,,,,,,,,,,,,,,,,,,,
2.B.4,MT,,,,,,,,,,,,,,,,,,,,,,,,,,,,,,,,,,,
2.B.4,NL,,,,,,,,,,,,,,,,,,,,,,,,,,,,,,,,,,,
2.B.4,NO,,,,,,,,,,,,,,,,,,,,,,,,,,,,,,,,,,,
2.B.4,PL,,,,,,,,,,,,,,,,,,,,,,,,,,,,,,,,,,,
2.B.4,PT,,,,,,,,,,,,,,,,,,,,,,,,,,,,,,,,,,,
2.B.4,RO,,,,,,,,,,,,,,,,,,,,,,,,,,,,,,,,,,,
2.B.4,SE,,,,,,,,,,,,,,,,,,,,,,,,,,,,,,,,,,,
2.B.4,SI,,,,,,,,,,,,,,,,,,,,,,,,,,,,,,,,,,,
2.B.4,SK,,,,,,,,,,,,,,,,,,,,,,,,,,,,,,,,,,,
2.B.4,TR,,,,,,,,,,,,,,,,,,,,,,,,,,,,,,,,,,,
2.B.5,AT,37.77661,36.54461,39.8013,35.31743,31.21443,31.78505,35.28305,35.27549,36.46486,33.87051,42.57468,41.81568,38.6958,39.05468,36.03174,37.54644,34.71394,37.77141,40.10877,40.83405,36.56139,43.86032,43.48273,43.17541,42.39373,45.56791,42.8956,40.56421,43.11973,42.06548,39.88483,44.27088,43.18875,32.59039,33.76285
2.B.5,BE,,,,,,,,,,,,,,,,,,,,,,,,,,,,,,,,,,,
2.B.5,BG,79.89446,51.15769,35.76142,25.1202,25.34862,28.65158,27.60737,26.01393,16.67974,10.16989,9.85083,5.6306,6.24942,7.37091,18.70278,24.1966,19.36766,16.54245,18.5167,10.0267,13.7022,16.34826,11.64098,9.01424,8.25483,5.54283,7.63125,4.46451,5.15048,7.11535,8.81492,10.45473,1.11292,5.51929,
2.B.5,CH,15.36,15.36,15.36,15.36,15.36,13.8417,15.5321,16.04315,16.51972,12.3267,18.60565,19.49297,12.62702,15.9751,23.54015,16.52684,16.3192,18.37625,16.06073,12.98408,21.17383,21.93868,22.84764,17.5784,20.3159,19.02922,19.13301,16.38767,26.35902,16.8211,18.21751,17.37612,15.02325,9.18545,11.29237
2.B.5,CY,,,,,,,,,,,,,,,,,,,,,,,,,,,,,,,,,,,
2.B.5,CZ,,,,,,,,,,,,,,,,,,,,,,,,,,,,,,,,,,,
2.B.5,DE,443.16,95.02,77.82,24.15,25.254,25.806,21.252,15.221,18.722,13.43,17.015,12.786,14.079,14.639,12.608,18.11,22.31,21.317,35.327,14.832,16.725,22.432,10.272,10.916,4.309,7.243,7.2707,4.8097,6.4608,7.963,4.493,5.8776,9.63857,4.58392,4.38551
2.B.5,DK,,,,,,,,,,,,,,,,,,,,,,,,,,,,,,,,,,,
2.B.5,EE,,,,,,,,,,,,,,,,,,,,,,,,,,,,,,,,,,,
2.B.5,EL,,,,,,,,,,,,,,,,,,,,,,,,,,,,,,,,,,,
2.B.5,ES,76.26585,59.60142,52.68709,47.33732,63.69867,70.84006,68.77345,64.74941,64.07861,66.69134,59.73196,64.01527,65.05514,68.79176,67.95054,64.27642,65.15753,64.73692,72.67229,64.8054,46.27549,67.24608,64.22844,61.40456,58.37856,56.03187,55.10479,54.62953,58.58999,58.13616,43.17571,57.311,24.98356,29.97759,33.14809
2.B.5,EUA,1798.92781,1310.86808,1117.00852,1010.99541,1011.25756,1065.7973,985.76475,909.91621,740.86625,650.16133,640.99341,625.2377,582.94069,550.48407,604.70727,560.0508,541.61773,499.77508,482.10408,401.43686,402.50912,458.8355,353.88903,299.27911,271.47901,237.55652,259.37892,244.95568,265.34742,261.14148,211.08748,246.67258,149.71116,135.83027,151.4773
2.B.5,FI,,,,,,,,,,,,,,,,,,,,,,,,,,,,,,,,,,,
2.B.5,FR,158.26733,152.34841,145.90149,139.98257,130.71336,120.96489,104.41866,101.31595,91.90439,91.56906,78.98913,65.96624,56.65428,21.49016,19.02604,22.63368,15.01829,19.75726,17.52259,17.43121,22.67697,24.30368,26.0535,20.38188,19.10983,20.20083,23.96293,27.19125,27.45059,26.9974,21.60084,27.67037,26.66864,23.65235,24.47673
2.B.5,HR,,,,,,,,,,,,,,,,,,,,,,,,,,,,,,,,,,,
2.B.5,HU,,,,,,,,,,,,,,,,,,,,,,,,,,,,,,,,,,,
2.B.5,IE,,,,,,,,,,,,,,,,,,,,,,,,,,,,,,,,,,,
2.B.5,IS,,,,,,,,,,,,,,,,,,,,,,,,,,,,,,,,,,,
2.B.5,IT,26.28,25.185,26.499,25.404,20.805,14.235,7.7,7.7,7.7,7.7,7.7,7.7,7.7,8.679,9.075,8.0135,8.7692,8.7703,8.1158,6.6616,6.6308,6.3338,5.4164,5.016,4.8785,4.587,4.5683,4.7036,4.8939,3.96,3.795,4.7476,3.465,2.299,2.4552
2.B.5,LI,,,,,,,,,,,,,,,,,,,,,,,,,,,,,,,,,,,
2.B.5,LT,,,,,,,,,,,,,,,,,,,,,,,,,,,,,,,,,,,
2.B.5,LU,,,,,,,,,,,,,,,,,,,,,,,,,,,,,,,,,,,
2.B.5,LV,,,,,,,,,,,,,,,,,,,,,,,,,,,,,,,,,,,
2.B.5,MT,,,,,,,,,,,,,,,,,,,,,,,,,,,,,,,,,,,
2.B.5,NL,,,,,,,,,,,,,,,,,,,,,,,,,,,,,,,,,,,
2.B.5,NO,396.66173,352.4803,360.57695,349.6472,329.47607,319.87712,325.71674,314.17269,324.44913,282.73885,279.29324,291.78701,206.79458,95.61428,100.58704,91.612,69.18372,71.37942,75.67592,49.48128,71.31936,66.37528,41.50044,44.33598,46.8194,46.0989,48.95208,55.517,56.836,48.33,43.347,42.939,36.443,0.32828,0.1076
2.B.5,PL,651.306,619.77,483.552,395.076,380.403,389.82,317.55,264.114,152.424,116.508,106.5654,84.096,60.663,65.043,57.34296,54.10176,46.14768,35.34879,,,,,,,,,,,,,,,,,
2.B.5,PT,,,,,,,,,,,,,,,,,,,,,,,,,,,,,,,,,,,
2.B.5,RO,224.2969,176.5692,164.0354,162.3483,127.1346,163.4884,177.9243,151.6138,125.0363,91.14752,91.84652,90.8431,86.71458,66.48292,94.89443,60.87842,42.77812,21.67511,13.18964,15.82007,18.35331,13.60996,9.39215,6.59036,0.69096,6.12,7.45377,5.84658,5.79096,5.69202,4.48681,4.44066,5.16661,5.39135,6.76302
2.B.5,SE,67.98375,68.70216,52.61499,54.11054,56.46024,57.08549,58.19748,57.68093,53.43197,53.25273,48.0751,47.66657,50.124,48.72227,54.2066,55.65543,50.43157,50.0033,55.30827,31.45397,44.02754,42.4221,42.14084,47.43333,47.699,43.78929,47.33209,43.39561,45.62601,47.16385,39.00299,44.33102,,,
2.B.5,SI,33.6969,25.96959,21.59905,20.0993,29.60416,24.10971,23.08184,26.62652,28.69207,26.13166,21.91009,30.0513,25.98887,33.3213,34.75138,37.92001,37.95053,26.03465,6.50866,,,,,,,,,,,,,,,,
2.B.5,SK,,,16.73677,82.04977,120.6215,139.01113,143.9766,159.60519,145.73233,139.69062,156.73469,174.66696,171.01661,176.88909,200.11781,176.71854,198.97322,197.81788,214.83437,199.57187,197.55641,222.2793,141.262,95.34733,85.7646,48.47378,63.1595,59.3507,68.26496,62.04822,45.83336,47.56873,35.4871,31.81637,46.4859
2.B.5,TR,58.99051,34.03652,45.82406,25.30212,38.7367,17.57651,32.38982,27.04815,42.69053,29.98837,32.91983,24.70645,17.70353,25.98546,33.35251,23.08657,25.27332,39.27269,10.58555,26.52585,18.59775,23.36327,20.85479,21.71128,20.46928,12.06123,7.67572,7.56725,6.22953,8.16024,7.54105,8.505,8.02493,6.40621,5.67535
2.B.6,AT,,,,,,,,,,,,,,,,,,,,,,,,,,,,,,,,,,,
2.B.6,BE,,,,,,,,,,,,,,,,,,,,,,,,66.98075,69.49272,69.78765,75.35073,78.32872,68.94792,66.69347,60.45856,65.3635,68.14405,44.842,63.71452
2.B.6,BG,,,,,,,,,,,,,,,,,,,,,,,,,,,,,,,,,,,
2.B.6,CH,,,,,,,,,,,,,,,,,,,,,,,,,,,,,,,,,,,
2.B.6,CY,,,,,,,,,,,,,,,,,,,,,,,,,,,,,,,,,,,
2.B.6,CZ,,,,,,,,,,,,,,,,,,,,,,,,,,,,,,,,,,,
2.B.6,DE,,,,,,,,,,,,,,,,,,,,,,,,,,,,,,,,,,,
2.B.6,DK,,,,,,,,,,,,,,,,,,,,,,,,,,,,,,,,,,,
2.B.6,EE,,,,,,,,,,,,,,,,,,,,,,,,,,,,,,,,,,,
2.B.6,EL,,,,,,,,,,,,,,,,,,,,,,,,,,,,,,,,,,,
2.B.6,ES,,,,,,,,,,,,,,,,,,,,,,,,,,,,,,,,0.11693,0.10536,0.06875,0.07127
2.B.6,EUA,21.53495,15.56588,21.07017,19.85481,23.98897,31.36818,29.47743,29.6089,35.1642,37.77036,41.77392,36.95141,37.691,41.86341,38.50767,40.25492,49.92153,53.498,50.85512,48.29088,53.46455,55.19743,42.10818,120.29777,122.83436,124.7171,131.2227,136.86152,120.46015,120.09837,116.57946,123.28099,127.08993,87.20214,118.91321
2.B.6,FI,,,,,,,,,,,,,,,,,,,,,,,,,,,,,,,,,,,
2.B.6,FR,5.66625,5.66625,5.66625,5.66625,5.66625,5.66625,5.66625,5.66625,5.66625,5.66625,5.66625,5.82082,5.82082,5.82082,6.20305,5.79001,6.83347,6.91468,6.61414,4.53138,4.88583,6.71676,5.86728,7.91784,6.79199,6.69134,6.4179,6.09245,6.51049,6.1867,6.40561,6.06058,6.18714,4.51467,5.60867
2.B.6,HR,,,,,,,,,,,,,,,,,,,,,,,,,,,,,,,,,,,
2.B.6,HU,,,,,,,,,,,,,,,,,,,,,,,,,,,,,,,,,,,
2.B.6,IE,,,,,,,,,,,,,,,,,,,,,,,,,,,,,,,,,,,
2.B.6,IS,,,,,,,,,,,,,,,,,,,,,,,,,,,,,,,,,,,
2.B.6,IT,,,,,,,,,,,,,,,,,,,,,,,,,,,,,,,,,,,
2.B.6,LI,,,,,,,,,,,,,,,,,,,,,,,,,,,,,,,,,,,
2.B.6,LT,,,,,,,,,,,,,,,,,,,,,,,,,,,,,,,,,,,
2.B.6,LU,,,,,,,,,,,,,,,,,,,,,,,,,,,,,,,,,,,
2.B.6,LV,,,,,,,,,,,,,,,,,,,,,,,,,,,,,,,,,,,
2.B.6,MT,,,,,,,,,,,,,,,,,,,,,,,,,,,,,,,,,,,
2.B.6,NL,,,,,,,,,,,,,,,,,,,,,,,,,,,,,,,,,,,
2.B.6,NO,200.54937,174.54937,168.24937,168.84937,245.08107,251.21767,272.85447,205.88103,240.6589,250.45249,256.79365,308.44221,295.6082,328.07638,342.47316,252.29,333.726,331.26,327.4874,247.1,305.387,276.586,278.454,283.4495,264.03,162.786,147.597,256.88347,246.84089,253.33521,270.78033,274.67789,246.9984,177.19212,249.82607
2.B.6,PL,,,,,,,,,,,,,,,,,,,,,,,,,,,,,,,,,,,
2.B.6,PT,,,,,,,,,,,,,,,,,,,,,,,,,0.0081,0.0094,0.00824,0.03092,0.02813,0.02532,0.02806,0.02701,0.04384,0.04125,0.02455
2.B.6,RO,,,,,,,,,,,,,,,,,,,,,,,,,,,,,,,,,,,
2.B.6,SE,,,,,,,,,,,,,,,,,,,,,,,,,,,,,,,,,,,
2.B.6,SI,15.86869,9.89963,15.40392,14.18856,18.32272,25.70193,23.81118,23.94265,29.49795,32.10411,36.10767,31.13059,31.87018,36.04259,32.30461,34.46491,43.08806,46.58332,44.24098,43.7595,48.57872,48.48067,36.2409,45.39918,46.54154,48.22871,49.44583,52.40943,44.97361,47.19288,49.68723,51.71297,52.60954,37.73547,49.4942
2.B.6,SK,,,,,,,,,,,,,,,,,,,,,,,,,,,,,,,,,,,
2.B.6,TR,,,,,,,,,,,,,,,,,,,,,,,,,,,,,,,,,,,
2.B.7,AT,,,,,,,,,,,,,,,,,,,,,,,,,,,,,,,,,,,
2.B.7,BE,,,,,,,,,,,,,,,,,,,,,,,,,,,,,,,,,,,
2.B.7,BG,349.14028,336.91814,212.01582,131.43655,217.66197,370.68186,387.59819,342.78918,322.85158,279.07561,379.54253,479.7075,442.62328,471.253,475.94047,503.30146,498.50579,521.43237,533.90255,362.60882,504.88438,548.81852,550.1683,538.75943,599.17662,574.3752,579.24112,561.80371,550.78108,512.14816,344.00131,569.42951,450.67766,460.02861,509.85619
2.B.7,CH,,,,,,,,,,,,,,,,,,,,,,,,,,,,,,,,,,,
2.B.7,CY,,,,,,,,,,,,,,,,,,,,,,,,,,,,,,,,,,,
2.B.7,CZ,,,,,,,,,,,,,,,,,,,,,,,,,,,,,,,,,,,
2.B.7,DE,615.49677,562.79082,499.72759,503.8529,437.91153,495.35615,516.92695,516.02688,533.16162,515.65347,461.65781,471.04846,476.64921,467.19882,458.85727,476.38653,467.34785,458.67934,472.11023,399.65375,444.61788,467.65924,442.57682,471.10496,495.07821,484.06568,479.99329,495.45941,492.052,488.25171,450.15759,457.80979,452.95877,393.87539,404.45119
2.B.7,DK,,,,,,,,,,,,,,,,,,,,,,,,,,,,,,,,,,,
2.B.7,EE,,,,,,,,,,,,,,,,,,,,,,,,,,,,,,,,,,,
2.B.7,EL,,,,,,,,,,,,,,,,,,,,,,,,,,,,,,,,,,,
2.B.7,ES,270.192,253.38,209.45,220.671,253.26,305.696,297.66,266.976,253.552,257.286,279.128,305.322,331.272,305.694,315.018,348.735,350.84,333.396,327.988,235.136,264.528,296.926,294.588,269.872,307.284,308.328,334.359,318.45,301.371,321.408,265.589,283.182,296.522,210.925,206.80006
2.B.7,EUA,1965.9743,1859.17976,1621.45087,1511.83642,1572.24997,2010.5199,2052.309,1948.79585,1913.33005,1782.71701,1846.71353,2021.25704,1997.65354,1900.2591,2002.62757,2098.98986,2065.36458,2095.58218,2109.27722,1559.42332,1810.50427,1926.96729,1882.22243,1851.55438,2006.71934,2012.45263,2062.32053,2077.0966,2057.92985,1948.85506,1573.52084,1832.15097,1702.54105,1527.03291,1547.95721
2.B.7,FI,,,,,,,,,,,,,,,,,,,,,,,,,,,,,,,,,,,
2.B.7,FR,397.22574,394.01205,390.79836,387.58467,384.37097,381.15728,377.94359,374.7299,371.51621,302.71691,302.71691,327.7578,331.6516,282.678,359.5044,361.4364,350.709,353.0878,356.3263,300.4643,341.161,293.52448,295.86215,282.6448,340.99798,320.71035,315.78995,335.73104,293.77619,278.70355,245.40595,243.34966,241.83861,232.99191,212.29752
2.B.7,HR,,,,,,,,,,,,,,,,,,,,,,,,,,,,,,,,,,,
2.B.7,HU,,,,,,,,,,,,,,,,,,,,,,,,,,,,,,,,,,,
2.B.7,IE,,,,,,,,,,,,,,,,,,,,,,,,,,,,,,,,,,,
2.B.7,IS,,,,,,,,,,,,,,,,,,,,,,,,,,,,,,,,,,,
2.B.7,IT,183.0,180.0,180.0,150.0,150.0,321.0,330.0,300.0,300.0,300.0,300.0,300.0,281.03653,242.0,258.0,275.0,247.242,267.734,265.0,174.1209,203.33443,262.5455,240.017,230.57666,206.41324,255.34741,281.79407,291.20037,346.049,300.99266,268.367,278.38,260.544,229.212,214.55225
2.B.7,LI,,,,,,,,,,,,,,,,,,,,,,,,,,,,,,,,,,,
2.B.7,LT,,,,,,,,,,,,,,,,,,,,,,,,,,,,,,,,,,,
2.B.7,LU,,,,,,,,,,,,,,,,,,,,,,,,,,,,,,,,,,,
2.B.7,LV,,,,,,,,,,,,,,,,,,,,,,,,,,,,,,,,,,,
2.B.7,MT,,,,,,,,,,,,,,,,,,,,,,,,,,,,,,,,,,,
2.B.7,NL,63.783,67.14,67.14,67.14,67.14,67.14,68.2797,72.85932,68.55078,70.76724,69.75946,75.20334,71.82604,75.45529,80.43355,86.42597,88.26291,98.93353,85.84029,31.049,,,,,,,,,,,,,,,
2.B.7,NO,,,,,,,,,,,,,,,,,,,,,,,,,,,,,,,,,,,
2.B.7,PL,,,,,,,,,,,,,,,,,,,,,,,,,,,,,,,,,,,
2.B.7,PT,,,,,,,,,,,,,,,,,,,,,,,,,,,,,,,,,,,
2.B.7,RO,87.1365,64.93875,62.31911,51.1513,61.9055,69.48861,73.90058,75.41457,63.69786,57.21778,53.90882,62.21793,62.59488,55.98,54.87387,47.7045,62.45702,62.31914,68.10986,56.39055,51.97858,57.49355,59.01016,58.59654,57.7693,69.626,71.14309,74.45208,73.90058,47.35097,,,,,
2.B.7,SE,,,,,,,,,,,,,,,,,,,,,,,,,,,,,,,,,,,
2.B.7,SI,,,,,,,,,,,,,,,,,,,,,,,,,,,,,,,,,,,
2.B.7,SK,,,,,,,,,,,,,,,,,,,,,,,,,,,,,,,,,,,
2.B.7,TR,,,,,,,,,,,,,,,,,,,,24.46781,110.44168,131.59583,130.81682,124.93637,135.43541,134.266,143.98589,207.94144,465.99025,557.40339,530.95636,615.135,653.48161,648.94969,660.96618
2.B.8,AT,,,,,,,,,,,,,,,,,,,,,,,,,,,,,,,,,,,
2.B.8,BE,1882.42012,1890.79712,1891.98598,1891.98598,2676.7185,2951.62061,3345.39789,3937.69432,4228.12345,4285.90377,4584.33933,4258.65393,3662.41925,3959.55108,4007.30047,4095.73004,3939.35889,3707.2374,3840.1798,3861.04204,4060.88221,3819.71741,3621.26206,3681.18491,3927.52457,3984.44318,3740.76894,3645.18228,3851.69317,3307.84841,3978.72518,4125.16368,3967.04467,3493.6256,3644.01418
2.B.8,BG,345.84195,222.27801,243.84824,258.55846,301.09514,329.01565,367.32141,368.40591,332.61105,282.99004,261.1095,264.79018,246.93459,270.91845,251.84456,249.15844,248.07889,263.87188,237.37451,121.92711,,,,,,,,,,,,,,,
2.B.8,CH,94.0823,91.9141,94.5804,93.2912,93.3498,71.2869,93.8479,104.1029,92.4122,92.3536,93.8772,89.1013,95.149,84.0031,98.1444,88.9587,98.8818,88.0236,99.0712,82.992,98.0694,86.8987,87.1024,84.85152,83.78937,98.48572,111.48152,90.89172,97.0548,103.51055,98.32914,116.37061,104.19208,106.56284,89.55
2.B.8,CY,,,,,,,,,,,,,,,,,,,,,,,,,,,,,,,,,,,
2.B.8,CZ,792.46503,599.85485,675.0292,692.14645,867.27564,822.47695,865.7849,882.84631,974.95662,1013.38653,916.78038,965.16773,897.45007,880.69398,1098.03498,1066.27155,1022.5003,920.18323,1028.15118,933.60705,1005.56335,918.26081,977.09042,945.03086,1080.92159,715.16056,302.82066,1007.49826,1019.7083,997.97538,838.87282,1015.11749,1016.59207,888.88103,922.8462
2.B.8,DE,973.97476,928.66637,931.62314,862.62823,816.25334,875.01708,841.018,901.52003,924.66895,930.12371,966.06194,970.15036,936.40207,974.58276,959.36669,1007.04289,1024.84641,1036.8969,952.66577,853.37349,1005.83396,924.0176,871.04989,886.32948,940.20066,937.82257,971.79698,885.46756,880.4549,830.11352,792.9393,861.57045,801.5256,736.3458,756.97833
2.B.8,DK,,,,,,,,,,,,,,,,,,,,,,,,,,,,,,,,,,,
2.B.8,EE,,,,,,,,,,,,,,,,,,,,,,,,,,,,,,,,,,,
2.B.8,EL,28.60892,29.14586,29.6828,29.29506,30.42569,32.0291,33.37723,33.01518,31.23032,8.5162,6.05836,,,,,,,,,,,,,,,,,,,,,,,,
2.B.8,ES,1683.5008,1650.33014,1712.85149,1834.47633,2049.2073,2042.92132,2114.60624,2001.45181,2196.54326,2258.14813,2158.65483,2198.53463,2119.12149,2265.68037,2225.2586,2157.05181,2166.28664,2359.78077,1788.46446,1822.7887,1968.49467,1919.42191,1659.01597,1553.12312,1887.96051,1970.84342,2038.16111,2034.75454,2043.60616,1893.13361,1971.5311,1924.24593,1878.0978,1706.79087,1704.73065
2.B.8,EUA,13688.51457,13056.91791,13324.33755,13055.76188,14822.60467,15182.56175,15940.11226,16986.06937,17714.66363,17621.80542,18224.75467,17485.75954,16839.73702,17319.00912,18142.77482,18311.08213,18670.82889,18811.61284,17197.1758,15594.28898,16596.75824,16220.86498,14642.2185,14765.21113,15987.69162,15972.96804,14858.47543,15868.48419,15424.91319,14989.46762,15465.48114,15878.97223,14427.47376,13124.5387,13327.04474
2.B.8,FI,,,,,,,,,,,,,,,,,,,,,,,,,,,,,,,,,,,
2.B.8,FR,4035.67736,4228.03777,4371.40156,4114.76812,4508.18451,4311.003,4612.36269,4785.43985,4871.48643,4912.18179,4952.79813,4892.98389,4781.35477,4658.99353,4922.85651,4857.81982,4853.3072,4916.59426,4431.77538,3725.0552,3814.54988,3843.81404,3689.31502,3560.50029,4026.06966,3850.88264,3543.74691,3830.82339,3303.00235,3484.09772,3372.84427,3559.03501,2575.26809,2820.1695,2737.08928
2.B.8,HR,192.42603,155.05218,144.76907,156.41447,148.3066,182.33127,172.23944,155.4108,151.0363,137.15611,100.91632,103.0678,110.69828,113.13859,124.29309,121.32733,136.08099,127.0372,106.21079,73.87581,62.74883,40.34879,,,,,,,,,,,,,
2.B.8,HU,504.18133,535.56633,582.56701,580.11182,640.19751,698.91281,718.83796,768.52927,815.10768,779.97758,911.22154,903.40938,920.52671,898.95204,939.45417,1344.10553,1335.31768,1477.54639,1383.44676,1251.28389,1412.62893,1425.54349,1184.41406,1274.81165,1271.58121,1370.6609,1247.90843,1342.02866,1394.95774,1306.62934,1339.80041,1405.13376,1114.70061,1197.58471,1335.77276
2.B.8,IE,,,,,,,,,,,,,,,,,,,,,,,,,,,,,,,,,,,
2.B.8,IS,,,,,,,,,,,,,,,,,,,,,,,,,,,,,,,,,,,
2.B.8,IT,422.05,426.65,420.67,393.99,438.15,477.48,452.4606,460.4853,507.5042,489.4837,508.829,479.2993,460.426,489.8915,506.6191,548.223,579.2117,585.7296,544.2418,414.959,510.384,531.454,440.05554,424.654,453.069,462.39,496.9352,494.76261,542.03975,476.5598,426.329,511.33023,581.13944,529.37742,536.2709
2.B.8,LI,,,,,,,,,,,,,,,,,,,,,,,,,,,,,,,,,,,
2.B.8,LT,24.3504,26.5932,15.1923,1.335,8.544,10.40526,4.8562,6.27397,2.90042,,2.15122,8.6492,7.88077,10.9697,11.3475,10.46533,12.75432,13.03521,14.7191,,,,,,,,,,,,,,,,
2.B.8,LU,,,,,,,,,,,,,,,,,,,,,,,,,,,,,,,,,,,
2.B.8,LV,,,,,,,,,,,,,,,,,,,,,,,,,,,,,,,,,,,
2.B.8,MT,,,,,,,,,,,,,,,,,,,,,,,,,,,,,,,,,,,
2.B.8,NL,335.60947,336.57215,337.53483,338.4975,339.46018,340.42285,341.38553,341.76594,399.06773,407.76286,424.31444,426.48822,435.261,421.1048,446.4278,447.8138,453.4227,448.91547,437.75371,450.93539,464.41541,460.36305,444.74415,456.80823,453.98397,450.60146,454.51891,458.82715,458.32316,553.99236,573.57295,556.47263,546.01681,484.61262,544.7399
2.B.8,NO,652.58575,603.57331,638.13413,632.25458,610.06391,544.29707,570.69973,882.93177,1032.54455,947.51772,994.51225,1029.80584,981.71445,1020.79203,975.9397,929.74954,1014.01572,896.77534,944.08819,875.73425,919.23287,947.41028,877.05482,929.43524,881.87877,929.22375,871.41416,856.36418,839.8164,839.43267,842.03629,784.24519,659.11453,713.6444,568.76943
2.B.8,PL,806.24013,681.69183,698.84571,692.37323,574.25159,654.56258,739.21269,779.12657,782.64142,682.19163,799.28093,692.7073,831.14901,797.955,842.11023,737.16972,1298.33134,1388.05991,1194.04018,1141.04173,1112.26671,1264.98068,1012.79259,1113.98142,1096.55713,1270.64887,1089.21129,1167.74507,1135.50582,1147.04657,1166.85247,888.05047,1119.77015,750.53204,877.56636
2.B.8,PT,645.19517,490.83657,544.55039,544.80309,571.59411,561.46606,488.3961,652.81134,653.82054,646.1209,672.66828,515.23395,562.43745,641.14407,756.95735,728.09066,631.35632,762.3435,584.26639,453.58279,660.02859,629.30402,393.24308,536.00664,592.94267,627.69527,634.38938,643.54928,388.49137,639.37383,622.35815,637.36378,477.69036,140.15235,14.66139
2.B.8,RO,571.08052,406.12816,294.74506,315.20681,397.47978,408.20205,392.66751,442.8572,342.80892,338.21218,462.25355,403.53917,452.85576,542.37007,614.9373,531.0615,559.50465,344.61641,247.82027,64.31325,93.32851,17.89166,29.98061,1.99376,6.27659,,,,7.71918,8.56037,,,,,
2.B.8,SE,,,,,,,,,,,,,,,,,,,,,,,,,,,,,,,,,,,
2.B.8,SI,16.09129,20.87887,,,11.58406,24.78695,21.81577,33.52746,34.0684,36.35419,34.64008,37.0778,32.46874,40.36449,32.99212,38.35437,34.62163,39.62991,24.34476,27.86888,21.88561,,,,,,,,,,,,,,
2.B.8,SK,428.80129,427.83851,429.04076,349.17134,443.87672,459.90821,428.37211,434.90811,466.08795,413.2961,462.67684,366.00671,382.35104,352.6987,402.97435,371.39634,375.84924,420.13482,381.72093,398.63465,403.74758,425.74753,319.25512,330.78678,250.60407,331.81917,338.21762,357.84542,399.41129,344.13671,381.65549,395.48881,349.62817,376.46675,252.37479
2.B.8,TR,81.49276,85.78956,92.57012,92.72994,74.64408,106.08408,93.23036,103.69464,106.17054,70.58046,93.23036,72.22582,1.34958,1.34958,1.34958,1.34958,1.34958,1.34958,1.34958,1.34958,1.34958,1.34958,1.34958,1.34958,1.34958,1.34958,1.32,1.34958,1.18689,1.34958,1.34958,1.35081,1.24605,1.34958,1.34588
2.C,AT,7016.21115,7057.75334,6085.80437,6158.17884,6774.1771,7590.28497,6971.66561,7760.67461,7699.73067,7540.32732,8445.00685,8336.8717,8854.48847,8759.58715,8865.34659,9788.51337,10134.23818,10705.91359,10957.49747,8545.85369,10416.37588,10425.49173,10076.41043,10456.65354,10388.88081,10818.97084,10381.51313,11139.07266,9460.28363,10368.27071,9509.18069,11030.09017,10441.57993,10111.37424,9987.21243
2.C,BE,10091.92484,9582.42722,9563.37072,8678.90014,9120.14031,9374.02541,8677.72326,7983.20647,9550.37119,9013.03282,9559.42615,9143.77088,9708.66085,9390.30586,9670.70339,8297.2059,8472.08868,7379.88566,7717.15188,3628.00879,5249.47568,4836.36233,3722.27644,3873.01802,3884.78152,3790.5735,4303.70452,4124.94535,4233.92101,4029.48719,3058.68332,3566.32751,3500.77407,3329.25407,4211.29483
2.C,BG,1602.59517,1688.62937,1572.64268,2061.68722,2906.05762,3323.80215,3027.09327,3542.72228,2931.1253,2699.71118,2603.84463,2500.71611,2274.72316,2796.26791,2316.30581,2345.20891,2529.88403,2242.17532,1269.38921,308.09547,288.64156,315.87558,290.17072,221.79076,249.28626,224.0595,223.42013,183.07884,186.11261,160.64558,148.93224,132.64837,151.22023,158.11117,200.07889
2.C,CH,151.16861,142.67794,133.53743,71.79548,51.8249,42.241,51.54337,52.99619,61.57352,65.3846,68.09623,69.25381,75.78722,81.98971,84.22504,84.49221,32.94437,13.17017,11.53099,8.79457,11.57668,11.28012,10.90372,10.80734,11.72457,10.00689,9.40264,10.23794,9.93786,8.27217,7.93228,8.7704,9.53878,8.31891,7.97357
2.C,CY,,,,,,,,,,,,,,,,,,,,,,,,,,,,,,,,,,,
2.C,CZ,9794.78879,7776.45259,8092.2066,7485.94049,8194.31157,7967.15781,8314.63588,9007.38693,8707.83865,6279.1775,7422.08121,6994.14107,7243.81776,7881.55452,8227.41585,7067.00281,8001.75934,8296.29612,7739.31146,5955.0887,6598.95407,6550.20374,6384.66105,6572.369,6755.27872,6481.15645,6744.62905,6001.11831,6450.73176,5824.92796,5782.3844,6359.3098,5590.88951,4344.99005,3036.55713
2.C,DE,25079.88242,24467.71412,21048.17882,21507.35102,22942.71501,20794.27968,20065.32989,22095.06663,20309.83145,18258.88135,23460.80362,20494.44959,18917.71177,21093.68582,21096.52147,19696.69575,20261.97735,19455.99292,18026.57241,12820.29697,16383.18811,17055.50145,14725.55306,15208.98761,16958.06476,16865.81454,18403.85393,21599.90881,19831.531,18021.335,15823.37327,17565.16618,15495.80317,15261.25378,16841.3294
2.C,DK,30.467,30.467,30.467,36.152,33.672,38.749,35.375,35.156,42.501,43.193,40.884,47.198,0.1338,0.0628,0.154,16.3642,0.15,0.184,0.1664,0.206,0.177,0.2376,0.1324,0.1566,0.175,0.199,0.145,0.171,0.1196,0.1144,0.0888,0.0694,0.0548,0.06572,0.06318
2.C,EE,0.75918,0.64768,0.34088,0.22726,0.6684,0.64893,0.71311,1.01665,1.45701,1.32344,1.55313,1.45296,1.39148,0.6823,1.64932,1.52128,2.37245,2.44687,2.49114,2.38967,2.4508,3.15248,3.37064,3.10127,3.04184,3.03044,3.47711,3.42314,3.35081,3.29263,2.90049,2.99896,2.67249,2.95615,3.07052
2.C,EL,1012.058,1049.89764,999.2932,814.52112,979.88408,1006.898,1014.43676,1040.522,986.212,918.40468,1000.98012,1111.5548,1239.966,1239.988,1182.25,1215.536,1233.61208,1301.47,1167.73928,732.63076,909.43724,1101.58808,1102.38984,1051.74,1101.178,1104.298,1117.844,1134.238,1069.724,977.092,719.826,636.89,525.972,407.84507,415.42631
2.C,ES,3536.6786,3385.30233,3091.25428,3405.58098,3474.97762,2393.18049,2440.96032,2705.83724,2859.64655,2784.86425,2924.90604,2961.14807,3100.45544,3000.08908,3116.32928,3635.94327,3904.93797,3709.42386,3663.42049,2832.07376,3623.37378,3289.02906,2919.04819,3002.24734,3482.06976,4320.71558,3842.0747,2897.87937,3122.4407,2459.98703,2026.61098,2505.85114,1772.19226,1338.81704,1699.84049
2.C,EUA,114930.25781,103345.61423,93786.23897,95475.93574,100458.50989,99777.85474,95671.30839,100995.98901,97404.23448,89007.03587,96717.92905,91031.4078,94620.53745,97082.87209,100429.14339,96275.32109,100737.45467,99296.58764,90700.13017,61365.6561,76545.70731,75913.14789,69578.88328,71705.78753,74365.56543,75503.88002,77892.79004,80603.95652,77894.59367,74203.48134,63850.14429,73854.7856,65061.57847,57830.23192,57752.78775
2.C,FI,1976.06404,1987.04547,1991.2596,2113.31506,2121.90848,2076.29427,2198.67043,2414.5769,2419.65819,2448.48083,2389.22418,2440.12614,2318.34324,2480.86593,2576.16133,2403.83655,2472.69599,2494.90781,2553.50563,1968.85825,2438.84477,2383.27353,2290.91254,2094.75131,2070.08167,2150.40746,2196.60892,1928.16633,2096.29743,1874.96337,1756.7658,2094.08218,1974.07471,1975.16328,1971.46943
2.C,FR,17679.10526,16941.25601,16426.52003,16402.50985,16175.65544,15706.82667,14938.59188,16127.9195,16050.9718,16742.18544,17041.48857,15697.33952,17177.75766,16498.22323,17434.34352,17436.00063,19185.09891,19246.43332,16407.1763,10127.53146,13427.28757,12901.07271,11886.21541,13786.54989,13352.27759,12689.31281,13116.23757,14456.92733,13835.56804,12910.81084,10073.01124,12804.02827,11567.25523,9432.67329,8772.75045
2.C,HR,336.40284,270.09729,121.10613,57.46413,81.17151,40.31863,19.1708,40.82202,29.65334,27.67223,29.68237,7.15228,4.72408,6.61651,13.72401,12.70625,13.31164,13.69009,23.41139,4.84275,14.68357,16.64076,1.43408,13.92697,10.11176,9.30009,1.05323,1.86548,8.99406,4.9118,4.92772,14.25887,13.3937,17.90435,11.67829
2.C,HU,3317.4208,2633.56054,2316.20015,2361.59748,2677.24561,2659.99251,2577.53369,1879.56358,1615.45066,1751.55759,1719.2244,1619.34927,1721.6556,1697.89479,1650.30363,1597.24775,1561.932,1542.52387,1503.09973,1175.68839,1321.57214,1380.5246,1208.58369,725.85846,908.7675,1236.365,888.13735,1263.84785,1356.22093,1218.10073,1109.59201,838.35986,636.57186,296.72125,15.12775
2.C,IE,26.08,23.44,20.56,26.08,21.28,24.8,27.28,26.96,28.64,26.8,28.8,12.0,,,,,,,,,,,,,,,,,,,,,,,
2.C,IS,348.00713,317.42326,323.54708,378.27171,381.63894,397.93275,393.4742,448.00077,467.89993,610.13002,715.55721,765.37387,801.83058,809.33834,814.54163,793.98448,895.02444,1091.13445,1536.08915,1582.10343,1607.25397,1591.77158,1654.32968,1680.34928,1648.76477,1700.82038,1677.31175,1752.77627,1766.11506,1704.85205,1676.609,1744.24866,1795.71144,1738.9098,1824.41926
2.C,IT,4377.86683,4124.27582,3922.94211,4051.08695,3932.44532,3902.65188,3457.63922,3229.03954,3017.27779,2453.88427,2305.34595,2270.43061,2117.43237,1999.70661,2087.23046,2419.39708,2360.97126,2292.6122,2439.82292,1699.54062,1833.83282,2043.98635,1918.26624,1678.11643,1622.5178,1562.89519,1710.45449,1675.07154,1681.45931,1602.28415,1428.1669,1738.30524,1588.97843,1485.31929,1384.51714
2.C,LI,,,,,,,,,,,,,,,,,,,,,,,,,,,,,,,,,,,
2.C,LT,16.98431,13.67806,6.96676,5.42982,5.34918,4.54817,5.07484,5.32992,5.66724,6.24934,6.77655,7.10505,7.17242,6.77892,6.88886,7.26497,6.94854,6.53908,4.68666,4.19023,4.28521,3.90787,3.21895,2.47694,2.59926,2.01741,1.46239,2.07336,1.85568,1.50895,0.04132,0.03776,0.02605,0.02444,0.01972
2.C,LU,984.91339,937.74264,853.29252,923.19312,770.83385,465.38264,416.59886,294.09705,140.68825,147.69821,146.04641,154.76156,155.4046,158.9398,172.451,152.92111,209.794,203.488,169.3,128.657,133.613,123.862,100.231,101.5942,102.4603,122.8002,121.656,109.4836,114.3891,105.9882,96.7919,91.53311,81.36317,88.666,88.25759
2.C,LV,69.55524,54.29576,43.25959,47.97634,50.03536,45.37934,44.15586,60.14405,62.65988,61.37389,61.10209,60.273,60.33034,64.63141,68.5208,49.97667,48.36299,44.40685,37.73226,39.0101,38.64062,13.70627,53.33773,13.87542,0.00903,0.81209,,,,,,,,,
2.C,MT,,,,,,,,,,,,,,,,,,,,,,,,,,,,,,,,,,,
2.C,NL,452.09557,438.60638,396.12211,393.41282,380.83057,378.57079,393.28875,401.5112,448.34171,483.05607,487.89989,490.81649,498.98888,480.03808,536.70035,567.77974,491.26584,540.97242,562.74917,268.1135,347.11542,469.55795,184.67449,140.02507,28.43007,56.32929,63.05356,56.55782,95.35236,150.31169,131.73155,101.05162,31.00407,8.54426,5.58108
2.C,NO,4167.61942,3798.27807,3807.67527,4074.46733,4361.47317,4479.38778,4469.42751,4616.50022,4976.11356,5074.23758,5090.91998,4758.20504,4291.71596,4295.41031,4925.58251,4683.32874,4132.45315,4447.20711,4618.5018,3350.40234,4078.55231,4171.28174,4187.78969,4313.81662,4481.91315,4481.45812,4618.86483,4703.06164,4638.86949,4732.57606,4836.41646,5090.19482,5081.17339,4644.66921,4628.62088
2.C,PL,5652.34909,4075.71528,3515.40334,3395.06947,3718.68403,3906.21237,3424.15341,3580.23322,2874.60553,2577.7595,3102.02401,2582.82066,2438.86917,2818.04978,2973.51329,2236.00057,2318.92683,2779.13603,2293.69617,1461.4783,1639.15838,2093.04056,2103.77819,2238.00017,2520.94141,2419.9605,2415.40683,2130.05402,2608.04749,2376.85687,1824.36863,2072.75001,1839.50147,1359.80243,1597.36437
2.C,PT,446.36958,373.08951,479.30884,455.61423,476.82879,584.34837,636.34909,543.85848,494.21102,488.93709,508.40674,214.98634,69.59897,86.69574,101.78651,109.22919,121.86851,122.76542,114.80492,75.97146,53.40027,57.62389,65.00963,68.862,68.9688,105.71464,85.03366,77.91466,75.47568,93.76767,96.58419,77.96446,69.5129,78.06634,80.78548
2.C,RO,13227.91909,9557.73525,6838.70963,7089.93872,7786.59785,9108.99092,8464.43198,9759.29953,9199.16789,6449.23372,6214.92512,6570.05404,8281.21775,8601.51424,9629.49459,9328.48658,9060.11582,8632.2245,6238.46498,3864.63553,3876.56627,3631.97792,3209.95561,3262.29354,3372.49519,4107.28078,4158.04506,3836.04113,4096.63135,4183.48715,3836.08627,4358.7185,3029.19614,1357.69382,885.82072
2.C,SE,3272.85002,3193.54499,2985.20565,3078.64702,3406.10803,3522.06535,3331.25713,3282.76854,3240.54476,3234.58023,3309.53764,3384.03374,3499.02696,3248.89731,3494.95765,3219.16909,3154.61702,3320.26965,3091.62364,1792.64634,3255.2619,3090.04626,2756.14137,2806.32137,2751.36063,2694.97789,3073.38423,2881.06026,2618.98014,3588.85052,2686.79615,2956.81508,3152.4849,2975.54832,3126.96162
2.C,SI,342.8824,239.48963,336.0956,237.83267,274.1751,245.49742,231.80687,226.81042,174.06739,187.3581,204.23584,210.49943,271.40875,289.42139,291.85963,282.0905,269.04225,262.64808,195.90131,92.32437,117.26485,174.39639,187.56402,189.46093,191.42375,192.69309,198.07471,205.08207,202.17857,178.37725,134.22504,122.03813,85.45041,50.76848,53.66709
2.C,SK,4586.03422,3442.75031,3049.72838,4688.22902,4152.75707,4616.94897,4957.37246,4951.46624,4513.91521,4381.29382,3703.72356,3718.3565,4657.25793,4482.37492,4914.53203,4389.22291,4921.48297,4700.18196,4520.41536,3837.524,4572.10639,3952.08877,4385.54758,4193.61069,4540.364,4544.19573,4843.52045,4895.9756,4744.92843,4068.10964,3599.07537,4785.49097,3511.60696,3748.66908,3363.91383
2.C,TR,7139.58115,7511.46944,6559.92544,6575.35227,5642.94337,5879.24371,6233.53527,6163.47539,6489.46622,6127.46308,5895.37431,5951.19064,5750.31133,6208.38394,6870.86326,7041.89875,7370.21394,7954.76975,8267.68224,8221.87352,9120.83869,10243.56325,10766.90069,10922.0351,10783.74438,11350.65563,12383.18688,12685.44452,12782.40402,11314.80756,10976.82729,12855.89063,10400.8497,9970.24609,11669.96467
2.C.1,AT,6840.43854,6882.14712,6001.22877,6133.17244,6748.3683,7564.47617,6947.89251,7734.99471,7674.18247,7515.04682,8419.72205,8312.51478,8831.22263,8736.81399,8842.19663,9763.53739,10108.62578,10679.30858,10933.65304,8521.18552,10387.63904,10395.86853,10044.82013,10426.00255,10357.44317,10786.73912,10351.60939,11109.00753,9430.80292,10339.09313,9482.15374,11001.89174,10414.27124,10085.04393,9961.76471
2.C.1,BE,10047.90338,9537.1004,9517.24563,8631.91742,9073.94128,9327.15518,8630.79351,7934.1805,9501.52807,8963.19431,9508.95303,9092.88536,9657.97623,9338.86232,9616.65177,8233.22421,8399.90021,7309.77346,7648.29698,3569.63089,5171.54047,4753.27018,3638.47729,3800.17369,3796.71766,3706.77627,4224.25474,4038.34876,4121.84574,3925.21751,2961.36805,3473.54816,3416.88898,3248.57105,4145.99237
2.C.1,BG,1283.2421,1460.58496,1392.13006,1883.70951,2697.11803,3095.67844,2771.76237,3268.67979,2676.81998,2444.82812,2368.01433,2247.65652,2055.21157,2537.46622,2031.36817,2078.1559,2261.71987,1953.24979,1003.16408,74.17249,53.47256,67.963,50.329,32.6494,40.21639,37.21902,35.86025,35.17381,35.37841,31.57648,21.9803,10.75848,10.54731,11.89751,13.41793
2.C.1,CH,11.90941,11.64274,12.13863,11.95788,11.6113,7.5378,7.45457,7.73974,8.31032,8.5947,9.56068,9.56451,9.92337,10.08132,10.52912,11.2108,12.39746,11.82326,10.12138,6.83263,9.68884,9.8859,9.51748,9.48494,10.22376,8.60127,7.96054,8.67557,8.29165,6.75597,6.46641,7.2941,8.28649,7.01549,6.55849
2.C.1,CY,,,,,,,,,,,,,,,,,,,,,,,,,,,,,,,,,,,
2.C.1,CZ,9782.0279,7768.24331,8087.04609,7479.56631,8188.9297,7961.45174,8309.70166,9003.33148,8702.15259,6273.64529,7416.03228,6987.8785,7237.86611,7875.93741,8221.48887,7059.98719,7993.16118,8288.67454,7730.34442,5947.47189,6590.17707,6541.83237,6374.50883,6562.69214,6745.32862,6471.40423,6734.2154,5988.78273,6439.44592,5813.09417,5772.30307,6347.96675,5580.52464,4334.44411,3025.57343
2.C.1,DE,22810.2933,22466.16652,19248.54372,19837.25734,21403.44724,19270.33323,18592.98554,20633.95928,18765.82846,16687.7977,21872.1395,18894.84228,17279.79729,19436.08337,19438.8261,18154.80034,18887.79013,18039.81016,16600.65765,12069.69342,15454.73811,16073.14821,13775.83768,14162.74675,15856.06455,15743.55638,17285.32062,20462.08087,18729.9674,16945.54918,14736.30193,16509.15309,14743.18722,14930.11443,16386.42445
2.C.1,DK,30.309,30.309,30.309,35.952,33.472,38.549,35.217,34.998,42.343,43.035,40.726,46.932,,,,16.176,,,,,,,,,,,,,,,,,,,
2.C.1,EE,,,,,,,,,,,,,,,,,,,,,,,,,,,,,,,,,,,
2.C.1,EL,104.89,104.15,98.85,101.87,87.39,95.51,83.64,103.42,113.19,98.67,112.68,129.51,181.73,170.64,195.32,229.51,229.61,237.14,215.75,142.82,122.84,133.85,86.82,69.11,70.33,61.36,73.53,80.73,91.16,81.45,74.08,84.09,81.88,65.14665,68.41659
2.C.1,ES,2500.73115,2403.60699,2238.60976,2443.07225,2477.84176,1280.0633,1298.5668,1508.38228,1612.78606,1513.15525,1584.37596,1599.36761,1700.27375,1575.16186,1636.64233,2084.70049,2352.3505,2100.31854,2008.03472,1793.68854,2117.69668,1638.26312,1421.03368,1551.78307,1994.49614,2874.36142,2416.1268,1421.21508,1611.21097,1365.26087,1155.79047,1543.22935,1336.62791,1059.13988,1226.78181
2.C.1,EUA,103487.12251,92839.37854,84089.57272,86316.86383,91051.75142,90048.73779,85679.16445,91035.31403,87293.22787,79055.99072,86421.2218,81015.93765,84377.78209,86535.74137,89968.50422,86148.75269,91137.02769,89316.84887,81014.03863,55082.63549,68593.65575,67262.29396,61307.56177,63902.73674,66403.05409,67433.67255,69683.53507,72260.1353,69612.65656,66601.26639,57311.07506,67003.98886,60012.33094,54020.72607,53488.86249
2.C.1,FI,1967.15458,1978.31414,1982.71452,2104.26748,2112.83789,2067.84154,2188.17685,2403.80285,2407.92876,2435.76772,2376.40899,2426.75197,2304.85929,2467.63074,2562.4622,2391.20301,2459.00462,2480.18605,2538.16301,1953.15695,2422.00542,2362.84799,2269.76092,2072.84935,2050.04146,2129.95579,2179.42178,1908.08258,2073.98093,1852.20395,1731.71815,2075.12862,1956.64639,1953.4287,1949.54081
2.C.1,FR,15788.7603,15035.33157,14293.73424,14322.7026,14148.73172,13609.27201,12870.66635,14013.05385,13859.77832,14472.95218,14736.8487,13670.773,15136.94304,14479.69486,15737.66828,15664.05332,17276.64155,17510.88511,14737.07629,8832.36823,11734.11743,11172.75772,10239.02981,12202.95434,11639.28917,10969.75639,11224.97524,12572.93476,11953.39387,11143.55159,8676.20421,11171.10334,10048.30127,8114.67722,7506.24222
2.C.1,HR,43.80844,23.22929,12.42993,9.01993,8.32631,6.41333,5.4441,8.67822,13.18414,9.26053,8.70377,6.21128,4.41908,5.60931,13.72401,12.70625,13.31164,13.69009,23.41139,4.84275,14.68357,16.64076,1.43408,13.92697,10.11176,9.30009,1.05323,1.86548,8.99406,4.9118,4.92772,14.25887,13.3937,17.90435,11.67829
2.C.1,HU,3154.82051,2526.66896,2270.6104,2314.20318,2626.84537,2605.74568,2520.63894,1822.3171,1558.14315,1694.36908,1661.67906,1560.54474,1661.65631,1638.33053,1591.90965,1543.2175,1561.932,1542.52387,1503.09973,1175.68839,1321.57214,1380.5246,1208.58369,725.85846,908.7675,1236.365,888.13735,1263.84785,1356.22093,1218.10073,1109.59201,838.35986,636.57186,296.72125,15.12775
2.C.1,IE,26.08,23.44,20.56,26.08,21.28,24.8,27.28,26.96,28.64,26.8,28.8,12.0,,,,,,,,,,,,,,,,,,,,,,,
2.C.1,IS,,,,,,,,,,,,,,,,,,,,,,,,,0.8336,0.3444,0.60744,,,,,,,,
2.C.1,IT,3124.07202,2962.08213,2894.38713,3063.80219,2964.22876,2896.94452,2324.19913,2147.09874,1950.56009,1479.83129,1280.03096,1288.77063,1237.30664,1183.38131,1343.43653,1655.90526,1696.19119,1555.64689,1711.40401,1095.57729,1342.96535,1580.04349,1526.261,1440.85172,1376.65509,1326.60458,1473.37115,1407.87449,1436.11481,1357.04996,1214.63557,1505.81338,1391.87364,1324.03649,1232.27816
2.C.1,LI,,,,,,,,,,,,,,,,,,,,,,,,,,,,,,,,,,,
2.C.1,LT,16.98431,13.67806,6.96676,5.42982,5.34918,4.54817,5.07484,5.32992,5.66724,6.24934,6.77655,7.10505,7.17242,6.77892,6.88886,7.26497,6.94854,6.53908,4.68666,4.19023,4.28521,3.90787,3.21895,2.47694,2.59926,2.01741,1.46239,2.07336,1.85568,1.50895,0.04132,0.03776,0.02605,0.02444,0.01972
2.C.1,LU,984.91339,937.74264,853.29252,923.19312,770.83385,465.38264,416.59886,294.09705,140.68825,147.69821,146.04641,154.76156,155.4046,158.9398,172.451,152.92111,209.794,203.488,169.3,128.657,133.613,123.862,100.231,101.5942,102.4603,122.8002,119.3329,107.4344,112.1418,103.7048,96.1503,89.87641,79.43536,86.50569,86.38959
2.C.1,LV,69.55524,54.29576,43.25959,47.97634,50.03536,45.37934,44.15586,60.14405,62.65988,61.37389,61.10209,60.273,60.33034,64.63141,68.5208,49.97667,48.36299,44.40685,37.73226,39.0101,38.64062,13.70627,53.33773,13.87542,0.00903,0.81209,,,,,,,,,
2.C.1,MT,,,,,,,,,,,,,,,,,,,,,,,,,,,,,,,,,,,
2.C.1,NL,43.67845,41.66313,43.94116,48.41084,49.77547,51.57282,52.03224,54.56201,52.01824,49.85818,33.5565,48.5425,67.46672,55.14489,43.057,68.8915,62.80333,59.09383,64.51967,20.80933,22.42523,22.81929,20.3712,15.24713,25.24814,16.42348,10.97215,14.03657,19.42762,18.10682,17.12608,18.77163,15.86029,8.52287,5.58008
2.C.1,NO,12.35047,15.87918,19.40789,21.57904,19.36681,21.53613,21.30653,24.15724,27.435,25.174,27.384,28.13,29.96058,30.24224,31.30055,30.28412,33.332,29.5132,27.2659,25.3444,21.44067,25.57374,32.30888,26.721,27.02598,20.75705,17.70538,27.381,27.83459,27.949,32.14586,32.59414,34.4043,34.07358,30.394
2.C.1,PL,4958.82573,3514.22842,3037.4137,2854.00543,3114.76681,3209.82677,2730.56261,2848.68542,2142.92393,1901.6637,2487.20807,2005.12786,1903.54617,2081.61478,2283.68151,1656.18873,1946.98357,2194.11005,1723.28369,1191.96526,1210.46366,1570.609,1511.76815,1665.27189,2012.89801,1875.77446,1886.20931,1662.71594,2151.52497,1897.14963,1368.46295,1566.23861,1431.60751,998.17235,1110.97673
2.C.1,PT,439.62196,366.1456,472.24532,451.16056,472.42856,581.0217,633.19337,541.02419,492.98312,484.43009,496.11212,205.60216,57.00444,73.83379,90.07374,97.04142,110.8516,112.91937,106.99217,68.06156,44.96951,48.98801,57.02745,60.87545,62.04169,95.60813,73.96549,65.88484,62.24811,80.92156,83.89844,64.98594,54.33029,61.30049,65.79919
2.C.1,RO,12620.79618,9057.51804,6462.67347,6748.45609,7348.42285,8612.72042,7940.54998,9296.74363,8758.11699,6113.26482,5712.18182,6063.86144,7786.74575,7965.35438,8890.2848,8674.35236,8493.84051,8073.59335,5694.73381,3540.44708,3511.603,3259.0808,2853.89141,2941.76973,3054.16708,3772.22094,3814.4004,3490.83139,3748.82606,3845.54931,3512.67117,4013.98133,2900.85016,1243.10685,764.56173
2.C.1,SE,2636.62823,2593.65584,2396.78824,2471.70023,2783.46441,2882.8048,2674.86294,2698.75181,2610.45007,2619.52575,2686.33486,2786.62079,2870.60528,2671.59384,2851.2447,2605.47514,2570.34684,2706.42589,2500.40878,1381.46032,2758.7058,2564.59135,2162.80833,2227.25226,2193.97064,2113.20899,2498.48095,2240.71849,1980.43775,2964.11487,2092.57096,2342.10645,2524.08527,2403.95754,2585.91108
2.C.1,SI,43.6129,25.28454,26.92914,24.58376,29.76692,28.62073,23.15783,26.84199,27.36672,27.89144,32.06898,31.90882,33.20096,37.35979,39.39611,42.10769,41.38449,43.64254,45.59827,30.84692,45.93563,48.89723,47.5429,49.47052,52.79384,53.28205,55.84063,58.47898,59.85441,58.87043,53.28014,57.80493,51.32509,44.07257,48.68962
2.C.1,SK,4167.9749,3033.79211,2657.66358,4355.35502,3834.14963,4322.62625,4552.01114,4565.27716,4093.28832,3985.68201,3344.71978,3375.49581,4147.04346,3974.87785,4291.21116,3907.35623,4405.47314,4161.42282,4013.72804,3496.8913,4089.56627,3488.82218,3860.46853,3763.30476,4051.4046,4028.12649,4334.99487,4328.0174,4187.82419,3554.28066,3145.81846,4274.88416,3324.09676,3733.9377,3277.69621
2.C.1,TR,6938.82834,7306.7946,6358.35603,6422.4751,5434.59339,5667.63832,6019.9444,5918.31481,6239.84094,5888.31373,5717.73035,5783.57882,5617.10312,6078.5987,6743.32726,6897.74438,7155.33698,7718.01102,8042.73037,8105.06638,8870.4596,9919.59141,10464.39587,10564.13244,10472.11251,10724.60123,11707.17276,11939.52252,11945.55469,10626.71607,10173.41679,11936.02842,9629.41294,9218.788,11020.52931
2.C.2,AT,20.808,20.808,20.808,20.808,20.808,20.808,18.768,19.312,19.176,18.904,18.904,18.088,17.1088,16.728,16.864,18.7,18.7,19.72,17.408,17.272,19.72,19.72,19.72,19.72,19.72,19.72,19.72,19.72,18.36,18.36,17.0,17.0,17.0,16.32,13.6
2.C.2,BE,,,,,,,,,,,,,,,,,,,,,,,,,,,,,,,,,,,
2.C.2,BG,129.36907,73.06806,31.56832,26.89997,35.6291,55.82212,60.41336,79.89414,44.71863,42.28425,21.8847,23.98438,18.04508,44.07608,40.20955,20.0976,40.40414,36.79921,20.9939,7.81626,2.34716,0.6176,0.07957,0.05259,0.0775,0.0382,0.04051,0.02324,,,,,,,
2.C.2,CH,,,,,,,,,,,,,,,,,,,,,,,,,,,,,,,,,,,
2.C.2,CY,,,,,,,,,,,,,,,,,,,,,,,,,,,,,,,,,,,
2.C.2,CZ,0.02625,0.035,0.04387,0.0675,0.09167,0.17775,0.16042,0.08333,0.16042,0.16042,0.15833,0.15833,0.15833,0.20275,0.2905,0.2201,0.41218,0.16706,0.15524,0.14342,0.28224,0.31325,0.46618,0.5025,0.4965,0.53042,0.56033,0.62642,0.592,0.65683,0.47542,0.69533,0.50158,0.33742,0.4345
2.C.2,DE,429.0,248.414,163.428,53.227,21.85797,9.10745,9.62885,8.41005,7.70869,7.56965,8.65909,8.47517,8.28025,8.38068,8.7593,8.51631,8.87425,6.20499,6.71572,5.23853,6.22655,6.26274,6.00842,6.19113,5.995,6.06683,6.1534,6.28265,5.85838,5.91866,5.96574,6.4097,6.47647,5.742,5.742
2.C.2,DK,,,,,,,,,,,,,,,,,,,,,,,,,,,,,,,,,,,
2.C.2,EE,,,,,,,,,,,,,,,,,,,,,,,,,,,,,,,,,,,
2.C.2,EL,622.23,633.22,610.2,432.48,640.27,678.72,704.28,696.68,593.62,533.68,598.98,687.92,744.55,764.37,735.16,732.35,721.85,775.61,652.43,355.39,536.69,683.69,698.45,659.12,702.65,718.26,707.49,721.76,640.12,553.09,286.91,199.19,109.72,,
2.C.2,ES,285.35266,250.21672,157.86763,243.38958,303.59151,354.57052,374.18804,424.96685,472.7247,444.74831,500.14076,514.08252,537.36106,566.90073,592.03526,635.54014,624.75057,655.51286,681.27845,269.99365,620.62028,655.87133,640.75854,606.12587,637.50498,595.33936,571.95221,646.45081,669.7535,496.53595,310.29681,389.75337,237.79899,122.23237,210.13101
2.C.2,EUA,4659.83485,4111.40713,3726.51791,3288.93856,3672.20789,3811.12359,3940.27618,3810.51311,3695.11453,3335.19648,3597.93774,3318.84575,3439.94499,3769.21494,3647.47954,3402.83342,3267.33636,3383.56585,3126.50372,1623.45437,2855.56131,3178.03717,3133.6014,2810.41633,2998.2858,2877.681,2987.78121,3071.93437,3036.04292,2588.24574,1725.05998,2168.33484,1662.32699,1081.16548,1233.69354
2.C.2,FI,,,,,,,,,,,,,,,,,,,,,,,,,,,,,,,,,,,
2.C.2,FR,1262.23459,1340.66878,1340.66878,1340.66878,1340.66878,1347.43218,1306.19557,1315.80816,1349.71531,1343.84157,1390.92897,1133.536,1131.36337,1147.53959,894.41567,993.20037,1128.10304,980.48115,958.8526,683.76769,1009.55141,1094.65534,999.68899,936.82547,1024.00562,987.0391,1134.08303,1120.25584,1165.32183,1012.49083,643.05172,846.99038,812.64339,623.9028,508.39321
2.C.2,HR,173.7976,165.3784,108.6762,48.4442,72.8452,33.9053,13.7267,32.1438,16.4692,18.4117,20.9786,0.941,0.305,1.0072,,,,,,,,,,,,,,,,,,,,,
2.C.2,HU,34.88,,,,,,,,,,,,,,,,,,,,,,,,,,,,,,,,,,
2.C.2,IE,,,,,,,,,,,,,,,,,,,,,,,,,,,,,,,,,,,
2.C.2,IS,208.79655,175.39675,186.75976,236.64911,230.64409,243.96454,233.19844,255.1778,196.83818,255.80591,362.60677,382.92703,400.60596,399.13989,398.64877,376.83593,378.67314,398.15672,349.27363,350.61378,369.70003,377.47027,410.12313,406.15874,368.42751,400.9175,405.16546,428.32084,452.24336,428.79342,415.30481,472.0452,513.25852,404.35243,522.51012
2.C.2,IT,394.5048,324.29368,279.46998,246.10476,196.03656,230.11735,347.62009,291.00581,280.2819,184.90225,229.3164,186.79577,77.85195,82.10625,87.1933,89.19053,82.83061,85.64874,81.11435,61.42859,76.8598,73.71827,70.33169,34.65452,24.16372,,,,,,,,,,
2.C.2,LI,,,,,,,,,,,,,,,,,,,,,,,,,,,,,,,,,,,
2.C.2,LT,,,,,,,,,,,,,,,,,,,,,,,,,,,,,,,,,,,
2.C.2,LU,,,,,,,,,,,,,,,,,,,,,,,,,,,,,,,,,,,
2.C.2,LV,,,,,,,,,,,,,,,,,,,,,,,,,,,,,,,,,,,
2.C.2,MT,,,,,,,,,,,,,,,,,,,,,,,,,,,,,,,,,,,
2.C.2,NL,,,,,,,,,,,,,,,,,,,,,,,,,,,,,,,,,,,
2.C.2,NO,2553.56547,2202.15372,2211.92922,2435.74855,2790.74334,2867.63457,2863.93732,2869.89432,3105.39969,3176.57047,3155.41353,2800.73645,2438.41365,2263.33687,2711.1451,2393.58,1816.82482,2127.78487,2256.826,1445.679,2171.478,2335.12471,2314.58559,2376.81698,2604.57403,2510.68737,2611.00171,2638.83203,2534.62079,2577.91852,2691.4056,2785.45992,2818.54258,2549.42832,2489.13858
2.C.2,PL,354.4,240.4,144.4,172.4,216.8,281.6,287.2,309.2,300.0,250.0,223.876,194.432,167.036,370.8,334.208,260.472,52.136,234.152,224.124,38.692,212.824,290.672,312.46,294.356,251.512,311.016,310.728,262.928,254.472,262.092,246.836,293.48,205.484,164.188,290.876
2.C.2,PT,,,,,,,,,,,,,,,,,,,,,,,,,,,,,,,,,,,
2.C.2,RO,313.06371,233.19641,179.20735,132.38663,208.575,213.7905,244.074,142.2695,103.8317,0.8025,123.0697,124.4806,118.608,198.9186,272.9039,165.5523,78.6467,37.6152,19.2089,19.9901,43.9714,32.9768,19.1114,,,,,,,,,,,,
2.C.2,SE,227.57879,231.31447,240.32409,232.5874,249.1967,265.89136,267.09464,211.29997,241.56461,240.42948,240.39323,215.27129,238.09953,199.26885,257.47845,226.02556,217.43015,224.81057,194.79903,48.20989,107.39931,117.56,101.02398,87.86505,109.26609,,,,,,,162.91565,196.72125,140.67269,135.07235
2.C.2,SI,115.85006,60.7754,168.85088,76.08073,106.26997,83.53833,80.67412,70.41392,18.1589,29.4223,38.2015,44.7793,47.5205,40.878,36.8949,25.322,17.538,25.5195,6.37988,,,,,,,,,,,,,,,,
2.C.2,SK,296.73932,289.6182,281.0048,263.394,259.56744,235.64272,226.2524,209.0256,246.98448,220.04005,182.44645,165.9014,333.65712,328.03822,371.0667,227.6465,275.66072,301.32458,263.04366,115.51224,219.06916,201.97986,265.50264,165.0032,222.8944,239.6711,237.05373,293.88741,281.56522,239.10148,214.5243,251.90041,75.9813,7.77021,69.44447
2.C.2,TR,61.555,71.695,66.04,61.789,60.502,59.865,66.885,69.316,69.7515,64.4865,47.554,34.437,14.56,14.027,11.349,32.45151,74.44932,88.46404,91.62526,59.28749,85.13791,120.71245,113.29717,183.58211,126.2053,125.7919,134.5474,139.3249,169.8372,153.69471,147.66422,192.96901,124.85388,79.10847,85.7893
2.C.3,AT,150.26242,150.26242,60.127,0.627,0.627,0.627,0.627,1.9855,1.9855,1.9855,1.9855,1.86932,1.75313,1.63695,1.52077,1.40458,1.2884,1.17222,1.05604,2.95676,3.91705,4.6616,6.9695,5.93679,6.69044,7.63192,5.18374,5.14513,5.72071,5.41757,4.62695,5.79844,4.90869,4.61032,6.44772
2.C.3,BE,,,,,,,,,,,,,,,,,,,,,,,,,,,,,,,,,,,
2.C.3,BG,,,,,,,,,,,,,,,,,,,,,,,,,,,,,,,,,,,
2.C.3,CH,139.2592,131.0352,120.6288,58.2976,38.6736,33.1632,42.5488,43.7104,51.7056,55.0992,56.8608,58.08,64.32,70.24,71.84,71.68,19.2,,,,,,,,,,,,,,,,,,
2.C.3,CY,,,,,,,,,,,,,,,,,,,,,,,,,,,,,,,,,,,
2.C.3,CZ,,,,,,,,,,,,,,,,,,,,,,,,,,,,,,,,,,,
2.C.3,DE,1011.92312,943.6401,824.0276,754.48968,688.1478,786.025,788.0755,781.7873,836.7243,863.944,880.06503,892.37213,894.70423,903.86177,914.29608,882.82911,705.95298,757.22778,828.30904,398.84002,550.56745,591.2275,561.04824,673.06706,725.44366,740.06509,747.48107,751.84317,722.96256,694.34578,723.21819,696.06683,466.4368,259.0059,302.61744
2.C.3,DK,,,,,,,,,,,,,,,,,,,,,,,,,,,,,,,,,,,
2.C.3,EE,,,,,,,,,,,,,,,,,,,,,,,,,,,,,,,,,,,
2.C.3,EL,225.39,229.48,230.64,222.44,207.87,197.12,197.12,199.77,219.99,240.87,244.86,244.05,246.85,250.85,250.97,249.08,247.66,249.16,250.32,192.39,207.22,242.03,270.56,276.63,276.87,286.71,291.28,288.12,289.52,291.36,294.08,298.57,301.68,298.67122,297.69768
2.C.3,ES,610.293,607.958,611.383,602.951,569.78,609.743,608.475,611.957,605.048,610.306,615.439,625.717,637.76,640.527,648.505,661.653,681.655,672.137,686.086,595.785,617.822,684.129,581.8,573.271,581.14379,596.87302,608.0339,610.36346,614.14183,392.63911,354.18882,334.06682,8.52178,,0.47513
2.C.3,EUA,4316.57166,4046.8665,3656.34865,3448.61519,3297.68379,3460.62651,3622.87823,3715.83868,3878.60037,4027.45195,4085.40592,4141.97291,4263.37746,4326.35143,4448.74657,4416.26353,4153.48305,4255.47641,4244.77835,3028.06367,3328.31712,3631.60137,3238.60026,3135.95618,3086.52059,3249.5226,3315.83319,3328.35872,3272.10622,3074.1763,2959.42654,2935.34459,1854.16889,1453.15825,1567.0119
2.C.3,FI,,,,,,,,,,,,,,,,,,,,,,,,,,,,,,,,,,,
2.C.3,FR,533.646,473.752,694.803,656.284,595.3,578.248,595.476,633.81,663.076,723.325,719.894,753.181,786.909,748.118,714.175,698.06142,711.81921,681.35748,635.72256,569.198,597.191,548.84158,567.79572,569.49562,606.63613,657.75417,680.70085,678.19838,628.61723,666.79068,669.88503,693.29601,621.98582,604.73268,669.23257
2.C.3,HR,118.7968,81.4896,,,,,,,,,,,,,,,,,,,,,,,,,,,,,,,,,
2.C.3,HU,127.72029,106.89158,45.58975,47.3943,50.40024,54.24683,56.89475,57.24648,57.30751,57.18851,57.54534,58.80453,59.99929,59.56426,58.39398,54.03025,,,,,,,,,,,,,,,,,,,
2.C.3,IE,,,,,,,,,,,,,,,,,,,,,,,,,,,,,,,,,,,
2.C.3,IS,139.21058,142.02651,136.78732,141.62259,150.99484,153.96821,160.27576,192.82297,271.06174,354.32411,352.95044,382.44684,401.22462,410.19845,415.89286,417.14855,516.3513,692.97773,1186.81552,1231.48965,1237.55394,1214.3013,1244.20655,1274.19054,1279.50366,1299.55848,1271.53885,1324.45543,1313.87169,1276.05864,1261.30419,1272.20346,1282.45293,1334.55737,1301.90913
2.C.3,IT,359.29,337.9,249.085,241.18,272.18,275.59,285.82,290.935,289.85,290.16,294.60295,291.06365,296.0683,336.87615,301.06062,299.32627,297.38116,354.33805,369.92361,344.6998,250.03641,239.69599,159.1776,,,,,,,,,,,,
2.C.3,LI,,,,,,,,,,,,,,,,,,,,,,,,,,,,,,,,,,,
2.C.3,LT,,,,,,,,,,,,,,,,,,,,,,,,,,,,,,,,,,,
2.C.3,LU,,,,,,,,,,,,,,,,,,,,,,,,,,,,,,,,,,,
2.C.3,LV,,,,,,,,,,,,,,,,,,,,,,,,,,,,,,,,,,,
2.C.3,MT,,,,,,,,,,,,,,,,,,,,,,,,,,,,,,,,,,,
2.C.3,NL,408.41713,396.94325,352.18095,345.00198,331.0551,326.99798,341.25651,346.94919,396.32347,433.19789,454.34339,442.27399,431.52216,424.89319,493.64335,498.88824,428.46251,481.87858,498.2295,247.30416,324.69019,446.73866,164.30329,124.77793,3.18193,39.9058,52.08141,42.52125,75.92473,132.20487,114.60547,82.27999,15.14378,0.02139,0.00099
2.C.3,NO,1419.68545,1403.34533,1371.09067,1426.98381,1364.97983,1380.58173,1389.90365,1506.8409,1615.86756,1639.12155,1665.53489,1678.27489,1730.27675,1890.07574,2085.19401,2174.68901,2192.08332,2189.69622,2230.82159,1790.25283,1812.02201,1734.81419,1753.59224,1817.25466,1764.90892,1856.60002,1890.31523,1943.0426,1979.6535,2017.36149,2018.4911,2167.71386,2129.53003,1971.99276,2020.03666
2.C.3,PL,78.1558,77.8481,74.1676,79.8014,84.1653,94.7376,88.2708,91.1438,92.0856,86.6558,88.9695,92.82,99.96,97.308,100.1827,91.0894,95.0963,90.7443,79.441,,,,,,,,,,,,,,,,
2.C.3,PT,,,,,,,,,,,,,,,,,,,,,,,,,,,,,,,,,,,
2.C.3,RO,268.3792,246.3408,171.5088,178.776,189.12,224.96,224.368,261.9264,279.5392,278.5264,277.2336,287.712,298.544,334.96126,362.1459,372.61536,397.30685,402.13507,399.93019,299.03611,314.75071,335.975,335.627,319.56749,317.50803,334.03168,336.09026,334.60567,339.07097,329.03768,314.90397,337.0153,119.58614,106.23309,110.79015
2.C.3,SE,132.86012,133.18056,99.81617,120.31656,119.35523,128.8301,136.70275,135.96953,138.82639,139.66009,144.60527,145.845,145.95,141.785,141.039,143.531,142.341,139.793,114.275,97.591,134.558,158.63,199.82232,197.5133,173.1964,180.2371,190.2275,206.1209,187.66569,177.16216,172.32001,173.70827,174.65902,170.78427,163.02922
2.C.3,SI,170.11779,141.84009,131.95978,129.87327,130.64313,124.821,120.683,125.195,124.202,126.061,129.305,129.305,186.8,206.511,210.56,209.53472,204.17053,188.09837,137.84175,55.14236,64.09335,118.39526,131.97979,130.46,129.85402,129.98029,133.34102,137.43076,132.953,110.50415,72.8905,55.86753,29.79795,2.22303,
2.C.3,SK,121.32,119.34,111.06,69.48,59.04,58.68,179.10892,177.16348,173.6424,175.57176,176.55734,176.95929,176.55734,179.45885,252.25417,254.22019,240.34911,237.43456,243.64367,225.12045,263.47095,261.27677,259.5168,265.23698,265.99617,276.33352,271.41344,274.01001,275.52951,274.71431,238.70761,258.67541,111.4489,6.87637,16.721
2.C.3,TR,99.15782,101.69584,97.6534,54.07677,110.32499,114.43519,108.24227,108.233,115.45022,113.8953,112.74264,111.35187,110.93878,111.30677,111.48355,102.17243,107.96786,117.34339,111.76266,51.15401,96.39191,100.31991,76.41809,55.30725,54.87131,74.69315,117.33677,108.42017,107.34663,112.10167,117.68008,117.7837,117.73929,110.07073,110.47489
2.C.4,AT,,,,,,,,,,,,,,,,,,,,,,,,,,,,,,,,,,,
2.C.4,BE,,,,,,,,,,,,,,,,,,,,,,,,,,,,,,,,,,,
2.C.4,BG,,,,,,,,,,,,,,,,,,,,,,,,,,,,,,,,,,,
2.C.4,CH,,,,,,,,,,,,,,,,,,,,,,,,,,,,,,,,,,,
2.C.4,CY,,,,,,,,,,,,,,,,,,,,,,,,,,,,,,,,,,,
2.C.4,CZ,,,,,,,,,,,,,,,,,,,,,,,,,,,,,,,,,,,
2.C.4,DE,,,,,,,,,,,,,,,,,,,,,,,,,,,,,,,,,,,
2.C.4,DK,,,,,,,,,,,,,,,,,,,,,,,,,,,,,,,,,,,
2.C.4,EE,,,,,,,,,,,,,,,,,,,,,,,,,,,,,,,,,,,
2.C.4,EL,,,,,,,,,,,,,,,,,,,,,,,,,,,,,,,,,,,
2.C.4,ES,,,,,,,,,,,,,,,,,,,,,,,,,,,,,,,,,,,
2.C.4,EUA,,,,,,,,,,,,,,,,,,,,,,,,,,,,,,,,,,,
2.C.4,FI,,,,,,,,,,,,,,,,,,,,,,,,,,,,,,,,,,,
2.C.4,FR,,,,,,,,,,,,,,,,,,,,,,,,,,,,,,,,,,,
2.C.4,HR,,,,,,,,,,,,,,,,,,,,,,,,,,,,,,,,,,,
2.C.4,HU,,,,,,,,,,,,,,,,,,,,,,,,,,,,,,,,,,,
2.C.4,IE,,,,,,,,,,,,,,,,,,,,,,,,,,,,,,,,,,,
2.C.4,IS,,,,,,,,,,,,,,,,,,,,,,,,,,,,,,,,,,,
2.C.4,IT,,,,,,,,,,,,,,,,,,,,,,,,,,,,,,,,,,,
2.C.4,LI,,,,,,,,,,,,,,,,,,,,,,,,,,,,,,,,,,,
2.C.4,LT,,,,,,,,,,,,,,,,,,,,,,,,,,,,,,,,,,,
2.C.4,LU,,,,,,,,,,,,,,,,,,,,,,,,,,,,,,,,,,,
2.C.4,LV,,,,,,,,,,,,,,,,,,,,,,,,,,,,,,,,,,,
2.C.4,MT,,,,,,,,,,,,,,,,,,,,,,,,,,,,,,,,,,,
2.C.4,NL,,,,,,,,,,,,,,,,,,,,,,,,,,,,,,,,,,,
2.C.4,NO,127.648,118.02,109.2,107.0,96.0,126.0,122.0,142.9,150.2,174.0,168.8,164.362,0.00448,,,,,,,,,,,,,,,,,,,,,,
2.C.4,PL,,,,,,,,,,,,,,,,,,,,,,,,,,,,,,,,,,,
2.C.4,PT,,,,,,,,,,,,,,,,,,,,,,,,,,,,,,,,,,,
2.C.4,RO,,,,,,,,,,,,,,,,,,,,,,,,,,,,,,,,,,,
2.C.4,SE,,,,,,,,,,,,,,,,,,,,,,,,,,,,,,,,,,,
2.C.4,SI,,,,,,,,,,,,,,,,,,,,,,,,,,,,,,,,,,,
2.C.4,SK,,,,,,,,,,,,,,,,,,,,,,,,,,,,,,,,,,,
2.C.4,TR,,,,,,,,,,,,,,,,,,,,,,,,,,,,,,,,,,,
2.C.5,AT,4.7022,4.5358,3.6406,3.5714,4.3738,4.3738,4.3781,4.3824,4.3867,4.391,4.3953,4.3996,4.4039,4.4082,4.7652,4.8714,5.624,5.7128,5.3804,4.4394,5.0998,5.2416,4.9008,4.9942,5.0272,4.8798,5.0,5.2,5.4,5.4,5.4,5.4,5.4,5.4,5.4
2.C.5,BE,,,,,,,,,,,,,,,,,,,,,,,,,,,,,,,,,,,
2.C.5,BG,107.2859,90.61041,85.57569,91.85298,103.16336,96.93765,120.3723,116.97499,128.72213,134.30319,129.9663,134.01793,109.16667,113.88712,144.22567,150.57707,130.95664,156.5984,149.43205,131.62217,137.57935,133.67413,98.57002,85.60601,95.38835,86.04453,54.44928,8.60511,8.77998,7.86975,8.51672,9.20503,9.15362,7.99985,9.51099
2.C.5,CH,,,,,,,,,,,,,,,,,,,,,,,,,,,,,,,,,,,
2.C.5,CY,,,,,,,,,,,,,,,,,,,,,,,,,,,,,,,,,,,
2.C.5,CZ,4.0366,3.0418,3.29,4.8722,4.5162,4.6924,4.275,3.6522,4.6708,4.7354,5.4348,5.5762,5.1294,4.8244,5.019,6.123,7.09894,6.8422,7.9776,6.7596,7.9048,7.5318,9.0548,8.7306,8.9634,8.809,9.2754,11.1794,10.0282,10.7246,9.1914,10.1902,9.3748,9.8542,10.2998
2.C.5,DE,157.866,128.3735,125.8995,121.057,122.342,116.494,52.0,72.35,78.65,78.65,85.9,83.0,83.05,78.0,77.6,74.35,69.4,76.55,88.65,83.365,87.34,92.635,91.289,87.94535,82.49595,82.42935,74.5852,77.1954,67.4547,71.1433,73.5869,64.3736,47.685,65.09285,64.89195
2.C.5,DK,0.158,0.158,0.158,0.2,0.2,0.2,0.158,0.158,0.158,0.158,0.158,0.266,0.1338,0.0628,0.154,0.1882,0.15,0.184,0.1664,0.206,0.177,0.2376,0.1324,0.1566,0.175,0.199,0.145,0.171,0.1196,0.1144,0.0888,0.0694,0.0548,0.06572,0.06318
2.C.5,EE,0.75918,0.64768,0.34088,0.22726,0.6684,0.64893,0.71311,1.01665,1.45701,1.32344,1.55313,1.45296,1.39148,0.6823,1.64932,1.52128,2.37245,2.44687,2.49114,2.38967,2.4508,3.15248,3.37064,3.10127,3.04184,3.03044,3.47711,3.42314,3.35081,3.29263,2.90049,2.99896,2.67249,2.95615,3.07052
2.C.5,EL,13.624,15.96764,14.5392,14.98224,14.77008,10.608,6.00132,10.036,9.36,11.44,9.4822,14.88188,15.236,1.84,0.8,2.36,6.26,8.6,14.32328,10.85404,8.344,8.368,10.5912,10.76,12.284,12.34,13.036,12.152,14.008,13.696,16.424,15.136,12.052,14.7872,14.78304
2.C.5,ES,47.186,43.637,11.0,13.6,13.8,15.0,17.2,18.04,18.84,19.5,23.946,24.32,23.1104,20.55,21.0,23.2578,25.89,25.6,29.0,27.6,32.6,34.194,32.44524,34.6926,34.6926,35.21146,33.755,37.6844,37.437,37.803,34.39776,40.42581,43.07203,44.9526,45.8895
2.C.5,EUA,391.60233,333.09266,291.25096,300.02614,314.26183,302.86705,256.03435,272.74058,291.51461,301.87648,312.80468,307.11722,287.08533,273.11517,313.54594,330.28949,313.45363,357.35581,373.87064,326.02753,349.28402,346.75535,314.85613,298.5425,301.16383,286.3456,252.43206,215.65835,207.84725,209.21036,210.73398,212.34328,191.56678,211.83442,215.36761
2.C.5,FI,,,,,,,,,,,,,,,,,,,,,,,,,,,,,,,,,,,
2.C.5,FR,,,,,,,,,,,,,,,,,,,,,,,,,,,,,,,,,,,
2.C.5,HR,,,,,,,,,,,,,,,,,,,,,,,,,,,,,,,,,,,
2.C.5,HU,,,,,,,,,,,,,,,,,,,,,,,,,,,,,,,,,,,
2.C.5,IE,,,,,,,,,,,,,,,,,,,,,,,,,,,,,,,,,,,
2.C.5,IS,,,,,,,,,,,,,,,,,,,,,,,,,,,,,,,,,,,
2.C.5,IT,,,,,,,,,,,,,,,,,,,,,,,,,,,,,,,,,,,
2.C.5,LI,,,,,,,,,,,,,,,,,,,,,,,,,,,,,,,,,,,
2.C.5,LT,,,,,,,,,,,,,,,,,,,,,,,,,,,,,,,,,,,
2.C.5,LU,,,,,,,,,,,,,,,,,,,,,,,,,,,,,,,,,,,
2.C.5,LV,,,,,,,,,,,,,,,,,,,,,,,,,,,,,,,,,,,
2.C.5,MT,,,,,,,,,,,,,,,,,,,,,,,,,,,,,,,,,,,
2.C.5,NL,,,,,,,,,,,,,,,,,,,,,,,,,,,,,,,,,,,
2.C.5,NO,,,,,,,,,,,,,,,,,,,,,,,,,,,,,,,,,,,
2.C.5,PL,33.70224,26.40352,27.92036,32.3986,31.84896,34.528,34.32,33.644,33.436,33.28,23.61424,14.98796,17.68,17.68,29.55004,32.4766,34.99496,41.6312,44.67164,41.16008,47.41048,43.6982,49.81652,47.63772,44.8682,35.7708,34.18012,32.19164,33.54728,31.6368,33.75008,38.5632,36.73956,33.80988,35.92316
2.C.5,PT,6.74762,6.94391,7.06352,4.45366,4.40022,3.32667,3.15572,2.83429,1.22789,4.507,12.29461,9.38418,12.59453,12.86195,11.71277,12.18777,11.01691,9.84605,7.81276,7.9099,8.43076,8.63588,7.98218,7.98655,6.92711,10.10651,11.06817,12.02982,13.22756,12.84612,12.68575,12.97852,15.1826,16.76585,14.9863
2.C.5,RO,6.76,5.2,4.68,6.24,7.8,9.36,7.28,6.76,7.8,6.76,13.0,11.44,11.96,14.56,13.0,18.27228,15.14916,18.37784,17.98992,4.51724,5.85416,3.50844,0.76336,0.58136,0.66872,0.68588,6.99712,9.15928,7.735,8.18636,7.96588,6.94616,6.98308,6.84372,6.91704
2.C.5,SE,,,,,,,,,,,,,,,,,,,,,,,,,,,,,,,,,,,
2.C.5,SI,8.7746,7.5734,7.1432,6.5708,6.3788,6.6976,6.1808,2.89205,2.80607,2.82846,3.06009,3.39052,3.22916,3.7584,4.06995,4.1041,4.54057,4.96644,5.97545,5.20443,6.09287,5.86825,5.89924,6.29802,6.57292,6.7742,6.40525,6.6064,6.7496,6.4842,5.8012,6.0254,3.1168,3.2216,3.58
2.C.5,SK,,,,,,,,,,,,,,,,,,,,,,0.00996,0.04073,0.05222,0.05854,0.06462,0.05841,0.06077,0.00952,0.0132,0.025,0.031,0.08,0.0848,0.05214
2.C.5,TR,2.2,1.7,2.1,1.9234,1.747,2.2172,2.6876,2.93958,3.19156,3.44355,3.69553,3.94751,4.19949,4.45147,4.70345,4.95544,5.20742,5.4594,5.82228,6.36564,6.6,7.128,7.14,8.28,7.356,8.57328,7.968,8.8644,8.70612,8.82,9.42444,9.31236,9.20028,9.0882,10.85604
2.C.6,AT,,,,,,,,,,,,,,,,,,,,,,,,,,,,,,,,,,,
2.C.6,BE,7.77101,8.20915,8.84475,8.6724,7.43382,7.60578,7.64548,8.88398,8.7358,9.6213,10.08155,10.7814,10.55519,11.08476,12.58123,10.72806,13.59063,10.69109,11.19072,1.50835,14.74781,10.94283,10.09937,9.39504,10.61653,12.14695,7.98083,7.97939,9.3017,10.7862,8.22118,7.67747,7.2652,7.72086,8.32235
2.C.6,BG,82.69811,64.36593,63.36861,59.22477,70.14714,75.36392,74.54524,77.17336,80.86457,78.29563,83.97929,95.05729,92.29985,100.8385,100.50242,96.37834,96.80338,95.52792,95.79918,94.48455,95.2425,113.62086,141.19213,103.48277,113.60401,100.75775,133.07009,139.27669,141.95422,121.19936,118.43522,112.68486,131.5193,138.21382,177.14997
2.C.6,CH,,,,,,,,,,,,,,,,,,,,,,,,,,,,,,,,,,,
2.C.6,CY,,,,,,,,,,,,,,,,,,,,,,,,,,,,,,,,,,,
2.C.6,CZ,8.69804,5.13248,1.82664,1.43448,0.774,0.83592,0.4988,0.31992,0.85484,0.6364,0.4558,0.52804,0.66392,0.58996,0.61748,0.67252,1.08704,0.61232,0.8342,0.7138,0.58996,0.52632,0.63124,0.44376,0.4902,0.4128,0.57792,0.52976,0.66564,0.45236,0.41452,0.45752,0.48848,0.35432,0.2494
2.C.6,DE,670.8,681.12,686.28,741.32,706.92,612.32,622.64,598.56,620.92,620.92,614.04,615.76,651.88,667.36,657.04,576.2,589.96,576.2,502.24,263.16,284.316,292.228,291.36972,279.03732,288.0656,293.69688,290.31364,302.50672,305.28796,304.37808,284.30052,289.16296,232.01768,1.2986,81.65356
2.C.6,DK,,,,,,,,,,,,,,,,,,,,,,,,,,,,,,,,,,,
2.C.6,EE,,,,,,,,,,,,,,,,,,,,,,,,,,,,,,,,,,,
2.C.6,EL,45.924,67.08,45.064,42.74888,29.584,24.94,23.39544,30.616,50.052,33.74468,34.97792,35.19292,51.6,52.288,,2.236,28.23208,30.96,34.916,31.17672,34.34324,33.65008,35.96864,36.12,39.044,25.628,32.508,31.476,34.916,37.496,48.332,39.904,20.64,29.24,34.529
2.C.6,ES,33.15845,36.41703,42.02246,47.78126,42.30105,40.2384,40.58312,43.80511,46.59517,41.10651,56.37091,52.91817,57.51568,51.76423,56.66255,54.39714,55.95633,82.1685,77.05069,83.30171,78.60214,95.63912,90.7931,79.029,72.453,69.531,74.289,76.049,76.378,78.19971,78.51018,69.49712,69.39055,68.58373,69.78394
2.C.6,EUA,1610.31102,1609.32236,1612.14654,1693.74021,1673.24199,1678.64608,1681.16597,1688.79214,1749.52586,1743.82364,1763.19629,1772.59145,1794.2803,1727.77313,1573.37078,1475.11552,1389.12994,1470.26079,1388.43911,892.09912,913.37701,956.0201,1029.26491,1007.30235,1028.42742,1000.17929,1026.86873,1073.67292,1060.83098,1062.34071,1002.79604,1008.1452,897.63171,650.11671,765.99557
2.C.6,FI,,,,,,,,,,,,,,,,,,,,,,,,,,,,,,,,,,,
2.C.6,FR,10.54905,10.66634,11.38581,11.29027,11.18274,81.84229,78.78678,78.8063,87.34399,103.3135,92.4987,99.42443,106.89505,107.22358,72.43737,65.03832,52.63494,57.6997,60.1434,28.48244,71.57386,69.1504,64.25785,62.82884,68.42727,61.31724,63.71142,72.42913,74.85884,75.3841,72.93305,78.68521,70.54797,77.02896,77.53063
2.C.6,HR,,,,,,,,,,,,,,,,,,,,,,,,,,,,,,,,,,,
2.C.6,HU,,,,,,,,,,,,,,,,,,,,,,,,,,,,,,,,,,,
2.C.6,IE,,,,,,,,,,,,,,,,,,,,,,,,,,,,,,,,,,,
2.C.6,IS,,,,,,,,,,,,,,,,,,,,,,,,,,,,,,,,,,,
2.C.6,IT,500.0,500.0,500.0,500.0,500.0,500.0,500.0,500.0,496.5858,498.99072,501.39564,503.80056,506.20548,397.3429,355.54001,374.97501,284.56829,296.97851,277.38095,197.83493,163.97125,150.5286,162.49595,202.61019,221.69899,236.29061,237.08333,267.19706,245.3445,245.23418,213.53133,232.49186,197.10479,161.2828,152.23898
2.C.6,LI,,,,,,,,,,,,,,,,,,,,,,,,,,,,,,,,,,,
2.C.6,LT,,,,,,,,,,,,,,,,,,,,,,,,,,,,,,,,,,,
2.C.6,LU,,,,,,,,,,,,,,,,,,,,,,,,,,,,,,,,,,,
2.C.6,LV,,,,,,,,,,,,,,,,,,,,,,,,,,,,,,,,,,,
2.C.6,MT,,,,,,,,,,,,,,,,,,,,,,,,,,,,,,,,,,,
2.C.6,NL,,,,,,,,,,,,,,,,,,,,,,,,,,,,,,,,,,,
2.C.6,NO,2.95635,2.95635,2.95635,2.95635,2.95635,2.82634,2.90466,3.07521,2.98173,3.11255,2.99181,3.12647,3.7138,3.10499,3.04248,3.27291,3.47345,3.40018,3.14482,3.01829,3.21887,3.31196,3.3,5.216,3.98341,2.609,2.163,2.748,6.02653,5.67805,5.18834,4.88933,4.21947,3.79672,2.74163
2.C.6,PL,227.26532,216.83524,231.50168,256.46404,271.10296,285.52,283.8,297.56,306.16,306.16,278.3562,275.45284,250.647,250.647,225.89104,195.77384,189.716,218.49848,222.17584,189.66096,168.46024,188.06136,229.73352,230.73456,211.6632,197.39924,184.2894,172.21844,168.50324,185.97844,175.3196,174.4682,165.6704,163.6322,159.58848
2.C.6,PT,,,,,,,,,,,,,,,,,,,,,,,,,,,,,,,,,,,
2.C.6,RO,18.92,15.48,20.64,24.08,32.68,48.16,48.16,51.6,49.88,49.88,89.44,82.56,65.36,87.72,91.16,97.69428,75.1726,100.50304,106.60216,0.645,0.387,0.43688,0.56244,0.37496,0.15136,0.34228,0.55728,1.4448,0.99932,0.7138,0.54524,0.77572,1.77676,1.51016,3.5518
2.C.6,SE,,,,,,,,,,,,,,,,,,,,,,,,,,,,,,,,,,,
2.C.6,SI,4.52704,4.0162,1.2126,0.72412,1.11628,1.81976,1.11112,1.46746,1.5337,1.15489,1.60027,1.1158,0.65813,0.9142,0.93868,1.022,1.40865,0.42123,0.10597,1.13066,1.14301,1.23565,2.14209,3.2324,2.20298,2.65654,2.48781,2.56593,2.62156,2.51847,2.2532,2.34027,1.21057,1.25127,1.39747
2.C.6,SK,,,,,,,,,,,,,,,,,,,,,,,0.01888,0.01352,0.01029,,,,,,,,,,
2.C.6,TR,37.84,29.584,35.776,35.088,35.776,35.088,35.776,64.672,61.232,57.324,13.6518,17.87544,3.50994,,,4.575,27.25236,25.4919,15.74166,,62.24928,95.81148,105.64956,110.7333,123.19926,416.99606,416.16195,489.31254,550.95938,413.4751,528.64177,599.79714,519.6433,553.1907,442.31514
2.C.7,BE,36.25044,37.11768,37.28034,38.31032,38.7652,39.26444,39.28427,40.14199,40.10731,40.21721,40.39157,40.10411,40.12943,40.35879,41.47039,53.25363,58.59784,59.42111,57.66418,56.86956,63.1874,72.14933,73.69978,63.44929,77.44733,71.65028,71.46895,78.6172,102.77357,93.48348,89.09409,85.10188,76.61989,72.96216,56.98012
2.C.7,BG,,,,,,,,,,,,,,,,,,,,,,,,,,,,,,,,,,,
2.C.7,CH,,,0.77,1.54,1.54,1.54,1.54,1.54605,1.5576,1.6907,1.67475,1.6093,1.54385,1.66839,1.85592,1.60142,1.34691,1.34691,1.40961,1.96194,1.88784,1.39422,1.38624,1.3224,1.50081,1.40562,1.4421,1.56237,1.64622,1.5162,1.46587,1.4763,1.25229,1.30342,1.41508
2.C.7,CY,,,,,,,,,,,,,,,,,,,,,,,,,,,,,,,,,,,
2.C.7,CZ,,,,,,,,,,,,,,,,,,,,,,,,,,,,,,,,,,,
2.C.7,DE,,,,,,,,,,,,,,,,,,,,,,,,,,,,,,,,,,,
2.C.7,DK,,,,,,,,,,,,,,,,,,,,,,,,,,,,,,,,,,,
2.C.7,EE,,,,,,,,,,,,,,,,,,,,,,,,,,,,,,,,,,,
2.C.7,EL,,,,,,,,,,,,,,,,,,,,,,,,,,,,,,,,,,,
2.C.7,ES,59.95734,43.46659,30.37142,54.78689,67.6633,93.56527,101.94736,98.686,103.65262,156.04817,144.63341,144.74278,144.43455,145.18526,161.48413,176.39469,164.33557,173.68697,181.97063,61.70485,156.03269,180.9325,152.21763,157.3458,161.77925,149.39933,137.91778,106.11661,113.5194,89.54839,93.42693,128.87867,76.78099,43.90847,146.77911
2.C.7,EUA,464.81544,405.54703,410.40218,427.75182,449.36297,475.85372,491.78921,472.79047,496.25125,542.6966,537.36262,474.94283,458.06728,450.67605,477.49634,502.06644,477.02399,513.07991,552.49971,413.37593,505.51211,538.43995,554.99881,550.83344,548.1137,254.94719,241.664,219.97598,254.23304,220.66834,219.1475,526.62884,443.55316,413.23098,481.85663
2.C.7,FI,8.90946,8.73132,8.54508,9.04759,9.07058,8.45273,10.49358,10.77405,11.72943,12.71311,12.81519,13.37417,13.48395,13.23519,13.69913,12.63354,13.69137,14.72176,15.34262,15.7013,16.83935,20.42554,21.15162,21.90196,20.04022,20.45167,17.18714,20.08375,22.3165,22.75942,25.04765,18.95355,17.42832,21.73458,21.92862
2.C.7,FR,83.91532,80.83732,85.92819,71.56419,79.77219,90.03219,87.46719,86.44119,91.05819,98.75319,101.31819,40.42509,15.64719,15.64719,15.64719,15.64719,15.90018,16.00988,15.38145,13.71509,14.85388,15.66767,15.44304,14.44561,13.9194,13.4459,12.76702,13.10922,13.37627,12.59364,10.93724,13.95333,13.77678,12.33164,11.35183
2.C.7,HR,,,,,,,,,,,,,,,,,,,,,,,,,,,,,,,,,,,
2.C.7,HU,,,,,,,,,,,,,,,,,,,,,,,,,,,,,,,,,,,
2.C.7,IE,,,,,,,,,,,,,,,,,,,,,,,,,,,,,,,,,,,
2.C.7,IS,,,,,,,,,,,,,,,,,,,,,,,,,,,,,,,,,,,
2.C.7,IT,,,,,,,,,,,,,,,,,,,,,,,,,,,,,,,,,,,
2.C.7,LT,,,,,,,,,,,,,,,,,,,,,,,,,,,,,,,,,,,
2.C.7,LU,,,,,,,,,,,,,,,,,,,,,,,,,,,2.3231,2.0492,2.2473,2.2834,0.6416,1.6567,1.92781,2.16031,1.868
2.C.7,LV,,,,,,,,,,,,,,,,,,,,,,,,,,,,,,,,,,,
2.C.7,NL,,,,,,,,,,,,,,,,,,,,,,,,,,,,,,,,,,,
2.C.7,NO,51.41368,55.92349,93.09113,80.19957,87.42685,80.80901,69.37534,69.63256,74.22958,56.25901,70.79575,83.57523,89.34669,108.65046,94.90037,81.5027,86.73956,96.81264,100.44349,86.10782,70.39276,72.45715,84.00299,87.80798,81.42082,90.80468,97.6795,91.058,90.73408,103.669,89.18557,99.53757,94.477,85.37782,86.31
2.C.7,PL,,,,,,,,,,,,,,,,,,,,,,,,,,,,,,,,,,,
2.C.7,PT,,,,,,,,,,,,,,,,,,,,,,,,,,,,,,,,,,,
2.C.7,RO,,,,,,,,,,,,,,,,,,,,,,,,,,,,,,,,,,,
2.C.7,SE,275.78288,235.39412,248.27715,254.04283,254.09169,244.53908,252.5968,236.74724,249.7037,234.96491,238.20426,236.29667,244.37216,236.24962,245.19549,244.13738,224.49904,249.24019,282.14083,265.38514,254.5988,249.26492,292.48675,293.69077,274.9275,,,,,,,278.08471,257.01937,260.13381,242.94896
2.C.7,SI,,,,,,,,,,,,,,,,,,,,,,,,,,,,,,,,,,,
2.C.7,SK,,,,,,,,,,,,,,,,,,,,,,,,,,,,,,,,,,,
2.C.7,TR,,,,,,,,,,,,,,,,,,,,,,,,,,,,,,,,,,,
2.D,AT,362.63659,337.16382,309.25637,280.08091,263.71081,247.83008,251.81166,248.19839,241.51923,234.85368,229.07872,223.08651,207.36235,205.08141,191.77299,189.67909,185.62701,181.62131,178.01677,170.81665,172.01122,166.51864,158.45225,153.92696,144.79301,142.41064,146.90375,152.63044,151.51386,155.06118,164.36445,174.60603,181.60114,172.05596,168.86775
2.D,BE,202.15004,171.37781,175.3118,163.43709,158.59418,163.24189,183.04108,169.67103,158.93715,174.91368,154.31204,120.84845,104.3905,98.02775,89.00833,94.21178,111.43722,110.56567,116.31484,118.44898,120.8748,122.31759,120.62861,115.01257,118.92201,125.07381,135.68704,138.25655,136.22117,133.44908,113.28435,124.83301,129.01013,126.14499,129.76596
2.D,BG,82.1128,55.6556,43.868,60.4384,44.4884,37.0436,43.648,12.0076,23.1748,39.3052,22.594,18.0708,22.8536,27.9972,29.678,28.2568,30.2984,27.6364,22.06734,19.47672,28.49633,27.27446,23.82956,18.61947,20.34866,14.23974,18.92398,17.18139,15.39717,16.43628,16.07973,16.27615,14.73083,12.83292,14.17265
2.D,CH,58.22639,58.28121,58.59315,58.1515,55.56645,54.44766,56.25791,59.20822,55.79714,59.39397,59.99911,56.36548,57.03663,67.16363,70.47232,70.02503,69.23321,71.02431,69.26505,60.03412,58.29405,58.13223,55.69652,58.13835,58.14985,55.05011,56.95579,56.98332,54.9592,53.11766,50.2436,52.37221,53.4694,51.43029,48.50524
2.D,CY,1.06355,2.16846,3.27237,3.63233,6.58002,6.44762,7.0561,6.44453,2.33891,2.94916,4.09026,5.30613,4.71135,4.72136,6.47287,5.80196,6.40947,5.85821,5.84632,5.88475,6.46098,5.87274,5.30473,4.1303,4.14451,4.83038,5.01931,4.86929,4.81435,4.96118,4.67375,4.90564,5.0228,5.22515,5.49426
2.D,CZ,125.56293,109.6465,126.15243,93.14058,113.77299,103.75153,90.19309,76.63465,119.66796,114.36248,140.30037,110.8255,96.08807,102.57254,117.30997,120.84695,128.87655,144.40684,111.38093,99.94347,114.62309,125.89633,109.45109,116.29052,117.01372,141.56727,141.53859,147.03183,160.65605,155.55547,130.21734,136.27065,122.60627,119.44805,118.55306
2.D,DE,2982.44798,2942.6259,2863.40363,2883.1426,2459.09419,2541.0095,2555.58228,2609.73158,2692.45202,2619.46185,2328.07037,2184.72591,2154.11313,2167.32361,2296.35064,2238.45422,2258.16583,2247.65871,2165.84859,2031.84139,2308.68153,2179.43761,2167.08855,2122.07913,2058.98326,1997.59491,2032.34905,2083.70725,2022.08679,1972.43858,1943.47819,2067.91094,2119.8017,1831.45685,1858.74343
2.D,DK,71.33188,73.95252,76.04626,74.57892,79.31976,75.27225,73.72113,72.39393,84.80229,90.00043,88.92309,86.0062,110.64584,108.1305,111.90362,137.79448,122.67181,131.96098,113.4286,108.1182,137.33342,127.91748,120.71834,124.96366,122.77114,111.08774,106.60915,115.89919,100.90464,103.69326,100.40394,109.83782,101.93736,101.77465,92.19877
2.D,EE,35.9173,36.5551,26.06996,22.67702,26.55809,24.93762,26.22022,25.02314,27.35649,24.91262,23.95296,20.97688,23.05983,22.74045,25.21671,26.93605,29.01548,26.93298,24.63153,17.86046,17.1955,19.01505,20.76588,26.22327,24.43027,24.51308,24.60378,27.55901,26.13501,27.74945,29.18145,37.1592,36.32781,33.28773,28.11633
2.D,EL,128.53077,101.41077,118.90103,117.72103,101.41077,77.43052,73.30052,64.07026,47.56026,54.63026,49.92026,63.48026,41.49729,44.36939,58.17026,53.08509,79.53512,69.94215,53.53876,41.55849,42.59818,40.37767,34.90062,37.10529,46.02519,46.18098,46.45084,49.43328,51.87936,68.47526,59.93546,55.66073,64.95312,71.87376,70.14758
2.D,ES,190.9338,184.06522,178.08603,145.9232,193.52477,196.34796,252.06291,267.94801,313.78419,430.3095,452.83094,434.5554,338.1606,304.08588,311.66403,385.51156,369.17055,357.95,399.11119,358.88632,367.59746,350.64338,349.78079,355.40346,366.33714,361.6445,380.97209,395.84996,402.79146,409.35522,355.31544,397.97857,405.94692,406.1827,416.62699
2.D,EUA,8000.08613,7403.14182,7151.29226,6857.14206,6664.81504,7013.93049,6972.64012,6954.44738,7343.39005,7388.67615,7459.14033,7249.3525,6866.85005,6698.34521,7290.93516,7699.96399,7587.78178,7789.65596,7619.50214,6430.06526,7101.83184,6917.024,6826.11156,6749.33968,6786.93007,6547.71148,6751.94719,6854.43522,6616.48118,6374.28784,6149.12332,6901.36029,6597.39747,6048.34371,6046.8948
2.D,FI,217.69346,173.48721,175.97524,177.13497,195.8581,185.6173,166.10483,150.80537,146.28753,140.3152,136.64395,142.84292,142.24346,117.15509,110.11819,102.33718,113.65557,130.42781,125.89074,130.32682,114.34582,112.13301,116.05425,125.76428,114.16509,138.36425,144.51415,140.58943,158.1287,153.9549,132.143,152.87316,133.51315,120.98881,120.43927
2.D,FR,1047.22804,1060.80466,987.20534,1065.01975,1032.51276,1047.42101,1070.46521,1034.50215,1184.24412,1118.19593,1112.62504,1099.07818,942.57002,928.11587,1056.14748,1097.48663,949.51591,1164.68277,1002.56541,898.3373,975.20402,945.76911,889.34141,945.00682,965.42751,828.98889,873.34087,731.0823,806.89463,737.89555,728.71436,951.06678,1006.70645,830.48878,786.19593
2.D,HR,192.24596,129.79441,78.01233,73.33096,76.13997,116.14381,107.32302,83.42233,81.15727,75.3372,77.27756,78.08744,90.7783,91.01266,108.07183,109.98741,121.14229,125.53296,122.54953,92.65745,81.64434,78.37125,72.40943,65.83821,59.41841,58.83919,62.27081,63.7005,70.72971,81.70799,74.09847,72.30306,62.87119,63.52286,61.86721
2.D,HU,224.75756,178.28491,158.42629,177.49888,233.81092,332.61762,211.59245,215.12403,247.9096,211.51597,256.35072,187.15332,197.49704,153.59038,167.84522,192.36578,178.73108,156.07423,152.80894,138.89036,126.75213,113.99522,117.9062,91.85351,117.49102,115.72507,118.53188,119.95679,116.54922,118.05233,122.40561,119.69792,124.33063,118.9916,95.33661
2.D,IE,42.23241,30.56461,30.61178,29.05374,29.88228,20.36903,36.12138,28.13661,26.44827,30.66215,85.81099,38.63125,34.58901,38.98502,43.26603,94.81683,49.18376,60.01586,49.84257,51.89194,44.17009,45.24845,44.3304,47.99685,49.10486,54.17935,55.68759,60.4552,59.73677,64.17044,64.05036,72.95526,74.38155,65.72468,64.49257
2.D,IS,6.42345,6.268,6.37897,6.6249,6.5575,7.07052,7.05741,6.9664,7.33306,7.01186,7.5554,6.79605,7.06422,6.78825,7.90044,7.90977,8.90102,8.89799,7.57113,5.27641,5.32962,5.57842,5.54132,5.544,5.78003,6.42457,6.70012,7.02651,7.68854,7.16497,7.01098,6.81347,7.10336,7.77593,8.35132
2.D,IT,369.52813,340.32075,333.2094,306.26886,308.72867,322.91839,313.77279,318.81888,317.86804,319.29978,332.01731,298.14442,308.16631,297.65489,290.79914,303.35909,287.33317,296.11514,280.16373,228.07008,270.32008,262.56138,228.36955,237.62676,274.33811,275.38279,299.75274,301.67442,312.05192,305.33736,269.09771,304.54957,287.16709,306.94596,312.87991
2.D,LI,0.20328,0.19037,0.18179,0.17469,0.16265,0.1588,0.1652,0.17605,0.15794,0.1657,0.16934,0.15362,0.14978,0.19738,0.20398,0.20032,0.18747,0.19538,0.17991,0.14139,0.15069,0.14573,0.13858,0.14471,0.14453,0.13839,0.13618,0.13286,0.12171,0.1181,0.10643,0.11276,0.11531,0.11101,0.10246
2.D,LT,6.93733,7.55333,8.756,7.55333,8.15467,9.97333,9.97333,19.06667,16.632,14.81333,14.79867,15.752,18.05467,17.248,18.11333,17.32133,16.17733,16.04533,15.89867,12.42267,14.44667,15.19467,14.75253,14.91098,14.0946,14.15798,13.95036,17.41227,18.23856,17.56011,17.05789,20.1527,15.21733,17.41069,19.85654
2.D,LU,20.60098,20.22572,19.27731,17.12131,16.10426,15.83146,16.02104,14.79848,14.49628,16.77926,16.18278,18.51881,14.97838,16.64502,14.1029,14.44983,14.58774,16.19015,21.34762,19.08559,22.42923,20.61939,20.16139,22.48652,19.42291,21.37148,22.69648,23.53797,25.69264,26.68311,24.15937,25.26119,25.22611,24.93281,20.9337
2.D,LV,44.22672,35.61134,33.68759,35.70197,34.16496,33.2627,33.039,31.6203,33.27316,33.10865,32.86889,32.56164,32.28978,33.31746,35.88669,37.89487,36.53193,38.16994,32.90455,25.47517,32.16692,33.47449,36.43095,38.51991,35.01575,41.60065,45.58032,38.36435,54.12415,47.53148,46.48938,55.19933,45.5626,53.77405,46.84667
2.D,MT,3.53597,3.52386,3.51184,3.5013,3.4832,3.46507,3.46376,3.45446,3.4503,3.39428,3.37576,3.46001,3.40859,3.42806,3.17531,3.35204,3.94618,3.20697,3.50776,3.75044,3.33083,3.77765,4.30904,8.62643,8.47564,7.659,6.34708,4.53304,5.13835,4.54238,4.27018,4.61282,5.54487,5.87689,6.55761
2.D,NL,189.87905,182.5885,192.05179,225.19795,196.27844,207.74348,200.91262,205.7832,209.00017,217.37545,260.72787,270.10289,277.24771,276.87223,276.91676,310.51556,303.57667,283.75059,301.05838,286.20606,321.07606,316.56846,305.99872,304.1171,308.61479,311.29685,324.06062,331.16409,333.46766,337.00897,336.29693,338.11993,377.60639,381.08689,388.10454
2.D,NO,173.30389,164.85196,160.4085,164.49723,154.34025,127.32762,133.51447,137.35479,111.94237,110.13181,103.27522,98.88257,95.86588,99.65949,99.44633,102.61253,101.1459,111.9314,114.28177,114.31805,117.00304,125.28898,114.53902,121.78313,107.58151,96.33877,103.0157,96.11614,103.91278,97.98121,102.79118,102.47395,103.25065,96.57984,97.64614
2.D,PL,213.4352,150.9376,143.8624,141.504,149.7584,201.6432,185.724,181.5968,235.84,232.3024,262.372,269.4472,228.7648,221.6896,208.7184,186.9032,185.15426,224.12112,233.51166,229.09816,234.87532,240.3284,233.36322,240.13407,239.97656,261.77909,281.7254,294.01341,307.51946,315.97038,319.89438,333.10428,311.69995,307.68917,314.57336
2.D,PT,278.6895,275.84986,272.64182,247.62893,256.24644,252.45345,273.32665,288.3528,304.16178,299.04744,313.46329,304.58987,295.12724,286.80987,279.97641,268.03108,254.46621,253.29095,239.23939,210.95072,221.50068,205.45923,189.1609,189.00211,200.06619,213.90632,195.93655,198.5011,212.39154,213.67416,212.63788,203.27853,208.80758,210.31865,190.22408
2.D,RO,727.07772,605.86492,622.29399,305.57083,510.93306,591.98417,596.57779,584.08185,566.25206,583.43007,741.28785,868.95724,832.20119,814.79668,1060.93793,1321.49464,1406.71108,1360.03591,1469.59973,810.57186,972.72973,1031.1544,1032.00477,910.60437,933.97118,859.95954,866.68733,978.23778,676.04769,565.02934,600.93795,769.09248,389.61909,337.2137,387.36719
2.D,SE,180.34726,134.20006,113.55526,141.48646,106.87606,141.96878,132.76559,179.60137,177.46604,241.68869,254.63623,280.41929,275.50469,259.7123,320.07913,303.99132,277.86075,289.50825,328.87331,287.97244,319.05594,286.28432,356.32438,373.6179,363.23306,313.50575,337.40728,346.83017,312.58133,269.68249,220.61108,284.64692,291.55375,265.9181,270.4256
2.D,SI,8.49593,8.42108,7.3587,8.30944,8.34158,6.71782,8.3324,12.67168,16.82285,15.2242,14.14113,23.23672,23.7532,18.70439,27.83236,24.90998,26.49374,22.23277,19.84479,17.24375,14.97336,16.90919,20.72166,18.19763,23.98503,26.08673,26.66013,31.85919,34.32728,33.29189,31.48365,35.11818,14.87303,14.65506,15.13519
2.D,SK,50.48728,50.48728,50.48728,50.48728,50.48728,50.48728,50.48728,50.48728,50.48728,50.48728,50.48728,50.48728,46.79309,37.55761,31.40063,30.16923,41.50667,45.72196,29.7105,14.27905,16.93813,23.90444,33.55234,41.2816,36.36045,35.7655,37.74,40.105,40.4617,35.02,27.84103,33.88942,40.77864,42.52226,42.97204
2.D,TR,183.3656,190.4408,163.3192,173.932,173.932,202.8224,223.4584,242.3256,203.412,249.9904,277.112,214.0248,283.008,274.7536,359.0664,445.7376,471.68,449.2752,359.656,396.2112,431.5872,853.7408,605.5192,533.588,399.1592,266.4992,146.2208,151.5272,206.36,137.9664,134.03082,169.75527,147.91708,176.39417,91.8302
2.D.1,AT,89.50773,78.47253,64.98507,50.27147,48.43227,47.20613,57.0152,58.8544,57.62827,56.40213,59.46747,58.24133,47.20613,49.6584,41.07547,43.38734,42.6394,40.61935,39.48517,35.39724,39.26202,37.53685,32.06952,27.86449,20.60946,19.46609,22.04281,24.2989,18.63845,18.54343,17.08065,26.01058,34.65053,28.76447,24.21184
2.D.1,BE,199.20204,167.84021,171.7742,159.89949,155.05658,159.11469,178.91388,163.77503,153.63075,169.01768,147.23684,110.23565,91.4193,88.59415,81.33924,89.45743,104.2346,98.00389,98.44264,95.32705,94.32542,94.18798,90.43069,81.5807,82.79054,86.02969,93.24688,94.85463,91.93216,89.55783,69.58311,77.99496,82.23298,80.47211,82.75975
2.D.1,BG,81.8928,55.2156,43.428,59.5584,44.0484,36.6036,43.428,11.7876,22.9548,39.0852,21.714,16.7508,21.0936,26.6772,27.918,26.0568,28.5384,25.4364,19.8528,17.3712,27.2976,24.816,21.714,16.1304,17.3712,11.7876,16.1304,13.7704,11.47774,11.92997,11.71122,11.57915,10.13935,8.01031,9.08692
2.D.1,CH,48.25523,45.22675,42.8923,40.92256,37.98441,36.96672,38.36101,40.73307,36.03924,37.53464,38.04417,34.10095,33.18239,43.12642,44.43489,43.53697,40.70988,42.51205,39.44,31.29426,33.30954,32.25254,30.67834,32.05428,32.14507,30.88001,30.55077,29.83885,27.37112,26.48302,23.87633,25.27563,25.98022,24.92232,22.82499
2.D.1,CY,1.00005,2.06269,3.12372,3.42383,6.3668,6.36858,6.96206,6.37552,2.25219,2.84335,4.02488,5.20092,4.61998,4.61227,6.3843,5.79893,6.39324,5.78358,5.78402,5.78964,6.38892,5.80499,5.21937,4.0526,4.05697,4.65012,4.65878,4.55782,4.46329,4.52044,4.25105,4.48613,4.57034,4.78444,4.87243
2.D.1,CZ,116.13097,104.34103,121.43645,89.60359,110.236,99.03555,84.88762,75.45566,117.30997,112.59399,134.40539,107.87801,93.14058,95.49857,109.6465,111.415,113.18349,124.38394,91.37209,79.58214,93.14058,104.34103,87.8351,94.90907,92.55108,115.54148,114.95198,119.07846,128.51042,121.43645,96.08807,98.44605,88.4246,86.65611,84.29812
2.D.1,DE,188.64172,190.65379,192.08704,196.64317,202.03833,180.39597,175.75561,183.50602,190.12314,191.67405,191.2006,189.07051,193.41104,189.45769,189.58362,187.56777,205.72775,201.93308,196.74765,178.60102,194.16585,187.08748,195.97438,200.42694,226.47832,218.9136,225.05013,234.30319,227.81642,227.13466,181.41666,202.09051,199.9016,195.08335,191.40548
2.D.1,DK,49.66984,48.83049,48.08989,47.51592,46.91109,48.8058,48.85518,47.11476,44.81889,42.68965,39.66552,38.46203,39.83832,37.00551,37.70909,37.56097,37.46839,37.91892,33.98138,31.16709,31.67316,31.67316,31.67316,31.67316,31.67316,31.67316,31.67316,31.67316,31.67316,31.67316,31.67316,31.67316,31.67316,31.67316,31.67316
2.D.1,EE,16.10787,15.51827,10.21187,7.85347,10.21187,6.57994,7.20491,5.51276,6.10826,4.43969,4.92906,4.16258,3.88546,4.46327,3.92084,2.8006,2.58245,4.47506,3.2369,2.57066,2.64141,2.70037,2.67089,2.17562,2.52938,2.42326,2.27081,2.48764,1.68101,1.85199,2.96421,3.84714,4.94013,5.50516,3.66142
2.D.1,EL,77.83,50.71,51.3,50.12,50.71,43.63,39.5,47.17,30.66,37.73,33.02,46.58,31.84,37.73,41.27,47.17,71.93,60.14,40.68,27.12,23.58,21.82,20.64,22.4,28.3,29.48,27.71,30.89,33.39,48.73,40.05,34.94088,42.76192,49.53642,47.23757
2.D.1,ES,158.5058,152.22682,153.32283,118.212,162.86557,165.09915,141.80771,175.97041,198.81219,223.9495,228.19334,247.0626,258.56461,262.22427,276.87763,286.5621,292.96846,307.79782,347.45812,303.72604,310.12231,287.57918,296.07958,276.22675,281.01478,290.02151,302.74709,314.5591,317.51725,322.38161,273.28001,306.56805,311.98757,314.1445,322.42745
2.D.1,EUA,3030.84923,2638.03558,2513.75892,2414.4063,2477.37929,2593.07706,2445.60832,2513.97415,2671.65255,2692.05583,2842.12902,2661.01085,2586.59909,2441.62843,2509.93388,2545.66411,2507.65794,2516.1319,2439.65768,2121.27808,2228.41165,2180.91485,2158.47155,2121.37704,2161.91187,2182.51453,2271.06653,2298.93882,2313.27819,2251.09374,1824.67212,1961.87938,1886.94085,1859.6329,1855.02429
2.D.1,FI,207.528,166.208,168.89,167.067,183.913,178.121,158.268,142.376,138.416,133.227,128.845,133.811,129.953,103.046,94.14,85.889,94.277,108.235,100.251,106.226,87.327,87.076,91.806,101.794,86.262,109.04667,111.08533,107.06667,120.85333,115.59533,94.446,107.954,89.848,80.24133,77.12467
2.D.1,FR,552.98586,529.85193,516.09961,494.75193,505.47086,511.75974,495.59524,507.79712,525.098,516.5654,527.27967,511.58858,499.9202,470.13015,462.20567,452.39758,431.16885,431.92244,405.10126,354.37717,365.78504,378.2563,360.50386,352.1919,344.41716,341.80466,340.47488,329.78577,336.03466,316.7498,320.57982,329.8858,311.41106,275.21852,281.85735
2.D.1,HR,31.21681,25.46769,15.10003,14.85385,15.14839,15.44292,15.73718,16.08037,16.4727,16.37349,14.65281,15.19241,16.42,14.15865,19.2673,17.30076,18.62051,22.05215,18.99494,18.20897,16.19434,16.22606,14.40712,13.91525,14.45936,15.64088,16.77259,16.47912,16.6778,17.26888,16.97582,17.22506,18.50393,19.78365,19.1965
2.D.1,HU,70.91333,36.81333,9.636,42.73867,91.88667,193.57067,80.75467,98.79467,134.21467,95.77333,141.66533,79.87467,85.30133,38.38267,48.25333,62.084,56.42267,53.03467,53.064,44.95333,45.55467,30.41867,31.064,9.03467,32.98533,30.08133,24.84533,24.288,22.54267,22.46933,22.49867,24.25867,26.59067,27.764,17.26267
2.D.1,IE,35.97189,24.8082,24.8082,22.94758,23.56779,11.78389,27.28902,19.22635,16.74553,16.74553,70.08316,19.84656,11.78389,14.88492,17.36574,59.53967,19.22635,23.56779,20.46676,22.38754,16.81624,18.73205,18.28252,19.07652,19.83832,20.34867,20.08933,22.21974,21.49893,23.6279,24.91453,25.42932,30.92438,27.87045,26.30473
2.D.1,IS,4.0597,3.8557,3.86484,4.14207,4.06738,4.51536,4.33203,4.10195,4.02869,3.7901,3.98401,3.34511,3.54005,3.26634,3.82001,3.59139,4.09889,3.46978,3.05226,1.86925,2.37088,2.53158,2.4028,2.36939,2.32749,2.53701,2.36999,2.08332,2.47899,2.07012,2.09824,2.09187,2.20206,2.038,2.01464
2.D.1,IT,350.83483,327.24613,315.59608,287.34831,288.87147,303.15854,293.56454,293.15254,293.46831,291.8966,308.52255,274.56232,284.24917,280.74326,274.14497,287.16933,273.93939,274.46678,253.07845,196.42005,217.04401,210.60828,169.7932,184.32986,211.62408,211.45305,231.65702,232.65003,231.51648,219.71468,187.31464,208.17512,182.42653,203.11023,200.8898
2.D.1,LI,0.20328,0.19037,0.18179,0.17469,0.16265,0.1588,0.1652,0.17605,0.15794,0.1657,0.16934,0.15362,0.14978,0.19738,0.20398,0.20032,0.18747,0.19538,0.17991,0.14139,0.15069,0.14573,0.13858,0.14471,0.14453,0.13839,0.13618,0.13286,0.12171,0.1181,0.10643,0.11276,0.11531,0.11101,0.10246
2.D.1,LT,6.05733,6.67333,7.876,6.67333,7.27467,9.09333,9.09333,18.18667,15.752,13.93333,13.91867,14.872,17.17467,16.192,16.79333,16.29467,15.38533,14.79867,14.49067,11.05867,12.408,12.78933,12.21733,12.81867,11.836,11.85067,10.92667,13.14133,15.268,15.092,13.87467,15.12133,10.13467,11.704,15.45867
2.D.1,LU,6.20495,6.30636,6.01333,5.69259,5.89836,6.02748,5.99918,5.3288,5.34237,4.50926,4.18734,3.97685,4.1667,3.91789,2.97158,3.62781,2.92501,2.84482,6.02453,4.83885,5.55698,5.05169,4.751,4.63013,4.39016,4.56115,5.17079,4.6714,5.38364,4.68993,3.68736,3.88252,4.58709,6.12771,2.42267
2.D.1,LV,23.2491,14.71517,12.91179,15.37031,14.17765,13.59334,13.60257,12.37624,14.21866,12.36433,12.30049,11.57518,11.55319,12.74499,13.92764,15.09992,14.98875,14.85836,14.30808,8.27562,7.62213,10.80222,12.67749,12.0266,8.30871,13.93202,19.41325,11.64191,15.25742,15.17442,12.07688,12.88672,11.25247,12.98891,6.60265
2.D.1,MT,3.00596,3.00602,3.00616,3.00778,3.00183,2.99586,3.0067,3.00956,3.01757,2.97371,2.96735,3.06375,3.02449,3.05612,2.75748,2.93571,3.54391,2.8267,3.21207,3.36889,2.99661,3.33499,2.82932,2.89667,2.83108,3.14746,3.77805,3.44098,3.93253,3.20057,3.34682,3.65783,4.34823,4.8205,5.53585
2.D.1,NL,87.32878,79.22658,87.87246,120.26094,90.63651,101.53298,94.2217,98.5881,101.20541,108.85054,96.86913,104.97239,110.89622,109.61915,108.98755,138.821,128.16018,104.43514,117.4214,98.3592,99.46036,92.39772,79.49913,76.99763,80.11624,80.12315,89.87843,94.82043,93.87174,95.23312,92.61491,92.25174,93.4122,92.35719,95.0889
2.D.1,NO,167.06984,158.78937,147.12018,139.59733,141.08208,112.19008,114.05041,119.08122,90.9081,89.20706,82.7709,77.46184,75.54432,76.92692,68.32355,64.3791,62.49825,65.16667,63.90562,62.62816,57.08117,63.98157,52.48645,60.21364,46.14832,35.11708,42.30867,41.57819,47.37721,43.22698,45.25444,40.98423,44.00484,41.36876,45.0696
2.D.1,PL,201.6432,138.556,132.0704,130.3016,137.9664,136.7872,117.92,127.3536,181.5968,173.932,205.7704,221.1,183.9552,171.5736,152.7064,143.2728,131.4808,148.5792,140.3248,129.36,144.76,142.912,136.136,133.056,138.6,140.448,143.528,148.26689,150.10934,149.69847,147.11866,148.36483,130.16203,129.95136,132.04946
2.D.1,PT,90.26317,87.73507,88.37184,81.25956,85.73874,88.19721,92.9218,90.88763,97.64586,80.49692,92.39759,91.29298,84.41814,85.86304,85.82829,84.58165,80.79607,84.53696,80.67452,74.07719,74.99749,68.46777,58.54866,57.50244,59.63171,59.97598,60.72658,61.61955,64.26986,64.30838,56.76935,59.41456,60.52778,61.44956,57.84612
2.D.1,RO,175.032,161.6472,123.552,67.9536,50.4504,58.6872,93.1788,91.1196,90.09,71.5572,77.22,38.61,53.5392,50.9652,61.776,53.0244,40.22304,40.22304,33.00352,18.0488,37.12896,48.9896,48.9896,45.89552,46.92688,51.05232,50.53664,53.83398,57.37396,63.21206,59.33895,68.34824,67.73276,64.71114,77.05355
2.D.1,SE,157.872,111.7248,91.08,119.0112,84.4008,119.0112,108.6888,159.0864,155.4432,216.1632,227.0928,250.27387,245.57658,227.14138,282.23385,240.41052,231.64741,227.74675,264.95658,235.21167,252.70935,230.54352,293.18166,294.06575,271.59206,236.30645,258.21301,254.87584,239.4419,200.42593,,,,,
2.D.1,SI,4.2287,4.15385,3.09147,4.04221,4.07435,2.45059,3.41213,7.06385,10.60254,8.24427,6.47515,14.72938,15.31779,9.42467,19.44942,16.50051,17.67985,12.96247,9.42447,7.06564,7.06565,8.24448,12.37173,11.19252,14.14046,15.90848,17.08657,21.20886,23.26812,23.26141,21.96388,25.80602,5.64666,6.36048,6.21835
2.D.1,SK,48.02449,48.02449,48.02449,48.02449,48.02449,48.02449,48.02449,48.02449,48.02449,48.02449,48.02449,48.02449,44.3303,33.86342,31.40063,28.93783,41.50667,42.54893,27.81987,12.38842,12.38754,18.51712,27.10621,32.51318,26.57742,26.84708,26.402,28.455,28.8779,23.612,19.05303,21.581,28.15022,30.54384,32.47822
2.D.1,TR,175.1112,182.776,159.192,169.2152,170.984,199.8744,218.7416,239.3776,200.464,247.632,271.216,197.516,263.5512,257.6552,336.6616,393.2632,440.4312,432.1768,348.4536,384.4192,420.3848,834.8736,588.4208,527.1024,385.5984,254.7072,135.0184,143.2728,193.3888,124.4056,119.46888,163.07393,138.98995,167.18049,85.15593
2.D.2,AT,15.39133,15.54576,15.7178,15.84795,15.90906,15.93344,15.95496,15.97305,15.99059,16.02173,16.06031,16.1219,16.20174,16.27416,16.37679,16.48872,16.57426,16.62887,16.68169,16.72167,16.76093,16.81599,16.89172,16.99379,17.12751,17.29908,17.52016,17.63096,17.73385,17.83055,17.92478,17.94458,18.12084,18.25891,18.37171
2.D.2,BE,2.948,3.5376,3.5376,3.5376,3.5376,4.1272,4.1272,5.896,5.3064,5.896,7.0752,10.6128,12.9712,9.4336,7.6648,4.7168,6.4856,6.4856,6.4856,8.37232,8.43128,7.54688,7.6648,8.19544,8.72608,9.31568,10.78968,10.67176,10.20008,9.90528,10.84864,12.91224,13.32496,11.61512,13.03016
2.D.2,BG,0.22,0.44,0.44,0.88,0.44,0.44,0.22,0.22,0.22,0.22,0.88,1.32,1.76,1.32,1.76,2.2,1.76,2.2,1.76,1.32,0.22,1.32,0.88,1.32,1.32,0.22,0.22,0.4774,0.55572,0.5456,0.47784,0.792,0.83336,0.66748,0.9306
2.D.2,CH,6.32228,6.94077,6.58642,6.74738,6.22618,5.98267,6.01864,6.39008,6.38124,6.99973,6.79337,6.33289,6.67486,6.327,7.02567,6.03397,6.21615,5.55993,5.58292,3.4244,2.9763,2.69683,1.9386,2.26288,2.63905,2.24697,2.01761,2.37019,2.45922,2.01643,1.93566,2.29472,2.53587,1.53178,0.64207
2.D.2,CY,0.0635,0.10577,0.14865,0.2085,0.21322,0.07904,0.09404,0.06901,0.08672,0.10581,0.06538,0.10521,0.09136,0.10909,0.08857,0.00303,0.01623,0.05588,0.03567,0.05836,0.02888,0.02087,0.04161,0.04381,0.05837,0.07739,0.18777,0.05894,0.06168,0.07061,0.06673,0.05046,0.09599,0.07644,0.0911
2.D.2,CZ,9.43196,5.30548,4.71598,3.53698,3.53698,4.71598,5.30548,1.17899,2.35799,1.76849,5.89497,2.94749,2.94749,7.07397,7.66347,9.43196,10.61095,11.20045,9.43196,9.43196,8.84246,7.66347,6.48447,5.89497,7.07397,5.89497,5.89497,6.48447,9.43196,10.61095,12.37944,14.14794,9.43196,8.25317,8.25296
2.D.2,DE,242.7047,258.06624,274.2095,289.39396,304.09903,319.17328,338.48573,328.59344,348.40733,447.12713,339.3496,316.89777,358.38904,432.61919,481.32098,446.27478,418.00805,491.03919,476.52373,527.79673,517.27002,536.96722,515.74747,553.92518,530.97567,499.26406,490.93718,479.73712,454.85177,428.17513,453.02096,504.28828,561.72318,406.58786,442.71254
2.D.2,DK,21.66204,25.12203,27.95637,27.063,32.40867,26.46645,24.86595,25.27917,39.9834,47.31078,49.25757,47.54358,70.80612,71.12331,74.19336,100.22331,85.11459,93.4692,78.15387,75.0489,102.72882,91.93854,83.33658,86.33388,83.04558,71.07966,66.17922,75.14202,59.97219,62.71341,59.49204,68.47521,60.83355,61.18857,51.62922
2.D.2,EE,1.28967,1.28967,1.28967,1.28967,1.28967,0.92469,0.85848,1.27291,1.50933,1.88294,2.45337,1.94783,3.11246,2.77021,2.45188,2.25648,1.69614,1.58041,1.80355,0.88263,1.03459,0.67454,1.24571,1.57222,1.46486,2.241,2.30249,2.58485,2.78024,2.83822,2.66353,2.61908,1.56832,1.94402,0.48598
2.D.2,EL,50.70077,50.70077,67.60103,67.60103,50.70077,33.80052,33.80052,16.90026,16.90026,16.90026,16.90026,16.90026,9.65729,6.63939,16.90026,5.91509,7.60512,9.80215,12.8442,14.36522,18.91142,18.2531,13.38923,13.10357,15.66486,14.18202,15.76326,15.10708,14.56936,14.40036,14.71146,15.00767,15.3912,15.23734,15.04801
2.D.2,ES,32.428,31.83841,24.7632,27.7112,30.6592,31.2488,110.2552,91.9776,114.972,206.36,224.6376,187.4928,79.596,41.8616,34.7864,94.336,61.3184,24.7632,18.8672,20.0464,20.636,25.3528,17.0984,42.4512,44.8096,24.7632,25.9424,25.9424,27.1216,25.9424,24.7632,26.30382,25.72012,23.49379,24.53915
2.D.2,EUA,640.26959,647.74267,688.85752,692.14022,711.60457,765.41435,874.14867,781.97617,927.1955,1126.74968,1062.09378,1028.37503,965.17602,1033.99349,1113.269,1151.21879,1068.10035,1236.46755,1122.77762,1139.00266,1203.95423,1204.07354,1105.65323,1170.64778,1153.90302,1109.18398,1108.17066,1113.43896,1075.7762,1045.65737,1032.69182,1124.62189,1186.40363,997.99802,1031.22049
2.D.2,FI,10.16546,7.27921,7.08524,10.06797,11.9451,7.4963,7.83683,8.42937,7.87153,7.0882,7.79895,9.03192,12.29046,14.10909,15.97819,16.44818,18.9682,20.96761,23.66526,21.63273,23.72235,20.97797,19.80754,18.89627,22.1947,22.72264,25.03919,23.12992,24.79712,23.69181,21.98013,26.26358,24.25739,22.17165,24.5731
2.D.2,FR,56.31421,51.26673,53.18306,43.06868,45.61975,51.343,56.43746,39.33253,128.20118,110.47264,73.03603,100.37622,80.70591,107.42356,122.07404,96.66261,105.58569,185.13103,105.63422,82.09779,85.28561,97.38935,48.37629,18.4588,13.36785,35.01688,34.38361,42.02113,43.48799,39.87846,35.54354,42.05155,41.54194,32.8692,39.027
2.D.2,HR,10.37438,8.48813,5.01035,4.89246,5.0693,5.12824,5.24613,5.36403,5.42297,5.77664,6.18926,5.89453,5.77664,6.66082,6.3661,6.48399,6.54293,6.42504,5.59981,5.36403,4.65668,4.53879,3.65461,3.41883,4.12617,4.53879,4.65668,4.53879,3.7725,3.53672,2.75147,2.70233,3.3902,3.65461,2.948
2.D.2,HU,15.22693,22.0528,24.15307,23.628,28.87867,31.504,28.87867,14.1768,8.92613,8.92613,7.35093,7.35093,8.40107,9.4512,6.3008,7.35093,11.55147,12.6016,13.12667,12.6016,11.0264,6.82587,6.3008,7.35093,11.0264,6.82587,8.40107,10.50133,9.4512,7.35093,8.40107,9.4512,8.92613,7.876,7.876
2.D.2,IE,6.26052,5.75641,5.80358,6.10616,6.3145,8.58514,8.83236,8.91026,9.70274,13.91662,15.72783,18.78469,22.80512,24.10011,25.90029,35.27716,28.19146,32.64766,23.76391,24.04036,21.83917,20.80122,20.09619,22.12485,21.70103,24.48587,23.70909,25.09424,23.64858,25.00952,25.85414,32.38502,26.6633,21.06062,21.59427
2.D.2,IS,0.17318,0.13953,0.21573,0.17386,0.16635,0.2115,0.19501,0.24825,0.30325,0.2941,0.29658,0.27765,0.30771,0.29576,0.30997,0.32412,0.31468,0.333,0.30329,0.27374,0.25775,0.28358,0.27666,0.28149,0.30504,0.3429,0.34326,0.34719,0.32727,0.28593,0.33971,0.33788,0.32247,0.27639,0.29412
2.D.2,IT,18.6933,13.07462,17.61333,18.92056,19.8572,19.75985,20.20825,22.55137,21.28477,24.28822,21.11078,20.73098,19.93921,13.66481,13.70964,13.8411,9.02339,10.53488,8.97701,8.62252,13.03323,8.55507,10.19112,10.18652,12.82014,14.53821,12.36486,13.12482,10.76904,6.71092,7.16812,9.68946,7.21143,3.36446,1.16352
2.D.2,LI,,,,,,,,,,,,,,,,,,,,,,,,,,,,,,,,,,,
2.D.2,LT,0.88,0.88,0.88,0.88,0.88,0.88,0.88,0.88,0.88,0.88,0.88,0.88,0.88,1.056,1.32,1.02667,0.792,1.24667,1.408,1.364,2.03867,2.40533,2.52267,2.068,2.17067,2.156,2.684,3.71067,2.068,1.42267,2.12667,3.37333,2.74267,3.168,1.11467
2.D.2,LU,0.21058,0.21343,0.21628,0.21924,0.22225,0.22548,0.22839,0.23124,0.23414,0.21904,0.24369,0.2338,0.23439,0.27681,0.26034,0.25904,0.17445,0.16721,0.25,0.12568,1.28369,0.74811,0.66975,2.66902,1.70014,1.53845,2.64182,2.56064,2.24148,2.61819,3.13928,1.85609,2.87348,2.28464,1.64278
2.D.2,LV,,,,,,,,,,1.84672,1.84672,2.44764,2.44764,2.44764,3.67878,4.90993,3.67878,3.67878,3.06321,4.29435,6.75665,4.29435,3.67878,5.5255,4.90993,4.90993,4.63145,3.64947,5.80397,5.39359,5.05649,8.96978,6.84458,7.04978,5.5255
2.D.2,MT,0.507,0.4957,0.4844,0.4731,0.4618,0.4505,0.4392,0.4279,0.4166,0.4053,0.394,0.3827,0.3714,0.3601,0.40685,0.40114,0.38283,0.35648,0.26107,0.34414,0.28217,0.3339,0.19085,0.40632,0.26688,0.24807,0.27203,0.37418,0.68565,0.71901,0.20478,0.17477,0.27275,0.20922,0.23035
2.D.2,NL,102.55026,103.36192,104.17933,104.93701,105.64193,106.2105,106.69092,107.1951,107.79477,108.52491,163.85874,165.1305,166.35149,167.25308,167.92921,168.41978,168.71606,168.9617,169.45137,170.28169,202.33089,203.31734,204.22736,204.82827,205.43513,206.30716,207.26412,208.51396,209.72949,210.96336,212.49439,213.32239,249.30076,252.42744,254.29324
2.D.2,NO,6.23405,6.06259,13.28832,24.89991,13.25817,15.13754,19.46406,18.27358,21.03427,20.92475,20.50432,21.42073,20.32156,22.73257,31.12278,38.23343,38.64765,46.76473,46.40056,45.97005,52.23735,52.27044,51.53343,51.04231,48.45471,47.56453,45.06354,38.61199,38.42167,35.30303,35.68951,35.97423,31.39913,26.81712,26.09516
2.D.2,PL,11.792,12.3816,11.792,11.2024,11.792,64.856,67.804,54.2432,54.2432,58.3704,56.6016,48.3472,44.8096,50.116,56.012,43.6304,51.2952,68.9832,78.4168,83.30667,70.4,72.74667,71.57333,78.61333,70.98667,84.48,91.52,88.52976,90.76082,94.72786,97.84298,99.03001,93.66711,84.94886,86.02502
2.D.2,PT,5.99742,6.08281,6.75706,5.30219,6.29782,6.69338,7.78942,6.87144,7.59703,8.04917,6.85178,9.59945,9.0621,9.00026,10.65812,8.26494,7.48753,6.02386,6.60844,5.36191,6.02571,6.67353,6.86512,5.82675,6.0558,7.02846,5.82,5.04138,4.70365,4.77427,3.40984,3.23975,1.79611,1.00398,1.48908
2.D.2,RO,,,6.86246,0.91499,1.37249,0.91499,3.20248,0.91499,2.74498,4.11748,4.57497,2.74498,2.28749,1.82999,2.74498,3.65998,3.20248,1.38257,1.38745,1.84994,1.84994,0.46248,0.46248,4.16236,3.69987,3.23739,4.16236,4.6919,3.76089,5.17188,4.47744,4.41922,4.70343,3.55914,4.22357
2.D.2,SE,17.72754,17.72754,17.72754,17.72754,17.72754,17.72754,18.32395,17.0169,17.45834,20.83235,22.92548,23.57971,22.38262,24.04563,28.34021,53.09593,34.94092,49.17089,49.14887,34.34384,51.20912,40.67447,37.90725,51.44129,55.18627,39.32923,38.6402,37.3122,36.5769,34.85884,,,,,
2.D.2,SI,4.26723,4.26723,4.26723,4.26723,4.26723,4.26723,4.92027,5.60782,6.2203,6.97993,7.66598,8.50734,8.43541,9.27971,8.38293,8.40946,8.37763,7.79038,7.53745,7.43662,4.81114,4.87186,3.82827,2.29826,4.81585,4.94556,3.70505,4.28757,4.33666,3.25883,3.35488,2.61372,2.63047,2.48932,2.49914
2.D.2,SK,2.46279,2.46279,2.46279,2.46279,2.46279,2.46279,2.46279,2.46279,2.46279,2.46279,2.46279,2.46279,2.46279,3.69419,,1.2314,,3.17302,1.89062,1.89062,2.53842,1.90381,2.52083,2.53842,3.17302,2.53842,2.538,2.52,1.9038,2.538,2.538,2.53842,2.53842,2.53842,1.90381
2.D.2,TR,8.2544,7.6648,4.1272,4.7168,2.948,2.948,4.7168,2.948,2.948,2.3584,5.896,16.5088,19.4568,17.0984,22.4048,52.4744,31.2488,17.0984,11.2024,11.792,11.2024,18.8672,17.0984,6.4856,13.5608,11.792,11.2024,8.2544,12.9712,13.5608,14.56194,6.68135,8.92713,9.21368,6.67427
2.D.3,AT,257.73753,243.14552,228.55351,213.96149,199.36948,184.69051,178.8415,173.37094,167.90038,162.42982,153.55095,148.72328,143.95447,139.14885,134.32073,129.80303,126.41335,124.3731,121.8499,118.69773,115.98827,112.1658,109.49101,109.06867,107.05604,105.64547,107.34077,110.70059,115.14155,118.6872,129.35903,130.65087,128.82977,125.03257,126.2842
2.D.3,BE,,,,,,,,,,,,,,,0.00429,0.03755,0.71702,6.07618,11.38659,14.74961,18.1181,20.58273,22.53312,25.23643,27.40539,29.72844,31.65048,32.73016,34.08893,33.98598,32.8526,33.92581,33.45219,34.05776,33.97605
2.D.3,BG,,,,,,,,,,,,,,,,,,,0.45454,0.78552,0.97873,1.13846,1.23556,1.16907,1.65746,2.23214,2.57358,2.93359,3.36371,3.96072,3.89066,3.90499,3.75812,4.15514,4.15514
2.D.3,CH,3.64888,6.11369,9.11443,10.48156,11.35587,11.49826,11.87826,12.08507,13.37666,14.8596,15.16157,15.93163,17.17937,17.71021,19.01176,20.4541,22.30719,22.95234,24.24213,25.31546,22.00821,23.18286,23.07958,23.82119,23.36573,21.92313,24.38741,24.77428,25.12886,24.61821,24.43162,24.80186,24.95331,24.97619,25.03817
2.D.3,CY,,,,,,,,,,,,,,,,,,0.01875,0.02664,0.03676,0.04318,0.04688,0.04376,0.03389,0.02917,0.10288,0.17276,0.25252,0.28937,0.37013,0.35597,0.36906,0.35646,0.36427,0.53073
2.D.3,CZ,,,,,,,,,,,,,,,,,5.08211,8.82246,10.57689,10.92937,12.64005,13.89184,15.13152,15.48648,17.38867,20.13082,20.69163,21.46889,22.71368,23.50806,21.74983,23.67665,24.74971,24.53878,26.00197
2.D.3,DE,2551.10157,2493.90587,2397.1071,2397.10546,1952.95683,2041.44025,2041.34094,2097.63212,2153.92155,1980.66067,1797.52016,1678.75763,1602.31304,1545.24673,1625.44605,1604.61167,1634.43003,1554.68643,1492.5772,1325.44364,1597.24565,1455.38291,1455.3667,1367.72702,1301.52926,1279.41725,1316.36175,1369.66695,1339.4186,1317.12879,1309.04057,1361.53215,1358.17693,1229.78565,1224.62542
2.D.3,DK,,,,,,,,,,,,0.00058,0.0014,0.00167,0.00117,0.01021,0.08883,0.57286,1.29335,1.90222,2.93143,4.30577,5.70859,6.95661,8.0524,8.33492,8.75677,9.084,9.25928,9.30669,9.23873,9.68945,9.43064,8.91291,8.89639
2.D.3,EE,18.51976,19.74715,14.56842,13.53388,15.05655,17.43299,18.15683,18.23747,19.7389,18.58999,16.57053,14.86648,16.06191,15.50698,18.84399,21.87896,24.73689,20.8775,19.59108,14.40718,13.5195,15.64014,16.84928,22.47543,20.43603,19.84882,20.03048,22.48653,21.67376,23.05923,23.55371,30.69298,29.81936,25.83855,23.96894
2.D.3,EL,,,,,,,,,,,,,,,,,,,0.01456,0.07327,0.10676,0.30457,0.8714,1.60173,2.06033,2.51895,2.97758,3.43621,3.92,5.3449,5.174,5.71219,6.8,7.1,7.862
2.D.3,ES,,,,,,,,,,,,,,,,4.61346,14.8837,25.38898,32.78588,35.11388,36.83915,37.71141,36.60281,36.72551,40.51276,46.8598,52.2826,55.34847,58.15262,61.03121,57.27223,65.1067,68.23923,68.54441,69.66039
2.D.3,EUA,4328.9673,4117.36357,3948.67582,3750.59554,3475.83118,3655.43908,3652.88313,3658.49705,3744.54201,3569.87064,3554.91753,3559.96662,3315.07494,3222.72328,3667.73228,4003.08109,4012.02349,4037.0565,4057.06685,3169.78452,3669.46597,3532.03561,3561.98678,3457.31486,3471.11517,3256.01297,3372.70999,3442.05744,3227.42679,3077.53673,3107.86534,3566.95034,3268.59688,2963.39603,2926.11743
2.D.3,FI,,,,,,,,,,,,,,,,,0.41038,1.2252,1.97448,2.46809,3.29647,4.07904,4.4407,5.07401,5.70839,6.59494,8.38963,10.39284,12.47826,14.66776,15.71687,18.65557,19.40776,18.57582,18.7415
2.D.3,FR,437.92796,479.686,417.92267,527.19915,481.42216,484.31828,518.43252,487.37251,530.94494,491.15789,512.30935,487.11337,361.94392,350.56216,471.86776,548.42645,412.76137,547.6293,491.82993,461.86234,524.13337,470.12345,480.46126,574.35612,607.6425,452.16735,498.48238,359.2754,427.37198,381.26729,372.591,579.12944,653.75345,522.40106,465.31158
2.D.3,HR,150.65477,95.83859,57.90195,53.58464,55.92227,95.57265,86.33971,61.97793,59.2616,53.18707,56.43549,57.00049,68.58166,70.19319,82.43843,86.20266,95.97885,97.05577,97.95479,69.08446,60.79332,57.6064,54.34769,48.50413,40.83288,38.65951,40.84153,42.68258,50.27941,60.90238,54.37119,52.37567,40.97706,40.0846,39.7227
2.D.3,HU,138.6173,119.41878,124.63722,111.13221,113.04559,107.54295,101.95912,102.15257,104.7688,106.81651,107.33445,99.92772,103.79464,105.75652,113.29109,122.93085,110.75695,90.43797,86.61827,81.33542,70.17107,76.75069,80.5414,75.46791,73.47928,78.81787,85.28548,85.16746,84.55535,88.23207,91.50587,85.98805,88.81383,83.3516,70.19795
2.D.3,IE,,,,,,,,,,,,,,,,,1.76595,3.80042,5.6119,5.46404,5.51468,5.71518,5.95169,6.79548,7.56551,9.34481,11.88917,13.14121,14.58926,15.53302,13.2817,15.14091,16.79388,16.79361,16.59358
2.D.3,IS,2.19056,2.27277,2.29839,2.30897,2.32377,2.34366,2.53037,2.6162,3.00113,2.92766,3.27482,3.17329,3.21646,3.22615,3.77046,3.99425,4.48745,5.09521,4.21558,3.13342,2.70099,2.76326,2.86187,2.89313,3.1475,3.54467,3.98687,4.596,4.88228,4.80891,4.57303,4.38372,4.57883,5.46154,6.04255
2.D.3,IT,,,,,,,,3.11496,3.11496,3.11496,2.38399,2.85112,3.97793,3.24682,2.94452,2.34866,4.3704,11.11347,18.10827,23.02751,40.24284,43.39804,48.38524,43.11038,49.89389,49.39153,55.73086,55.89957,69.7664,78.91176,74.61494,86.68499,97.52913,100.47126,110.82659
2.D.3,LI,,,,,,,,,,,,,,,,,,,,,,,,,,,,,,,,,,,
2.D.3,LT,,,,,,,,,,,,,,,,,,,,,,,0.01253,0.02431,0.08793,0.15132,0.33969,0.56027,0.90256,1.04544,1.05655,1.65804,2.34,2.53869,3.2832
2.D.3,LU,14.18545,13.70593,13.0477,11.20949,9.98365,9.5785,9.79348,9.23844,8.91978,12.05096,11.75176,14.30816,10.57729,12.45033,10.87098,10.56298,11.48829,13.17812,15.07309,14.12106,15.58855,14.81959,14.74064,15.18737,13.33261,15.27188,14.88387,16.30593,18.06752,19.37499,17.33274,19.52258,17.76555,16.52046,16.86825
2.D.3,LV,20.97762,20.89617,20.7758,20.33166,19.98732,19.66936,19.43643,19.24406,19.0545,18.89761,18.72168,18.53882,18.28896,18.12484,18.28027,17.88502,17.8644,19.6328,15.53327,12.9052,17.78814,18.37791,20.07468,20.96781,21.79711,22.7587,21.53561,23.07297,33.06276,26.96347,29.35601,33.34284,27.46555,33.73536,34.71851
2.D.3,MT,0.023,0.02215,0.02129,0.02043,0.01957,0.01871,0.01785,0.01699,0.01613,0.01528,0.01442,0.01356,0.0127,0.01184,0.01098,0.01519,0.01944,0.02378,0.03463,0.03741,0.05205,0.10876,1.28887,5.32344,5.37768,4.26347,2.29701,0.71789,0.52017,0.6228,0.71858,0.78022,0.92389,0.84717,0.79141
2.D.3,NL,,,,,,,,,,,,,,,,3.27478,6.70044,10.35374,14.18561,17.56516,19.2848,20.8534,22.27223,22.2912,23.06342,24.86654,26.91807,27.8297,29.86643,30.81249,31.18763,32.5458,34.89344,36.30226,38.7224
2.D.3,NO,,,,,,,,,,,,,,,,,,,3.97558,5.71984,7.68452,9.03697,10.51914,10.52718,12.97848,13.65715,15.64349,15.92596,18.11391,19.4512,21.84723,25.5155,27.84668,28.39396,26.48137
2.D.3,PL,,,,,,,,,,,,,,,,,2.37826,6.55872,14.77006,16.4315,19.71532,24.66973,25.65389,28.46474,30.3899,36.85109,46.6774,57.21676,66.64929,71.54404,74.93274,85.70944,87.8708,92.78895,96.49889
2.D.3,PT,182.42892,182.03197,177.51292,161.06718,164.20987,157.56287,172.61543,190.59373,198.91889,210.50135,214.21392,203.69744,201.64701,191.94658,183.48999,175.18449,166.18261,162.73013,151.95643,131.51162,140.47749,130.31792,123.74712,125.67291,134.37869,146.90188,129.38997,131.84017,143.41803,144.59152,152.4587,140.62422,146.48369,147.86512,130.88887
2.D.3,RO,552.04572,444.21772,491.87953,236.70224,459.11017,532.38198,500.1965,492.04726,473.41708,507.7554,659.49288,827.60226,776.37451,762.0015,996.41694,1264.81026,1363.28556,1318.4303,1435.20875,790.67312,933.75083,981.70232,982.55268,860.5465,883.34443,805.66983,811.98833,919.71189,614.91284,496.6454,537.12156,696.32502,317.1829,268.94343,306.09007
2.D.3,SE,4.74772,4.74772,4.74772,4.74772,4.74772,5.23004,5.75283,3.49807,4.5645,4.69314,4.61795,6.56571,7.5455,8.52529,9.50508,10.48487,11.27242,12.5906,14.76787,18.41693,15.13747,15.06633,25.23547,28.11087,36.45473,37.87007,40.55407,54.64213,36.56253,34.39773,36.71705,36.73824,36.09764,38.60133,35.89301
2.D.3,SI,,,,,,,,,,,,,,,,,0.43627,1.47992,2.88288,2.74148,3.09657,3.79284,4.52166,4.70684,5.02872,5.23269,5.86852,6.36275,6.7225,6.77165,6.16489,6.69844,6.5959,5.80526,6.4177
2.D.3,SK,,,,,,,,,,,,,,,,,,,,,2.01217,3.48351,3.92529,6.23,6.61,6.38,8.8,9.13,9.68,8.87,6.25,9.77,10.09,9.44,8.59
2.D.3,TR,,,,,,,,,,,,,,,,,,,,,,,,,,,,,,,,,,,
2.G,AT,0.0673,0.06932,0.07125,0.07554,0.07696,0.05969,0.06354,0.05754,0.06678,0.10903,0.0918,0.05785,0.09081,0.07869,0.07614,0.08588,0.07495,0.10238,0.09605,0.08143,0.0818,0.09026,0.08151,0.07766,0.0758,0.04118,0.06492,0.05045,0.04562,0.07084,0.02097,0.02097,0.04898,0.05245,0.08633
2.G,BE,,,,,,,,,,,,,,,,,,,,,,,,,,,,,,,,,,,
2.G,BG,11.93337,11.93337,11.93337,9.4344,34.59046,29.98163,30.4509,24.79092,11.4276,9.01565,14.71967,7.01941,9.64888,7.76145,16.04043,17.94047,17.6935,19.79896,17.77891,13.62204,15.00901,12.52909,11.78999,10.40606,13.00474,18.08373,18.53931,18.72412,19.1335,19.6222,18.40442,19.88879,22.09639,21.11862,21.48291
2.G,CH,6.06857,8.84114,12.61685,14.74496,19.47284,23.19463,24.73954,25.022,25.79083,26.50323,27.53651,28.65219,28.52532,30.16912,30.12008,30.3304,29.49743,31.78644,30.27925,30.78113,31.11849,34.55899,33.00539,33.82258,32.17984,32.2794,33.09736,35.88644,35.00443,35.38926,31.76063,31.78071,31.79628,31.74988,31.77461
2.G,CY,,,,,,,,,,,,,,,,,,,,,,,,,,,,,,,,,,,
2.G,CZ,,,,,,,,,,,,,,,,,,,,,,,,,,,,,,,,,,,
2.G,DE,,,,,,,,,,,,,,,,,,,,,,,,,,,,,,,,,,,
2.G,DK,0.05532,0.07321,0.07914,0.06992,0.08489,0.12966,0.11894,0.09362,0.15241,0.28862,0.20997,0.1657,0.20492,0.26179,0.37377,0.15933,0.18207,0.19347,0.18894,0.23251,0.23452,0.20465,0.15069,0.1921,0.16171,0.25049,0.19442,0.17851,0.26985,0.18421,0.1836,0.21505,0.30749,0.14683,0.17374
2.G,EE,,,,,,,,,,,,,,,,,,,,,,,,,,,,,,,,,,,
2.G,EL,102.47282,105.71803,103.92934,100.86116,96.65151,90.55771,89.03913,89.77452,90.85591,96.41926,93.93206,94.93361,91.49318,95.09438,97.40855,94.77303,95.78426,96.70131,94.20484,90.62274,93.35992,88.13268,85.26655,86.16114,83.33477,83.80558,83.99833,84.77214,87.07351,86.89957,88.05255,88.15529,88.4531,90.35714,90.49684
2.G,ES,,,,,,,,,,,,,,,,,,,,,,,,,,,,,,,,,,,
2.G,EUA,144.52699,161.24788,151.28448,155.84259,166.04598,162.86148,163.05423,137.24626,125.61444,124.8947,130.3428,130.92185,142.26751,150.13993,161.20189,169.22075,166.07765,163.4623,167.45671,151.41714,144.4509,134.35169,145.58683,147.79054,115.11098,124.12465,122.72064,134.10749,125.81509,111.32302,111.10356,121.03189,119.09665,115.05024,115.1843
2.G,FI,,,,,,,,,,,,,,,,,,,,,,,,,,,,,,,,,,,
2.G,FR,29.8122,43.22472,34.97296,45.05556,34.29184,41.76084,42.97084,22.1188,22.74844,18.62532,20.81408,28.22628,40.44048,46.47652,46.7148,55.67816,51.759,46.065,54.656,46.387,35.238,32.8544,47.74882,50.32213,17.81601,21.20841,19.27491,29.76379,18.65251,3.98828,4.05709,12.56581,7.81441,2.76104,2.35196
2.G,HR,,,,,,,,,,,,,,,,,,,,,,,,,,,,,,,,,,,
2.G,HU,,,,,,,,,,,,,,,,,,,,,,,,,,,,,,,,,,,
2.G,IE,,,,,,,,,,,,,,,,,,,,,,,,,,,,,,,,,,,
2.G,IS,0.00493,0.00392,0.00668,0.00616,0.00578,0.00611,0.0077,0.00913,0.01177,0.02364,0.01634,0.02082,0.01438,0.02257,0.02442,0.02759,0.04442,0.04703,0.02135,0.01823,0.02121,0.02383,0.02716,0.0172,0.02211,0.02602,0.02603,0.02626,0.03285,0.02029,0.02136,0.02276,0.02971,0.01923,0.02779
2.G,IT,,,,,,,,,,,,,,,,,,,,,,,,,,,,,,,,,,,
2.G,LI,,,,,,,,,,,,,,,,,,,,,,,,,,,,,,,,,,,
2.G,LT,,,,,,,,,,,,,,,,,,,,,,,,,,,,,,,,,,,
2.G,LU,,,,,,,,,,,,,,,,,,,,,,,,,,,,,,,,,,,
2.G,LV,,,,,,,,,,,,,,,,,,,,,,,,,,,,,,,,,,,
2.G,NL,0.18598,0.22923,0.29843,0.346,0.35033,0.37195,0.41088,0.41088,0.3633,0.43683,0.57523,0.519,0.38925,0.4671,0.5882,0.58388,0.58388,0.60118,0.53198,0.47142,0.52765,0.54063,0.54928,0.63145,0.71795,0.73525,0.64875,0.61848,0.6401,0.55793,0.38493,0.18598,0.37628,0.61415,0.59253
2.G,NO,,,,,,,,,,,,,,,,,,,,,,,,,,,,,,,,,,,
2.G,PL,,,,,,,,,,,,,,,,,,,,,,,,,,,,,,,,,,,
2.G,PT,,,,,,,,,,,,,,,,,,,,,,,,,,,,,,,,,,,
2.G,RO,,,,,,,,,,,,,,,,,,,,,,,,,,,,,,,,,,,
2.G,SE,,,,,,,,,,,,,,,,,,,,,,,,,,,,,,,,,,,
2.G,SI,,,,,,,,,,,,,,,,,,,,,,,,,,,,,,,,,,,
2.G,TR,,,,,,,,,,,,,,,,,,,,,,,,,,,,,,,,,,,
2.H,AT,,,,,,,,,,,,,,,,,,,,,,,,,,,,,,,,,,,
2.H,BE,,,,,,,,,,,,,,7.452,14.857,12.363,16.462,10.181,25.991,22.327,28.696,21.737,23.185,20.60187,25.96314,22.01826,20.61067,20.17496,24.41256,22.8754,19.36417,19.707,22.635,21.676,23.20151
2.H,BG,,,,,,,,,,,,,,,,,,,,,,,,,,,,,,,,,,,
2.H,CH,1.04,0.9375,0.83501,0.73251,0.63002,0.52752,0.2175,0.31502,0.45018,0.63051,0.74528,0.80831,1.3186,1.63545,1.44245,0.31701,0.58621,0.44007,0.57619,0.8254,0.95601,1.15371,0.90748,0.89373,0.85389,0.84542,0.26606,0.29105,0.32379,0.26821,0.25282,0.2427,0.26067,0.25817,0.35761
2.H,CY,,,,,,,,,,,,,,,,,,,,,,,,,,,,,,,,,,,
2.H,CZ,,,,,,,0.18474,0.26221,0.29134,0.30715,0.36537,0.36908,0.39927,0.41883,0.41926,0.35554,0.41297,0.5229,0.49019,0.25252,0.26466,0.48398,0.54183,0.5341,0.55476,0.56592,0.52039,0.468,0.55435,0.68762,0.8244,0.63007,0.5277,0.8744,0.93583
2.H,DE,,,,,,,,,,,,,,,,,,,,,,,,,,,,,,,,,,,
2.H,DK,,,,,,,,,,,,,,,,,,,,,,,,,,,,,,,,,,,
2.H,EE,,,,,,,,,,,,,,,,,,,,,,,,,,,,,,,,,,,
2.H,EL,,,,,,,,,,,,,,,,,,,,,,,,,,,,,,,,,,,
2.H,ES,,,,,,,,,,,,,,,,,,,,,,,,,,,,,,,,,,,
2.H,EUA,91.98021,79.31164,87.00532,80.21013,55.12089,51.43851,70.35432,66.80762,55.84733,67.2541,69.78474,63.29651,49.91185,72.33788,72.4413,67.98491,75.62797,68.01137,89.09579,72.93744,80.41299,73.84473,72.89323,71.648,61.89877,54.37954,60.10856,54.58212,64.25974,60.66062,59.05446,56.71518,793.69775,64.85942,71.03806
2.H,FI,,,,,,,,,,,,,,,,,,,,,,,,,,,,,,,,,,,
2.H,FR,0.04373,0.04373,0.04373,0.04373,0.04373,0.04373,0.04373,0.04373,0.04373,0.04373,0.04373,0.04373,0.04373,0.04373,0.04373,0.04373,0.04373,0.04373,0.04373,0.04373,0.04373,0.04373,0.04373,0.04387,0.04487,0.06019,0.06643,0.06314,0.05531,0.06396,0.10277,0.11617,0.12955,0.09445,0.06576
2.H,HR,,,,,,,,,,,,,,,,,,,,,,,,,,,,,,,,,,,
2.H,HU,,,,,,,,,,,,,,,,,,,,,,,,,,,,,,,,,,,
2.H,IE,,,,,,,,,,,,,,,,,,,,,,,,,,,,,,,,,,,
2.H,IS,,,,,,,,,,,,,,,,,,,,,,,,,,,,,,,,,,,
2.H,IT,,,,,,,,,,,,,,,,,,,,,,,,,,,,,,,,,,,
2.H,LI,,,,,,,,,,,,,,,,,,,,,,,,,,,,,,,,,,,
2.H,LT,0.02275,0.02275,0.02275,0.0022,,,,,,,,,,,,,,,,,,,,,,,,,,,,,,,
2.H,LU,,,,,,,,,,,,,,,,,,,,,,,,,,,,,,,,,,,
2.H,LV,,,,,,,,,,,,,,,,4.8492,4.72818,,,,,,,,,,,,,,,,,,
2.H,NL,72.483,57.4047,63.783,59.43619,34.42688,30.50741,49.31064,48.26778,41.24847,51.35169,48.97259,42.81753,31.78945,46.0896,41.16555,33.45418,19.693,29.02764,33.35532,29.75477,29.07229,33.2724,27.53831,27.42768,14.21759,13.54482,9.38942,10.50721,17.86404,16.39689,17.1211,14.93289,24.95617,27.47315,30.8004
2.H,NO,31.27233,42.94558,41.2343,43.14165,42.79374,46.96672,46.77181,56.32552,55.69988,56.80236,62.75953,71.15748,73.89541,85.03113,88.35135,92.5287,85.88355,89.23451,90.34703,84.07891,94.94312,100.53545,104.60779,101.10844,99.8923,108.55073,115.5879,113.60153,121.77137,113.6755,119.58037,112.69037,106.1095,107.28632,109.64224
2.H,PL,,,,,,,,,,,,,,,,,,,,,,,,,,,,,,,,,,,
2.H,PT,0.22551,0.23207,0.23607,0.23212,0.23628,0.24191,0.25039,0.221,0.099,0.00037,0.00018,0.00011,,,0.00451,0.0041,0.00627,0.00703,0.00696,0.00667,0.00183,0.0018,0.00173,0.00171,0.00173,0.00176,0.00179,0.00186,0.00191,0.00196,0.0018,0.0019,0.00203,0.00209,0.00214
2.H,RO,,,,,,,,,,,,,,,,,,,,,,,,,,,,,,,,,,,
2.H,SE,19.20522,21.6084,22.91978,20.49589,20.41401,20.64546,20.56482,18.0129,14.16479,15.55116,20.40287,20.06606,17.6794,18.33373,15.95126,16.91516,34.28182,28.22907,29.2086,20.55275,22.33448,18.30582,21.58263,23.03876,21.11668,18.18858,29.51986,23.36695,21.37157,20.63479,21.64022,21.32715,745.4473,14.73932,16.03243
2.H,SI,,,,,,,,,,,,,,,,,,,,,,,,,,,,,,,,,,,
2.H,SK,,,,,,,,,,,,,,,,,,,,,,,,,,,,,,,,,,,
2.H,TR,,,,,,,,,,,,,,,,,,,,,,,,,,,,,,,,,,,
3,AT,85.92325,86.63449,90.3087,87.86206,83.25829,84.22071,80.14695,89.7133,92.47324,85.84093,89.33316,92.16805,96.53146,93.9354,90.56867,95.54286,103.03975,109.91866,124.67209,126.08299,112.34965,125.99247,133.66502,127.20978,132.77649,145.4852,151.60679,150.70709,154.82518,150.77643,148.94472,149.28854,149.16931,147.51155,141.73903
3,BE,180.00632,179.74832,178.0423,176.29131,181.12065,184.16445,181.83742,180.90316,180.19336,179.84936,174.47245,172.65717,172.69801,169.267,169.95054,169.99083,168.86311,158.59503,157.83935,162.42253,162.62778,163.29044,162.54777,162.31974,167.96176,167.69431,169.40083,166.50108,163.69611,162.30503,162.58752,160.92595,156.73617,160.62499,155.33675
3,BG,88.18892,96.89463,69.65876,54.23096,54.61641,59.44068,38.80736,53.80266,49.0364,49.89657,41.50513,49.4249,56.41489,39.92315,58.81304,47.8932,46.23589,29.32065,53.4635,49.63483,59.54758,56.68426,53.96451,69.46628,72.12916,66.23159,68.74132,74.43739,76.1389,80.4605,79.04361,77.14249,80.0846,91.2771,85.58218
3,CH,48.90337,42.30233,42.20005,42.06079,42.02203,42.02044,41.97897,37.77664,36.36309,37.30109,39.31761,40.04647,40.89903,39.28173,43.77196,42.15829,41.63698,45.9129,43.64554,41.4991,44.43744,43.51362,41.62972,42.31991,45.81352,44.68875,47.36526,47.9785,46.46622,45.39014,44.85223,46.0466,44.133,46.16997,47.63275
3,CY,1.815,1.4667,1.9177,1.6023,1.7035,1.5407,1.3779,1.1015,0.836,0.9167,1.672,0.1665,0.4195,0.7311,0.9467,0.9665,1.166,1.1059,0.5368,1.1389,0.7377,0.9086,0.5488,0.7905,0.407,0.3982,0.394,0.418,0.22345,0.22587,0.22,0.29883,0.27133,0.18308,0.17058
3,CZ,1345.24081,460.99112,222.25972,201.20299,199.46453,225.12841,218.52291,164.51208,237.55015,179.16369,233.7723,266.63606,236.12519,202.72575,230.7757,213.60093,237.90619,280.89603,278.63535,215.04426,225.39637,290.61371,327.37085,340.07475,287.91761,438.74499,464.5779,390.78022,348.83924,341.93262,320.83717,321.90519,345.70511,268.80373,323.95495
3,DE,3190.45331,2897.30942,2625.34888,2302.56802,2175.36613,2127.77025,2255.70947,2355.33497,2482.94447,2644.08745,2655.14943,2664.95648,2551.86843,2530.50615,2426.55736,2376.13893,2355.19147,2407.60504,2500.06974,2465.99162,2516.99099,2511.39565,2635.90467,2737.36847,2903.18375,2927.95662,2922.62897,2870.2342,2855.39783,2730.80358,2628.50118,2555.45807,2519.10169,2434.0029,2381.45697
3,DK,613.4514,506.64972,399.00193,346.00583,408.61088,533.6195,415.63595,481.93665,262.93306,272.98988,267.63171,206.16329,236.24246,228.43733,159.50563,221.56643,195.8355,193.84315,230.95762,186.33158,155.85542,164.66657,191.73285,246.20409,239.9741,176.04911,216.16449,218.69285,243.79755,184.7086,254.35192,266.55447,267.86851,192.3241,184.79586
3,EE,13.11045,12.09679,3.0876,2.57532,2.81173,4.23379,4.24053,6.23808,25.31119,26.29981,19.84916,21.27614,19.10852,17.23903,10.38178,8.62847,6.56439,5.79765,5.32372,1.42198,9.37358,3.94024,7.00887,6.47153,8.6679,9.0703,14.05088,16.37701,19.40499,16.02025,16.26057,28.71161,36.05621,29.77659,26.48264
3,EL,60.4099,58.13029,55.56571,43.74019,40.74819,45.02248,46.01981,43.74019,43.88267,41.74552,38.46857,37.04381,36.04648,35.19162,36.33143,31.91467,29.92,33.62438,28.63771,24.93333,30.34743,25.84433,24.99674,26.00675,23.64278,23.41368,26.3608,34.14039,32.90956,34.80084,37.22124,38.28628,30.70594,25.82433,22.56467
3,ES,597.84514,547.36437,538.44506,484.13015,516.43192,428.36006,594.76305,574.59768,640.77607,704.62305,761.76279,676.67917,637.2415,680.88125,633.90792,535.65123,582.65196,575.21357,426.17769,550.5888,608.78552,545.07844,529.76717,599.35324,704.3318,625.24763,612.50342,703.74608,609.13035,559.55509,637.817,393.62623,409.94962,463.05767,536.41277
3,EUA,14193.40579,11334.74047,9798.72899,9696.81168,9423.0033,9950.60869,9985.3368,10436.87673,10246.51515,10391.57018,10213.13223,10032.25751,9733.91277,9667.66014,9340.79136,9169.70381,8795.7348,8841.32914,8801.56198,8793.34419,8782.88068,8968.97225,9249.68378,9794.54083,9906.66775,9828.67534,10463.64426,9969.49385,10070.51899,9461.68121,10035.41319,9807.60156,9417.01625,9325.59377,9366.66402
3,FI,647.38704,457.55336,299.47172,473.12517,473.17954,410.26969,477.83175,491.78633,452.40134,453.60122,350.85069,419.84823,447.21296,302.94357,277.01888,290.99562,322.01068,277.2334,326.55064,339.71387,278.98585,202.11573,203.29302,315.2627,245.42291,166.71564,258.74153,188.63029,202.50905,190.33128,202.8521,201.4158,221.04075,183.16562,170.44391
3,FR,1904.73532,1886.97591,1759.90507,1887.5817,1858.92998,1984.21047,1904.41028,2087.24863,2044.87428,2052.2928,1984.37993,1959.66451,1975.06007,1981.30117,1975.8607,1968.00337,1895.32202,1873.07453,1940.56662,2077.9022,1911.02322,2103.18494,2166.60515,2013.97677,2124.49719,2162.98774,2165.22765,2076.69466,2199.37433,2097.94934,2150.86691,2055.52716,2075.33112,2212.65221,2242.64472
3,HR,50.01973,50.94636,65.5116,52.13927,47.56987,46.29387,52.43993,68.38773,44.2486,50.48707,60.86593,92.09493,80.7554,71.7926,75.94033,85.46138,80.66707,89.3244,96.60254,76.96247,88.03728,105.17831,101.234,74.61465,69.4668,69.3397,76.16622,81.12777,72.24285,75.65983,95.17657,92.26025,47.87822,28.04716,57.37039
3,HU,384.74671,274.19804,236.61131,195.44497,158.90057,116.7575,105.12918,95.31014,96.00717,94.67328,104.20171,108.1792,116.78252,127.15946,151.4247,142.26184,143.57781,149.11085,90.74769,98.04754,105.81956,129.43369,142.29014,174.00683,168.91439,202.83329,208.97616,222.99241,213.64286,216.8229,240.14847,236.12538,212.34193,171.43382,196.69869
3,IE,451.71302,414.77354,373.68664,457.17502,368.36066,580.8623,571.2204,506.12071,400.95203,486.76115,458.22678,468.91915,354.70492,465.24261,307.6534,327.54832,319.61189,427.66665,329.18057,396.3432,526.17708,430.94436,275.74727,562.78303,445.62469,465.41235,515.38681,416.73515,551.48588,439.98454,509.66124,703.80977,767.88272,597.02552,625.63882
3,IS,0.0231,0.00925,0.03245,0.022,0.0088,2.43695,2.65083,2.55936,2.54642,2.76168,2.76213,2.69597,2.41541,4.6716,4.77962,4.53265,4.42453,4.0609,7.01897,5.72312,3.92474,3.86084,4.34616,4.24962,3.82353,3.19115,3.59475,4.30428,4.37796,7.77025,6.99144,6.8296,6.02092,8.07631,5.67509
3,IT,509.87108,577.21416,597.26212,683.14947,646.47011,567.47181,488.80607,584.06367,570.74747,594.53014,570.88387,588.47577,610.48494,615.9759,629.83477,563.74323,590.40168,591.19376,551.4671,420.30121,381.05958,403.80113,592.11546,481.30767,443.62444,458.29601,594.00704,456.03795,442.36063,429.58115,503.48492,462.84439,236.02604,442.28039,438.04261
3,LI,0.05831,0.05512,0.05554,0.05564,0.05203,0.04927,0.0495,0.04837,0.04217,0.04285,0.04505,0.04473,0.04828,0.04739,0.04557,0.04601,0.04515,0.04469,0.04701,0.04483,0.04286,0.04949,0.04401,0.04264,0.04134,0.04704,0.04233,0.0443,0.04817,0.04525,0.04023,0.04138,0.04531,0.03985,0.03529
3,LT,80.19743,90.31911,45.33388,14.78686,14.71139,15.27721,35.5885,35.90804,37.27107,36.19198,35.22731,34.26544,41.38605,40.76273,40.79662,51.87465,39.9394,52.5761,41.8258,47.37028,37.93413,38.65753,41.0742,48.25536,78.99857,61.50779,57.00386,52.58396,55.27244,67.49972,104.27147,126.0599,71.19295,63.98355,83.54399
3,LU,6.05153,6.47696,7.13766,6.89339,7.00721,6.65615,6.55364,6.93088,7.36273,6.65821,7.33015,6.91353,7.70988,6.72155,7.39819,8.40542,7.54226,7.25141,7.05079,8.19131,7.61215,9.10048,9.01418,9.62735,9.74325,9.9099,9.60212,10.61047,12.006,11.83281,11.68026,11.31358,10.13283,9.26406,10.31748
3,LV,364.84213,229.66497,36.23033,3.93323,2.43467,1.91217,1.49233,1.32147,3.30403,3.3605,6.02433,2.1747,19.53637,26.08247,2.4332,2.9381,2.80133,6.33123,5.9202,8.33617,5.9741,12.22687,15.69407,17.3217,23.6555,26.14766,30.52683,33.90273,44.48913,54.8702,70.9742,83.33453,83.3998,78.06847,85.93096
3,MT,0.16818,0.16799,0.16779,0.1676,0.16741,0.16721,0.16702,0.16683,0.16664,0.16644,0.16625,0.16606,0.17581,0.18555,0.18091,0.17627,0.17695,0.17764,0.16547,0.07929,0.07929,0.02471,0.02471,0.06594,0.06594,0.04958,0.04958,0.07136,0.07136,0.09082,0.09082,0.0876,0.0876,0.07707,0.07707
3,NL,184.6671,150.79887,144.59121,138.09248,100.24917,100.96703,113.518,112.59425,105.83145,86.09952,99.90372,84.46029,88.09922,98.47984,89.20165,83.02216,93.28252,94.0155,81.19331,84.77047,92.03519,108.73369,142.06244,130.86972,129.65248,134.64905,85.88721,98.72478,83.12339,85.16185,81.31709,87.9203,92.83017,95.30764,81.91031
3,NO,231.52386,201.19502,166.20369,193.81912,173.72274,193.86019,180.45837,180.62517,160.62625,159.05861,137.21884,139.55674,136.065,123.94848,111.4643,109.27943,103.92507,98.65372,95.72315,88.26932,78.33214,78.26155,80.09932,82.01125,88.76938,89.89252,88.50295,93.53289,103.00967,114.40563,127.40455,125.30677,129.03409,132.78934,132.75335
3,PL,2906.62006,1966.11247,1694.08913,1695.19261,1647.40332,2019.01505,1952.23219,2094.29333,2111.14387,1955.11613,1849.04899,1665.94158,1598.66041,1573.78457,1608.74721,1591.34893,1252.13552,1135.21357,1156.73982,1089.10081,1121.18667,1189.47154,1141.02397,1283.26158,1269.31532,1108.97525,1412.91621,1305.1555,1287.18436,1140.12672,1375.03507,1336.83715,1211.00716,1218.88903,1081.09146
3,PT,48.44833,48.44833,48.44833,48.44833,48.44833,38.42235,54.38139,54.72439,41.73384,49.26704,60.01171,50.92697,40.11059,35.0527,36.9319,38.33064,47.55772,55.18133,60.34748,58.70555,46.92393,53.5389,49.53366,45.13537,56.01764,65.1371,66.17214,56.80146,50.46827,41.49241,43.11079,33.37625,18.73866,37.76444,47.93192
3,RO,182.51157,79.10501,74.11725,90.34308,109.42807,97.70817,97.72657,86.73338,89.21914,73.72856,102.90107,121.10024,105.97109,122.84534,136.08795,138.54092,129.65811,117.4336,136.98431,123.05011,107.21621,90.65008,76.62552,89.90015,82.14689,94.34272,113.23902,124.59731,125.41743,128.58293,135.55605,161.25294,145.7513,127.31999,141.06148
3,SE,177.75165,140.47558,112.86179,134.44053,161.20417,172.88652,197.3282,178.36599,133.7843,160.28661,159.67552,139.96266,133.30591,129.92951,123.2338,116.50141,89.6134,115.58194,104.59151,114.54016,123.80012,123.86548,142.11874,142.56352,123.32511,124.4825,128.11521,127.53811,128.54883,122.8464,122.57061,122.79239,139.20912,145.7023,139.40367
3,SI,56.21332,54.75201,61.74,59.30718,59.57007,44.93877,37.70374,30.83958,33.49147,34.69264,33.37534,33.03555,32.00114,33.50738,28.40075,29.06727,28.71199,27.37209,22.88694,30.23869,27.83455,24.78027,26.99883,26.37963,25.30176,24.2647,25.35224,25.10359,27.78178,29.00985,30.71487,28.99741,27.67687,28.7654,29.22782
3,SK,61.01708,59.47194,57.92681,56.38167,54.83653,53.2914,51.74626,50.20112,58.03912,68.24391,46.44222,68.9571,39.25904,37.05541,31.90763,29.59022,25.35019,26.67108,42.42763,36.1,39.16977,54.8498,56.72119,63.94373,69.90252,73.33273,69.84503,66.15203,70.17722,68.24966,72.11684,71.44908,60.84052,72.46107,76.83228
3,TR,459.94593,436.19767,458.74987,626.74187,452.59793,425.92293,534.12773,531.9952,657.9122,733.33407,617.474,527.0738,526.9176,565.4132,632.1832,613.16347,592.3412,566.30347,564.83607,592.71887,644.98353,557.54945,639.76928,807.301,787.68971,810.59367,1295.34771,1449.63166,1257.47126,1287.93617,1657.03014,1301.62981,1138.11548,1547.04753,1508.30404
3.G,AT,45.66564,44.23859,45.66564,42.52613,36.81792,35.67628,31.96595,39.95744,41.09908,36.53251,42.60034,47.85665,50.58509,50.41043,50.46985,53.62254,58.07762,61.89077,71.61605,72.13947,68.61048,77.15024,80.83928,75.33763,75.14287,83.42932,83.79699,86.02788,96.50298,99.39617,98.94027,99.10742,99.19815,95.28778,92.00235
3.G,BE,162.65422,161.50667,160.38902,159.24099,158.09088,156.95148,155.83477,154.69782,153.56176,152.4264,151.26673,150.11973,148.97081,147.83445,146.69885,145.57235,144.43766,143.29556,142.15737,141.01786,139.69506,138.37467,137.0511,136.70324,136.35517,136.00716,135.1719,134.33567,133.50051,132.66484,131.82929,130.99358,130.15772,129.32181,128.4861
3.G,BG,28.65702,28.39459,28.05559,27.58123,27.15974,26.8342,26.50448,26.20855,26.16171,26.36788,25.94273,25.56376,25.1245,24.94596,24.63694,23.68651,23.48925,23.13706,23.18706,23.1957,23.43869,23.66406,24.0176,24.76187,24.68362,24.83853,24.80594,24.80685,24.77037,24.7411,24.82608,24.86609,24.63213,24.72637,24.75805
3.G,CH,22.24739,22.7146,23.12945,23.507,23.98135,24.49372,24.96921,25.41034,25.87935,26.35046,26.82625,27.2535,27.77054,28.22562,30.88196,31.34602,31.85364,32.31825,32.83123,32.80424,32.81334,32.84572,32.82728,32.8375,32.81246,32.86498,32.84316,32.83702,32.84063,32.70006,32.74386,32.78705,32.81831,32.77675,32.79031
3.G,CY,,,,,,,,,,,,,,,,,,,,,,,,,,,,,,,,,,,
3.G,CZ,1236.70747,328.99112,113.72638,108.06965,108.53119,115.86175,118.05625,97.04541,94.55015,91.16369,117.89177,109.78737,103.82434,82.45868,79.90567,67.17803,81.62986,83.79479,99.53776,67.16796,64.53258,84.01267,121.35345,142.27364,157.80211,171.20348,175.04302,165.60852,163.37152,192.79855,164.87086,146.29025,153.76867,120.75477,132.48855
3.G,DE,2200.00917,1986.5761,1748.96467,1465.23227,1324.7077,1279.74273,1380.31736,1480.08807,1588.23794,1714.94802,1695.3909,1694.28574,1592.11833,1568.23968,1482.47147,1427.51295,1438.49724,1477.13242,1544.7135,1521.96776,1549.00084,1593.26391,1692.08461,1824.53015,1917.25601,1905.78897,1881.7711,1937.63138,2047.43847,2038.83815,2009.77657,1982.61485,1994.62074,1938.6849,1906.50423
3.G,DK,565.49433,462.54119,357.38819,306.79156,367.06755,495.97896,393.02582,469.58072,252.2352,264.99435,260.59464,200.75863,233.31646,226.27693,157.6415,219.67737,193.7191,191.95921,228.91675,181.39992,152.80182,161.60124,188.43945,243.87576,237.71617,165.56097,211.75789,214.39772,239.91602,181.39992,249.59537,261.91455,245.63564,183.1598,175.24033
3.G,EE,12.11294,11.16884,2.60072,2.37805,2.15539,3.59357,3.64841,5.75852,24.95205,25.83655,19.41436,20.82727,18.83095,16.85216,9.73343,7.22072,5.80093,4.24485,5.13912,1.19905,9.36603,3.92956,6.98292,6.10566,8.64466,9.04251,14.00289,16.30171,19.27354,15.46373,15.7311,28.48494,36.03908,27.49395,26.48166
3.G,EL,,,,,,,,,,,,,,,,,,,,,,,,,,,,,,,,,,,
3.G,ES,82.84732,82.84732,83.51693,108.37028,97.9611,97.4933,108.23547,110.65146,116.21866,110.5118,109.13447,94.96504,116.10851,83.38769,95.27912,97.9329,78.39172,71.03598,45.6976,50.16019,53.85433,52.75286,45.14555,41.52905,37.9067,39.03746,40.14224,41.24345,25.76757,32.20096,30.3733,30.50609,26.43956,27.2834,39.47849
3.G,EUA,9435.66829,7203.11709,5776.009,5779.63136,5487.175,6121.53406,6070.97031,6479.41187,6058.45628,5934.19351,5604.99998,5559.76474,5371.52362,5276.60603,4892.57114,4837.81693,4396.74898,4308.52267,4360.06874,4313.36913,4292.22391,4307.56427,4377.18289,5005.02387,4959.41249,4680.56853,5032.92358,4629.89482,4980.92038,4784.11541,5345.84372,5510.0859,5524.74991,5167.60076,5206.08374
3.G,FI,642.0072,455.15734,296.87856,472.1401,472.49211,409.66867,477.25539,490.95737,451.6057,452.81574,350.00835,418.92097,446.21751,301.90231,275.90838,289.85529,320.63896,275.45982,325.01306,338.26766,277.41406,199.54338,201.61445,314.2856,243.72129,164.61032,255.95618,186.79536,201.02967,188.17859,201.29893,200.21077,214.84974,174.66082,166.73423
3.G,FR,915.32064,891.07225,757.66085,902.28181,919.50441,1048.78449,994.619,1170.84724,1117.14594,1081.33985,955.33792,928.9654,950.70193,987.28771,960.8614,913.99375,859.65169,843.885,832.96807,919.6679,802.44986,885.61338,971.09336,904.79147,908.63635,862.71598,789.05251,644.87688,731.53881,665.56614,810.83172,780.61927,806.70446,885.07825,900.89081
3.G,HR,,,,,,,,,,,,,,,,14.48791,17.47794,16.6034,20.77734,11.9224,21.45902,21.32309,14.3807,14.2258,19.99424,12.0921,11.20181,10.91724,4.62088,2.06814,6.88692,18.69512,5.86543,6.37625,14.42772
3.G,HU,190.86403,187.65335,162.92404,128.4722,99.96396,58.41936,46.95439,37.99524,33.84074,24.38411,24.43663,23.15828,23.10493,30.11727,34.32789,33.1478,28.44062,23.52005,17.46379,16.14107,14.35483,17.59075,17.59429,17.6565,18.96745,17.90888,13.15487,11.06049,9.62019,8.26408,5.45712,3.93688,3.3735,3.64449,1.21865
3.G,IE,355.036,315.14516,255.60084,357.2998,269.64124,494.5952,484.03344,423.4868,305.58044,383.22724,366.38316,385.28248,273.89956,386.76,240.79572,266.73372,254.85636,376.76672,262.20744,307.3224,427.93388,360.67856,229.3962,515.69276,391.07496,401.14668,433.59668,332.74648,461.05708,343.90248,399.48304,597.40604,623.97632,457.7958,453.53204
3.G,IS,0.0231,0.00925,0.03245,0.022,0.0088,0.0,0.01736,0.03471,1e-05,0.00111,0.00221,0.00112,0.00284,2.42031,2.62518,2.4052,1.73839,1.03697,3.67359,3.07398,1.85833,1.92712,1.79169,1.88637,1.61105,1.34857,1.24912,1.58978,1.73157,2.28791,3.59634,3.54007,2.88591,4.9082,2.50822
3.G,IT,1.35515,1.3621,1.36904,1.37598,1.38292,1.38987,1.38472,1.3863,1.37489,2.0117,1.84869,2.11976,6.32166,6.23707,10.19593,14.35734,11.7772,15.66133,18.46442,17.39913,18.31227,25.41559,15.88246,14.12155,11.97034,13.50464,11.95208,17.47482,15.45298,16.2441,9.97909,25.59459,4.22263,5.19725,3.69765
3.G,LI,,,,,,,,,,,,,,,,,,,,,,,,,,,,,,,,,,,
3.G,LT,20.592,20.592,20.592,2.69707,2.62161,4.0309,13.37704,13.10615,13.82252,9.76316,7.67385,5.58735,9.05291,8.14844,7.90117,6.91993,7.26301,6.71963,10.64224,6.85502,6.29209,8.74969,11.16637,16.77047,24.79498,19.25072,13.80225,12.22669,11.45127,12.41524,38.17572,57.06292,48.46884,41.83802,61.83668
3.G,LU,0.23014,0.41122,0.59229,0.92235,1.33848,1.09395,0.96525,1.42857,1.97126,1.09824,1.84041,2.2308,2.8314,2.7456,2.3595,3.80952,2.97297,3.003,2.7885,3.97254,3.432,4.7619,4.9335,5.6628,6.00336,6.08652,5.52618,6.63894,8.34073,7.91393,8.03085,7.51898,7.89838,6.39022,7.50224
3.G,LV,357.13333,223.07083,32.35833,1.60417,0.73333,1.2375,0.64167,0.18333,2.15417,2.24583,4.675,0.32083,15.07917,24.65833,1.00833,1.5125,1.375,4.90417,2.75,3.9875,1.97083,7.975,9.9,13.24583,18.92917,19.9375,22.59583,24.42733,34.37867,44.63433,61.87133,73.76233,77.88367,69.25967,79.61433
3.G,MT,,,,,,,,,,,,,,,,,,,,,,,,,,,,,,,,,,,
3.G,NL,183.15225,146.76344,140.82136,134.30848,95.79417,98.20289,110.55585,109.99354,103.98816,84.37095,97.62043,80.00529,84.6248,86.40812,78.98422,74.73916,81.11652,71.07736,70.61602,59.71562,59.71562,73.32469,70.44458,70.44458,70.44458,68.71723,40.53148,50.66012,32.24876,36.41431,31.42043,25.49371,32.98085,28.17602,29.80305
3.G,NO,230.97107,200.64224,165.65091,193.26633,173.16996,193.3074,179.90559,180.07238,160.07347,158.50582,137.10664,139.48187,135.63851,123.8736,110.24805,109.17896,103.80113,97.47907,94.82996,86.92108,78.00727,77.93375,79.87316,81.85085,88.6065,89.67658,88.31346,93.44122,102.90643,114.30148,127.32276,125.2107,128.85956,132.50842,132.50842
3.G,PL,2099.3751,1593.2764,1334.42576,1305.47832,1197.97475,1503.58648,1410.08933,1571.75016,1488.51918,1198.78755,1095.02601,1084.34994,1031.78724,991.91826,992.45205,944.89634,584.27838,401.35643,410.31125,351.38244,391.55242,376.22308,336.67297,419.88757,467.55465,373.83967,663.34478,504.35332,526.92722,541.3522,836.29571,795.79429,755.29288,714.79146,714.79146
3.G,PT,6.49397,6.49397,6.49397,6.49397,6.49397,6.49397,6.49397,6.49397,6.49397,6.49397,6.49397,6.49397,6.49397,6.49397,6.41549,6.21473,6.08219,6.129,6.41908,7.67786,8.5328,7.09424,7.68015,8.41672,6.90299,8.14231,8.17374,8.38922,6.96014,10.5091,11.82918,9.22421,8.49914,9.75794,13.42714
3.G,RO,66.82984,30.62862,28.66948,29.399,54.2341,43.77629,50.50221,40.51299,44.48141,34.02402,60.71167,73.7641,63.81837,78.38849,88.45877,85.78721,85.19033,70.62324,87.63513,70.85004,53.30549,35.40357,25.49958,29.24647,28.72228,31.3969,52.5305,57.35953,42.78754,48.18788,52.88173,66.28585,64.81795,45.56852,63.28848
3.G,SE,173.40107,137.04167,110.67613,131.87387,158.95953,171.45333,196.24733,177.55613,133.13227,159.7398,159.19567,139.55773,132.9504,129.64893,122.88467,116.1204,89.4476,115.38267,104.41933,113.74147,123.0636,123.0636,141.65323,141.65323,123.11787,123.11787,126.70115,126.70115,126.70115,122.43988,122.43988,122.43988,139.11825,139.11825,139.11825
3.G,SI,44.0,44.0,44.0,44.0,44.0,28.66512,23.80356,14.8126,17.2678,18.65072,17.17056,16.55588,14.78444,16.016,13.76804,13.56036,13.88244,12.52284,12.18052,12.83788,12.90432,10.91244,12.05424,11.85492,11.10868,10.78,11.53778,12.29556,13.05333,13.81111,14.56889,15.32667,16.08444,16.84222,17.6
3.G,SK,45.72947,44.18433,42.63919,41.09406,39.54892,38.00378,36.45865,34.91351,40.06129,52.45942,34.34171,48.28776,20.97635,19.46952,9.41277,9.2776,8.25443,8.41738,14.44732,13.3803,8.23099,15.14209,11.30286,11.9506,11.962,12.41283,6.77377,2.61851,4.21098,4.71051,8.45034,5.93662,4.22173,16.39281,13.16128
3.G,TR,,,,,,,,,,,,,,,,,,,,,,,,,,,,,,,,,,,
3.H,AT,9.59593,11.57514,13.61957,15.57443,17.91429,19.78779,19.36814,20.17343,21.44857,21.56714,19.36,16.45593,16.77429,19.09976,21.14727,21.89365,24.87871,27.71522,26.17628,31.42714,28.84599,27.47066,30.62628,30.27565,34.03987,34.90436,39.25924,38.30351,32.02542,26.76859,24.53883,23.11939,25.54399,30.07368,25.54452
3.H,BE,17.3521,18.24165,17.65328,17.05032,23.02976,27.21297,26.00265,26.20534,26.6316,27.42297,23.20572,22.53744,23.7272,21.43255,23.25169,24.41848,24.42545,15.29947,15.68198,21.40467,22.93271,24.91577,25.49667,25.6165,31.60658,31.68715,34.22893,32.16541,30.1956,29.64019,30.75823,29.93236,26.57845,31.30318,26.85065
3.H,BG,59.53191,68.50004,41.60316,26.64973,27.45666,32.60648,12.30288,27.59411,22.87469,23.52869,15.5624,23.86115,31.29039,14.97719,34.1761,24.20669,22.74665,6.18359,30.27644,26.43913,36.10889,33.02021,29.94691,44.70441,47.44554,41.39306,43.93538,49.63053,51.36853,55.7194,54.21753,52.2764,55.45247,66.55073,60.82413
3.H,CH,26.65598,19.58774,19.0706,18.55379,18.04068,17.52672,17.00977,12.3663,10.48374,10.95063,12.49135,12.79296,13.12849,11.05611,12.89001,10.81227,9.78334,13.59465,10.81431,8.69486,11.6241,10.6679,8.80244,9.48242,13.00107,11.82378,14.52211,15.14148,13.62559,12.69008,12.10836,13.25955,11.31469,13.39322,14.84244
3.H,CY,1.815,1.4667,1.9177,1.6023,1.7035,1.5407,1.3779,1.1015,0.836,0.9167,1.672,0.1665,0.4195,0.7311,0.9467,0.9665,1.166,1.1059,0.5368,1.1389,0.7377,0.9086,0.5488,0.7905,0.407,0.3982,0.394,0.418,0.22345,0.22587,0.22,0.29883,0.27133,0.18308,0.17058
3.H,CZ,108.53333,132.0,108.53333,93.13333,90.93333,109.26667,100.46667,67.46667,143.0,88.0,115.88053,156.84869,132.30086,120.26707,150.87003,146.4229,156.27633,197.10124,179.09759,147.8763,160.86379,206.60105,206.0174,197.80111,130.11551,267.54151,289.53488,225.1717,185.46772,149.13407,155.96631,175.61494,191.93644,148.04896,191.46641
3.H,DE,479.99756,437.08768,427.55947,422.1357,448.5725,458.5329,484.76948,497.80343,524.1039,551.5565,593.13021,621.65452,639.95329,650.10105,634.30898,641.09414,630.93302,647.56031,694.62879,676.75536,710.75348,654.02883,689.90586,672.55048,749.705,791.49505,815.14217,719.56657,605.25064,497.74817,433.26538,397.29617,366.99929,347.51017,330.20167
3.H,DK,14.66667,11.73333,12.61333,13.49333,18.18667,15.18,8.65333,4.03333,4.25333,2.93333,2.34667,1.68667,0.73333,0.80667,0.58667,0.44,0.95333,0.80667,0.22,1.83333,0.88,0.58667,1.32,0.66,0.51333,1.39333,1.61333,1.54,1.39333,0.71867,0.92987,1.1858,16.2426,5.96787,4.36187
3.H,EE,0.99751,0.92795,0.48688,0.19726,0.65634,0.64022,0.59212,0.47955,0.35914,0.46327,0.4348,0.44887,0.27757,0.38686,0.64836,1.40775,0.76346,1.5528,0.1846,0.22293,0.00755,0.01068,0.02595,0.36587,0.02323,0.02778,0.04799,0.0753,0.13145,0.55652,0.52947,0.22667,0.01713,2.28264,0.00098
3.H,EL,60.4099,58.13029,55.56571,43.74019,40.74819,45.02248,46.01981,43.74019,43.88267,41.74552,38.46857,37.04381,36.04648,35.19162,36.33143,31.91467,29.92,33.62438,28.63771,24.93333,30.34743,25.84433,24.99674,26.00675,23.64278,23.41368,26.3608,34.14039,32.90956,34.80084,37.22124,38.28628,30.70594,25.82433,22.56467
3.H,ES,437.84161,372.57449,379.90785,300.14678,324.29265,256.42768,397.61582,383.61982,436.24184,475.04862,529.64266,499.59241,453.75488,505.83617,456.89155,349.65982,417.18951,426.2743,316.98303,436.19184,473.27076,420.10677,421.81481,485.91378,587.46757,511.07149,511.62511,609.75537,507.86661,455.24398,544.95541,316.01964,340.65291,394.47706,452.60868
3.H,EUA,3648.69097,3119.95742,3067.80613,2980.08773,2976.15139,2866.95282,2914.71078,2973.94628,3173.6168,3332.9828,3545.54475,3526.76762,3444.48894,3459.17869,3533.64806,3415.05258,3504.8092,3613.52398,3548.69614,3581.05276,3602.06707,3706.60776,3941.63184,3848.77067,4025.07298,4247.27146,4539.32058,4453.96553,4222.0849,3918.77156,3972.06429,3585.04377,3288.34372,3581.91291,3566.97054
3.H,FI,5.37985,2.39602,2.59316,0.98507,0.68743,0.60103,0.57636,0.82896,0.79563,0.78548,0.84233,0.92726,0.99546,1.04126,1.1105,1.14033,1.37173,1.77358,1.53758,1.44621,1.57179,2.57235,1.67857,0.9771,1.70163,2.10532,2.78534,1.83493,1.47938,2.15269,1.55317,1.20503,6.191,8.5048,3.70969
3.H,FR,864.51121,860.60975,862.22125,860.72721,829.65693,820.67621,784.20807,787.40789,791.54507,825.5665,874.46896,868.65389,865.88936,843.04864,862.28136,891.90554,874.98361,869.82539,932.44957,977.25729,935.231,1038.38507,1014.56929,933.22193,1045.90082,1129.46429,1212.34929,1273.822,1304.28336,1278.08764,1177.60382,1098.94636,1093.67107,1172.64989,1195.84182
3.H,HR,50.01973,50.94636,65.5116,52.13927,47.56987,46.29387,52.43993,68.38773,44.2486,50.48707,60.86593,92.09493,80.7554,71.7926,75.94033,70.97347,63.18913,72.721,75.8252,65.04007,66.57826,83.85523,86.8533,60.38885,49.47255,57.2476,64.96441,70.21053,67.62197,73.59169,88.28965,73.56513,42.01279,21.67092,42.94267
3.H,HU,171.1495,79.90934,57.35702,55.02155,50.47336,50.81941,49.03424,50.76155,55.90862,60.15391,64.64039,68.89964,75.91488,79.99339,90.71632,87.44394,91.05003,94.65611,45.83899,43.32104,46.23748,57.93883,55.53143,79.07791,74.51523,97.44184,98.57919,113.22884,112.36847,115.94389,136.87208,127.97606,143.42762,108.64281,114.57949
3.H,IE,96.67702,99.62838,118.0858,99.87522,98.71942,86.2671,87.18696,82.63391,95.37159,103.53391,91.84362,83.63667,80.80536,78.48261,66.85768,60.8146,64.75553,50.89993,66.97313,89.0208,98.2432,70.2658,46.35107,47.09027,54.54973,64.26567,81.79013,83.98867,90.4288,96.08207,110.1782,106.40373,143.9064,139.22972,172.10678
3.H,IS,,,,,,,,,,,,,,,,,,,,,,,,,0.0066,0.0066,0.38881,0.67159,0.80887,3.15384,1.57427,1.36796,1.60028,1.82595,2.01802
3.H,IT,464.83991,519.30853,536.3281,621.89835,588.38655,512.05088,439.22479,525.4062,526.32162,550.89672,525.36851,539.22704,560.21533,564.9688,576.04455,506.92055,539.35743,536.95649,498.21904,371.57531,335.09747,350.75788,550.90596,450.41935,410.99593,424.9256,561.07113,418.44587,405.2554,396.4532,471.94547,413.501,218.27813,424.38587,420.05407
3.H,LI,0.05831,0.05512,0.05554,0.05564,0.05203,0.04927,0.0495,0.04837,0.04217,0.04285,0.04505,0.04473,0.04828,0.04739,0.04557,0.04601,0.04515,0.04469,0.04701,0.04483,0.04286,0.04949,0.04401,0.04264,0.04134,0.04704,0.04233,0.0443,0.04817,0.04525,0.04023,0.04138,0.04531,0.03985,0.03529
3.H,LT,59.60543,69.72711,24.74188,12.08978,12.08978,11.24631,22.21146,22.80189,23.44855,26.42882,27.55345,28.67809,32.33314,32.61429,32.89545,44.95472,32.67639,45.85647,31.18356,40.51526,31.64204,29.90783,29.90783,31.4849,54.20358,42.25707,43.20161,40.35727,43.82117,55.08449,66.09575,68.99697,22.72411,22.14553,21.70732
3.H,LU,,,,,,,,,,,,,,,,0.4229,0.42045,0.39093,0.3922,0.3882,0.36648,0.34679,0.29418,0.25432,0.2098,0.18077,0.15729,0.12125,0.08411,0.05482,0.06017,0.06561,0.05392,0.28569,0.10847
3.H,LV,7.7088,6.59413,3.872,2.32907,1.70133,0.67467,0.85067,1.13813,1.14987,1.11467,1.34933,1.85387,4.4572,1.42413,1.42487,1.4256,1.42633,1.42707,3.1702,4.34867,4.00327,4.25187,5.79407,4.07587,4.72633,6.21016,7.931,9.4754,10.11047,10.23587,9.10287,9.5722,5.51613,8.8088,6.31663
3.H,MT,0.16818,0.16799,0.16779,0.1676,0.16741,0.16721,0.16702,0.16683,0.16664,0.16644,0.16625,0.16606,0.17581,0.18555,0.18091,0.17627,0.17695,0.17764,0.16547,0.07929,0.07929,0.02471,0.02471,0.06594,0.06594,0.04958,0.04958,0.07136,0.07136,0.09082,0.09082,0.0876,0.0876,0.07707,0.07707
3.H,NL,1.51486,4.03543,3.76986,3.784,4.455,2.76414,2.96214,2.60071,1.84329,1.72857,2.28329,4.455,3.47443,12.07171,10.21743,8.283,12.166,22.93814,10.57729,25.05486,32.31957,35.409,71.61786,60.42514,59.2079,65.93182,45.35574,48.06466,50.87464,48.74754,49.89666,62.4266,59.84932,67.13162,52.10726
3.H,NO,0.55279,0.55279,0.55279,0.55279,0.55279,0.55279,0.55279,0.55279,0.55279,0.55279,0.1122,0.07487,0.4265,0.07487,1.21625,0.10047,0.12393,1.17465,0.8932,1.34823,0.32487,0.3278,0.22616,0.16039,0.16287,0.21593,0.18949,0.09167,0.10324,0.10415,0.08179,0.09607,0.17453,0.28092,0.24493
3.H,PL,571.11024,218.2623,236.81398,226.28571,243.57143,275.0,282.85714,261.27159,321.71253,388.14286,457.12644,349.48855,314.38971,314.77755,362.50912,394.17841,408.57143,447.85714,463.57143,467.22163,467.17484,498.64557,505.86137,547.88083,503.06552,471.24075,476.14286,502.46412,493.11429,414.89888,397.37918,399.14286,345.71429,382.41884,243.72857
3.H,PT,21.27744,21.27744,21.27744,21.27744,21.27744,11.25163,22.43399,24.3313,12.35777,23.13752,32.71959,27.9408,16.04692,14.72174,13.07768,18.88958,32.5968,35.03488,41.46204,38.36221,22.08573,35.38049,33.29205,24.81661,40.49542,48.65132,48.15028,41.20426,34.77936,22.06331,22.12993,18.62734,6.4799,21.12107,29.99051
3.H,RO,115.68173,48.4764,45.44777,60.94408,55.19397,53.93188,47.22436,46.2204,44.73773,39.70453,42.1894,47.33614,42.15272,44.45686,47.62918,52.75372,44.46779,46.81036,49.34918,52.20007,53.91072,55.24651,51.12594,60.65368,53.42461,62.94583,60.70852,67.23778,82.62989,80.39504,82.67432,94.96709,80.93335,81.75146,77.77301
3.H,SE,4.35058,3.43391,2.18565,2.56667,2.24464,1.43319,1.08087,0.80986,0.65203,0.54681,0.47986,0.40493,0.35551,0.28058,0.34913,0.38101,0.1658,0.19928,0.17217,0.7987,0.73652,0.80188,0.46551,0.91029,0.20725,1.36464,1.41406,0.83696,1.84768,0.40652,0.13072,0.35251,0.09087,6.58406,0.28543
3.H,SI,8.66734,7.65944,12.68492,10.98572,11.17534,12.26978,9.79638,11.67435,11.74768,11.62174,11.84333,12.03942,12.96725,12.90305,10.75992,11.65174,11.08558,10.52199,7.40555,13.48054,11.1023,9.61667,11.24097,10.34953,9.42377,8.74368,9.45707,8.30133,10.516,10.38767,11.79273,9.43873,8.38787,8.2148,7.3766
3.H,SK,15.28761,15.28761,15.28761,15.28761,15.28761,15.28761,15.28761,15.28761,17.97784,15.78449,12.10051,20.66935,18.28269,17.58589,22.49486,20.31261,17.09576,18.2537,27.98031,22.7197,30.93878,39.70771,45.41833,51.99313,57.94052,60.91991,63.07126,63.53351,65.96624,63.53915,63.6665,65.51246,56.61879,56.06827,63.67101
3.H,TR,459.94593,436.19767,458.74987,626.74187,452.59793,425.92293,534.12773,531.9952,657.9122,733.33407,617.474,527.0738,526.9176,565.4132,632.1832,613.16347,592.3412,566.30347,564.83607,592.71887,644.98353,557.54945,639.76928,807.301,787.68971,810.59367,1295.34771,1449.63166,1257.47126,1287.93617,1657.03014,1301.62981,1138.11548,1547.04753,1508.30404
3.I,AT,30.66168,30.82076,31.02349,29.7615,28.52608,28.75664,28.81286,29.58244,29.92559,27.74127,27.37282,27.85547,29.17208,24.4252,18.95155,20.02668,20.08343,20.31267,26.87976,22.51639,14.89318,21.37157,22.19947,21.5965,23.59375,27.15152,28.55056,26.3757,26.29678,24.61168,25.46561,27.06173,24.42717,22.15009,24.19215
3.I,BE,,,,,,,,,,,,,,,,,,,,,,,,,,,,,,,,,,,
3.I,BG,,,,,,,,,,,,,,,,,,,,,,,,,,,,,,,,,,,
3.I,CH,,,,,,,,,,,,,,,,,,,,,,,,,,,,,,,,,,,
3.I,CY,,,,,,,,,,,,,,,,,,,,,,,,,,,,,,,,,,,
3.I,CZ,,,,,,,,,,,,,,,,,,,,,,,,,,,,,,,,,,,
3.I,DE,510.44658,473.64565,448.82475,415.20004,402.08594,389.49462,390.62264,377.44348,370.60262,377.58292,366.62832,349.01622,319.79682,312.16543,309.77692,307.53184,285.76121,282.91231,260.72745,267.26851,257.23667,264.10291,253.9142,240.28785,236.22274,230.6726,225.71571,213.03625,202.70872,194.21726,185.45923,175.54706,157.48166,147.80783,144.75107
3.I,DK,33.2904,32.3752,29.0004,25.72093,23.35667,22.46053,13.9568,8.3226,6.44453,5.0622,4.6904,3.718,2.19267,1.35373,1.27747,1.44907,1.16307,1.07727,1.82087,3.09833,2.1736,2.47867,1.9734,1.66833,1.7446,9.0948,2.79327,2.75513,2.4882,2.59002,3.82668,3.45412,5.99027,3.19643,5.19366
3.I,EE,,,,,,,,,,,,,,,,,,,,,,,,,,,,,,,,,,,
3.I,EL,,,,,,,,,,,,,,,,,,,,,,,,,,,,,,,,,,,
3.I,ES,77.15622,91.94256,75.02028,75.61309,94.17817,74.43907,88.91177,80.3264,88.31557,119.06263,122.98566,82.12172,67.3781,91.65739,81.73725,88.05851,87.07073,77.90329,63.49706,64.23677,81.66043,72.21882,62.80681,71.91042,78.95752,75.13868,60.73607,52.74727,75.49618,72.11015,62.48829,47.1005,42.85715,41.29721,44.32561
3.I,EUA,1109.04653,1011.66597,954.91386,937.09259,959.67691,962.12181,999.6557,983.51857,1014.44207,1124.39387,1062.5875,945.72514,917.90021,931.87542,914.57216,916.8343,894.17662,919.2825,892.7971,898.9223,888.58971,954.80023,930.86905,940.74629,922.18228,900.83534,891.40011,885.6335,867.51371,758.79424,717.50517,712.47189,603.92262,576.0801,593.60973
3.I,FI,,,,,,,,,,,,,,,,,,,,,,,,,,,,,,,,,,,
3.I,FR,124.90346,135.29391,140.02296,124.57268,109.76864,114.74977,125.5832,128.9935,136.18327,145.38644,154.57305,162.04522,158.46878,150.96482,152.71794,162.10409,160.68672,159.36414,175.14897,180.97701,173.34235,179.1865,180.9425,175.96337,169.96002,170.80748,163.82585,157.99578,163.55216,154.29556,162.43137,175.96153,174.95559,154.92407,145.91209
3.I,HR,,,,,,,,,,,,,,,,,,,,,,,,,,,,,,,,,,,
3.I,HU,22.73318,6.63536,16.33025,11.95121,8.46325,7.51873,9.14056,6.55335,6.25781,10.13527,15.12469,16.12128,17.76272,17.0488,26.38049,21.6701,24.08715,30.93469,27.4449,38.58543,45.22725,53.90412,69.16441,77.27242,75.4317,87.48256,97.24211,98.70308,91.65421,92.61493,97.81927,104.21245,65.5408,59.14652,80.90055
3.I,IE,,,,,,,,,,,,,,,,,,,,,,,,,,,,,,,,,,,
3.I,IS,,,,,,2.43694,2.63347,2.52465,2.54642,2.76058,2.75992,2.69485,2.41257,2.25129,2.15444,2.12746,2.68614,3.02392,3.34538,2.64914,2.06641,1.93372,2.55447,2.36324,2.20588,1.83598,1.95681,2.04292,1.83753,2.3285,1.82084,1.92157,1.53473,1.34217,1.14886
3.I,IT,43.67602,56.54353,59.56498,59.87514,56.70063,54.03106,48.19655,57.27117,43.05096,41.62172,43.66668,47.12897,43.94795,44.77003,43.59429,42.46534,39.26706,38.57594,34.78364,31.32678,27.64983,27.62766,25.32705,16.76677,20.65816,19.86577,20.98382,20.11727,21.65225,16.88386,21.56037,23.74881,13.52529,12.69727,14.2909
3.I,LI,,,,,,,,,,,,,,,,,,,,,,,,,,,,,,,,,,,
3.I,LT,,,,,,,,,,,,,,,,,,,,,,,,,,,,,,,,,,,
3.I,LU,5.82139,6.06575,6.54536,5.97104,5.66873,5.5622,5.58839,5.50231,5.39147,5.55997,5.48974,4.68273,4.87848,3.97595,5.03869,4.173,4.14884,3.85749,3.87009,3.83057,3.81367,3.99179,3.7865,3.71023,3.53009,3.64261,3.91865,3.85027,3.58116,3.86406,3.58924,3.72899,2.18052,2.58815,2.70678
3.I,LV,,,,,,,,,,,,,,,,,,,,,,,,,,,,,,,,,,,
3.I,MT,,,,,,,,,,,,,,,,,,,,,,,,,,,,,,,,,,,
3.I,NL,,,,,,,,,,,,,,,,,,,,,,,,,,,,,,,,,,,
3.I,NO,,,,,,,,,,,,,,,,,,,,,,,,,,,,,,,,,,,
3.I,PL,236.13472,154.57377,122.84939,163.42857,205.85714,240.42857,259.28571,261.27159,300.91215,368.18571,296.89655,232.10309,252.48346,267.08875,253.78605,252.27418,259.28571,286.0,282.85714,270.49673,262.45941,314.60288,298.48963,315.49318,298.69515,263.89482,273.42857,298.33807,267.14286,183.87564,141.36018,141.9,110.0,121.67872,122.57143
3.I,PT,20.67692,20.67692,20.67692,20.67692,20.67692,20.67675,25.45342,23.89911,22.88209,19.63554,20.79815,16.49219,17.5697,13.83699,17.43873,13.22633,8.87873,14.01745,12.46636,12.66549,16.30539,11.06416,8.56146,11.90205,8.61924,8.34347,9.84812,7.20797,8.72876,8.92,9.15168,5.5247,3.75962,6.88543,4.51428
3.I,RO,,,,,,,,,,,,,,,,,,,,,,,,,,,,,,,,,,,
3.I,SE,,,,,,,,,,,,,,,,,,,,,,,,,,,,,,,,,,,
3.I,SI,3.54597,3.09257,5.05508,4.32146,4.39473,4.00387,4.1038,4.35263,4.47599,4.42019,4.36145,4.44025,4.24946,4.58833,3.87279,3.85516,3.74397,4.32726,3.30086,3.92028,3.82793,4.25116,3.70362,4.17518,4.76931,4.74102,4.35739,4.50671,4.21245,4.81107,4.35325,4.23201,3.20456,3.70837,4.25122
3.I,SK,,,,,,,,,,,,,,,,,,,,,,,,,,,,,,,,,,,
3.I,TR,,,,,,,,,,,,,,,,,,,,,,,,,,,,,,,,,,,
3.J,AT,,,,,,,,,,,,,,,,,,,,,,,,,,,,,,,,,,,
3.J,BE,,,,,,,,,,,,,,,,,,,,,,,,,,,,,,,,,,,
3.J,BG,,,,,,,,,,,,,,,,,,,,,,,,,,,,,,,,,,,
3.J,CH,,,,,,,,,,,,,,,,,,,,,,,,,,,,,,,,,,,
3.J,CY,,,,,,,,,,,,,,,,,,,,,,,,,,,,,,,,,,,
3.J,CZ,,,,,,,,,,,,,,,,,,,,,,,,,,,,,,,,,,,
3.J,DE,,,,,,,,,,,,,,,,,,,,,,,,,,,,,,,,,,,
3.J,DK,,,,,,,,,,,,,,,,,,,,,,,,,,,,,,,,,,,
3.J,EE,,,,,,,,,,,,,,,,,,,,,,,,,,,,,,,,,,,
3.J,ES,,,,,,,,,,,,,,,,,,,,,,,,,,,,,,,,,,,
3.J,EUA,,,,,,,,,,,,,,,,,,,,,,,,,,,,,,,,,,,
3.J,FI,,,,,,,,,,,,,,,,,,,,,,,,,,,,,,,,,,,
3.J,FR,,,,,,,,,,,,,,,,,,,,,,,,,,,,,,,,,,,
3.J,HR,,,,,,,,,,,,,,,,,,,,,,,,,,,,,,,,,,,
3.J,HU,,,,,,,,,,,,,,,,,,,,,,,,,,,,,,,,,,,
3.J,IE,,,,,,,,,,,,,,,,,,,,,,,,,,,,,,,,,,,
3.J,IS,,,,,,,,,,,,,,,,,,,,,,,,,,,,,,,,,,,
3.J,IT,,,,,,,,,,,,,,,,,,,,,,,,,,,,,,,,,,,
3.J,LT,,,,,,,,,,,,,,,,,,,,,,,,,,,,,,,,,,,
3.J,LU,,,,,,,,,,,,,,,,,,,,,,,,,,,,,,,,,,,
3.J,LV,,,,,,,,,,,,,,,,,,,,,,,,,,,,,,,,,,,
3.J,NL,,,,,,,,,,,,,,,,,,,,,,,,,,,,,,,,,,,
3.J,NO,,,,,,,,,,,,,,,,,,,,,,,,,,,,,,,,,,,
3.J,PL,,,,,,,,,,,,,,,,,,,,,,,,,,,,,,,,,,,
3.J,PT,,,,,,,,,,,,,,,,,,,,,,,,,,,,,,,,,,,
3.J,RO,,,,,,,,,,,,,,,,,,,,,,,,,,,,,,,,,,,
3.J,SI,,,,,,,,,,,,,,,,,,,,,,,,,,,,,,,,,,,
3.J,SK,,,,,,,,,,,,,,,,,,,,,,,,,,,,,,,,,,,
3.J,TR,,,,,,,,,,,,,,,,,,,,,,,,,,,,,,,,,,,
4,AT,-13942.28782,-19258.83581,-13679.66861,-15835.48932,-13276.6552,-18589.39016,-15129.61864,-22500.32439,-20816.98407,-22153.87116,-18245.77192,-24609.0615,-16070.43652,-11146.59174,-15996.94784,-15412.69553,-8667.13695,-8192.40597,-9982.95658,-9692.22938,-11921.2233,-11216.46604,-9342.12989,-5202.55382,-10003.40998,-4261.23778,-8298.07545,-4642.00134,1603.38065,5289.61557,-1618.06067,-4076.61915,-956.92847,6496.97202,3207.1603
4,BE,-2851.71594,-2398.70512,-2230.42226,-2253.78192,-2013.9663,-2253.64738,-2470.23488,-2025.72342,-2592.78811,-2163.24922,-1755.98379,-1598.58363,-2204.66218,-2112.39292,-1847.81055,-1904.44992,-1892.80726,-1602.43442,-1539.69462,-1386.34292,-535.08439,-501.41699,-560.03834,-968.91012,-1016.54838,-904.33347,-849.19301,-736.54251,-704.01335,-472.98548,-491.37298,-434.52339,-613.88897,-423.89226,-653.81046
4,BG,-16391.15986,-16400.88056,-15743.57048,-16119.19588,-16192.62779,-16153.1975,-15318.13986,-15406.48233,-15222.24585,-14863.63821,-16031.0912,-13227.42142,-13321.51077,-13004.23302,-13464.58028,-14307.00913,-11534.30117,-12166.25001,-11084.60056,-11032.52795,-10584.62014,-7209.30402,-6877.33172,-5924.6133,-7182.35154,-6748.37148,-8426.80933,-8359.3395,-8567.70519,-8337.70024,-8292.50754,-8519.51471,-8674.20486,-7788.52824,-8112.34988
4,CH,-2074.56952,-6228.34213,-4387.42412,-4689.29039,-2453.87348,-3666.04054,-6795.60471,-4240.62093,-3088.12042,-2254.2721,4794.34186,-777.62419,-2384.58168,-2545.5164,-3903.47936,-2772.28656,-895.78648,-1079.81427,-2048.84011,-2147.52525,-2790.56408,-2340.56043,-1027.1499,-1335.07665,-2237.17767,-548.04433,-3214.17457,-779.0914,707.0875,-1579.33943,-347.1905,-693.22922,404.27009,830.53868,1134.29395
4,CY,-77.21456,-46.05781,-54.43089,-48.85544,-47.70536,-58.42942,-50.8558,-48.77207,-25.11816,-79.47035,-35.54194,-9.68631,-53.75414,-69.07831,-71.53647,-72.91642,-76.67352,-42.7354,-101.90906,-123.00428,-123.87896,-161.36648,-154.95733,-156.10367,-158.73851,-160.0065,-63.74867,-168.42212,-162.65304,-162.88485,-162.5573,-93.6428,-161.87448,-168.17033,-171.80111
4,CZ,-9563.07829,-11356.18889,-11740.7187,-12504.6677,-11151.67185,-11445.22671,-11246.45543,-10244.30134,-9850.45171,-10063.982,-10961.78637,-11009.85278,-10869.96921,-10426.49384,-10094.90779,-10222.23582,-9095.13206,-8769.3352,-10078.61231,-9878.85608,-9143.54743,-9882.48036,-10230.43061,-9634.02042,-9589.67074,-9664.27556,-8511.7345,-6619.41468,-920.5014,6108.08165,9381.61802,5784.00098,2177.39324,-3788.7497,-4661.24728
4,DE,26822.17951,-34459.12571,-23044.61855,-40501.73471,-20678.69409,-13220.39716,-29913.10005,-17283.39528,-23717.47288,-20017.34743,-1566.11085,-32784.69598,-15545.70528,2977.41633,4010.33141,2154.75585,10811.79769,11335.47842,-10834.57144,-5741.54865,1723.93155,992.30451,-11081.86108,-4572.50038,4605.34894,-2262.43622,2912.89107,3492.00575,50790.95676,32656.40559,39475.12282,35641.89047,49850.08825,62632.08888,48207.02906
4,DK,5983.66633,5284.48145,6198.82964,4876.42171,4401.49869,4601.6608,3898.98622,4384.1945,4308.08092,4628.16531,4482.61003,3976.64782,5050.33041,4811.6426,4616.50349,4426.54215,4855.70414,5009.66959,3498.58655,2769.43177,1762.04251,1038.24931,409.11372,29.34334,337.42069,-600.64851,302.96907,142.51136,1950.79718,927.52156,675.0441,-368.73712,-1139.64116,-1201.67627,-595.60448
4,EE,-4205.14668,-4149.72555,-3403.25134,-4313.19089,-3836.26825,-4035.00672,-4376.4165,-4532.54306,-4068.60748,-2970.37428,-2507.7288,-1873.35952,-779.61162,-38.27892,-1187.96695,-1638.71657,-4138.10834,-3799.52269,-3924.10342,-4633.62614,-4324.301,-3179.38457,-1779.64143,-172.85353,-264.81965,324.86637,1720.51777,1139.73944,3076.10349,2650.27342,1212.25015,798.55852,618.74038,2318.62323,1728.51587
4,EL,-2391.7896,-2487.56347,-2716.67575,-3191.04974,-2922.72484,-3135.18065,-2436.9719,-2271.55136,-2414.94096,-2765.73111,-2824.01887,-2737.58414,-3007.09225,-2761.27595,-2750.57522,-3576.63617,-3651.86336,-2577.95753,-3409.11834,-3509.5536,-3445.2459,-3555.59371,-3626.35857,-2590.45303,-2032.36765,-3498.38363,-4101.52267,-3837.00424,-4680.3871,-5188.84749,-5182.87965,-5226.40023,-5198.4999,-4621.52402,-4582.11284
4,ES,-37668.9045,-38074.35644,-37884.19931,-39005.94269,-38679.37075,-40231.85645,-40802.46581,-40914.08823,-41727.1804,-45193.78581,-47508.28973,-49245.16087,-49228.16946,-49193.09703,-49917.26153,-51530.00698,-53816.96093,-50577.96797,-50391.55369,-48325.45127,-51407.05149,-51774.61742,-50177.5602,-49716.17374,-52309.69881,-55651.12637,-55829.61803,-56555.71332,-56932.16752,-55497.61255,-54481.23556,-55118.71947,-52923.08776,-52975.27518,-52374.85994
4,EUA,-288584.18888,-384739.4877,-353326.18064,-377655.28579,-377114.54996,-403213.35429,-417901.60931,-406236.13811,-408506.94016,-411821.23228,-371209.24959,-424882.70348,-415928.2905,-380936.13153,-410790.31024,-410572.34888,-417330.53344,-366685.15316,-411835.91866,-409727.94048,-406255.69056,-390810.18464,-402904.03011,-393202.18171,-369430.84786,-363180.96952,-354477.15552,-305664.42181,-264909.70059,-263155.72481,-263407.15007,-254309.48363,-245830.06887,-246460.71357,-260772.30242
4,FI,-31930.70445,-44320.41399,-38512.56484,-39736.64423,-33480.03065,-32092.8201,-39263.89153,-35704.79457,-33046.46689,-33067.7696,-33046.31846,-33354.5392,-34273.41891,-35263.5197,-37316.78809,-37381.25039,-41333.69986,-31755.13945,-34818.72583,-45837.03597,-33857.26756,-33141.93076,-34781.26874,-27694.27666,-28598.8009,-23463.05035,-18332.91519,-13265.91683,-763.33004,-4086.02049,-4952.25381,5165.98538,5553.74584,4512.80613,7387.77811
4,FR,-28806.47108,-30083.22039,-30249.07127,-33603.63408,-34227.05409,-37602.22694,-43093.93997,-44295.16986,-46852.09637,-50929.76927,-36738.36088,-48723.2315,-56818.05946,-61016.37387,-63211.74309,-62771.1899,-62545.86673,-58011.99756,-56570.3318,-45982.70967,-48238.99103,-48763.14454,-52100.38352,-57608.40384,-49793.29391,-46956.43146,-40909.52208,-35813.94464,-49517.06647,-45800.33708,-49318.16716,-41709.12096,-39647.07689,-40943.04277,-42810.91951
4,HR,-6394.46693,-7576.12248,-7686.13483,-7865.66525,-8116.36234,-8602.87615,-8253.30198,-7644.97274,-7473.12161,-8235.53231,-6861.81253,-8043.06437,-8313.72319,-7519.11724,-7816.72561,-8062.27248,-7881.31548,-6762.49815,-6955.05155,-7064.21567,-7018.1989,-5771.30978,-5361.71668,-6295.51589,-6153.77734,-5867.5699,-5874.64037,-5127.40449,-5650.71729,-5891.44322,-5851.39518,-5934.47731,-5076.40841,-5697.45424,-4555.84671
4,HU,-3314.12161,-2463.02062,-2995.22988,-5609.40853,-6248.6708,-6264.28379,-2620.84858,-3073.813,-4149.94669,-1899.20668,-1046.94378,-2683.05218,-1993.8947,-4378.61474,-3416.74159,-5954.17883,-3998.8702,-4310.3222,-6014.41213,-4602.1832,-4711.25413,-4170.17206,-4889.09492,-4067.46188,-5149.12464,-5792.35064,-4709.98512,-5813.06523,-5049.63462,-5673.26187,-7094.96927,-7285.99667,-5263.76874,-5412.64098,-6402.37069
4,IE,2042.63893,1802.76312,1783.17303,1949.11752,1778.12791,2578.07716,2614.43147,2129.34648,2046.2028,1604.78139,2210.82623,3921.05253,3622.43226,3389.56015,2427.89634,2150.07906,428.44584,75.0578,-771.81488,-850.20165,-52.28985,-529.03102,-940.58935,-725.0944,-910.59566,-785.43542,-1010.64546,-55.79005,-804.09846,-868.54593,-523.01797,-908.19603,-1338.93556,-934.86121,-1321.67547
4,IS,6125.33321,6117.82218,6096.3499,6100.94648,6088.5449,6070.08369,6059.42913,6050.42162,6046.47436,6049.45902,6047.57466,6053.8108,6065.6489,6059.04484,6059.28485,6057.15389,6094.70994,6006.06504,6046.62855,6007.17102,5947.39855,5891.05254,5862.41269,5828.24511,5787.97853,5745.62002,5692.13752,5629.44329,5572.09074,5549.72806,5538.90896,5519.14125,5513.16998,5541.20454,5593.54048
4,IT,-14266.94193,-30765.96461,-28732.89101,-16536.04864,-29173.57515,-35549.46624,-34882.88134,-26828.69085,-24493.64695,-33430.04618,-30792.04787,-40604.96298,-44784.19796,-37288.92363,-43413.63965,-44530.63371,-48425.38773,-29018.21452,-42688.19253,-44307.66212,-47514.1561,-40783.51089,-33145.69552,-45665.87192,-46198.99398,-47813.08042,-48272.57931,-34967.7311,-52825.34703,-51444.68785,-44280.37198,-45298.97738,-45609.3376,-58217.8896,-64609.68495
4,LI,3.78647,-13.09046,-1.57208,-4.07227,15.41039,2.09494,-7.98387,10.45533,0.2331,-1.17945,21.68423,3.85268,2.6207,4.09224,4.17378,7.47429,10.24274,21.73144,21.30747,18.16504,17.26745,10.04412,7.52968,0.22817,1.75127,-2.58136,1.88481,1.54381,8.28226,0.1401,-7.36001,-10.90273,-9.497,-4.88919,-10.73802
4,LT,-4264.78637,-5393.14374,-5193.90161,-6619.01885,-6386.02045,-4906.95908,708.37143,-719.16464,-8613.17876,-7794.78323,-10045.32933,-7598.84562,-5853.90825,-5325.25497,-4485.38847,-3598.27794,-2705.83023,-4489.29456,-5142.90184,-6652.66225,-11112.23835,-9761.56161,-9105.66827,-8809.25537,-7918.96608,-7468.4143,-6966.62428,-6150.05192,-6301.54409,-5859.57592,-6081.7321,-6254.12929,-6775.24724,-6684.15746,-8202.72985
4,LU,1.64274,-66.1465,-471.73204,-598.49041,-450.76364,-529.79417,-565.45148,-651.31651,-543.187,-607.27998,-614.79539,-590.85598,-609.95418,-587.89871,-631.50908,-585.30218,-503.36249,-410.03603,-426.81116,-438.80214,-220.61076,-318.05222,-412.93692,-576.75449,-507.8441,-461.23118,-565.19234,-479.83311,-342.4872,-462.44105,-547.02413,-706.20542,-747.66608,-678.05479,-637.46671
4,LV,-13204.73224,-13168.61034,-13628.07163,-14472.95808,-16612.4712,-14839.16475,-15791.61819,-13553.4191,-12571.28303,-7683.39689,-10999.24562,-11506.1179,-10734.14937,-11323.1531,-8482.5049,-8068.89017,-8822.18843,-7792.56057,-7374.74758,-5016.15314,-3896.63244,-4808.44125,-6352.99918,-5295.47566,-1212.86175,-2958.04994,-4522.90318,-5717.80711,-3249.0311,-5525.17675,-4107.74588,-2446.59512,707.80477,-78.6125,1139.71691
4,MT,-15.13524,-19.44103,-12.01438,-12.36141,-13.53986,-12.17959,-12.8261,-12.74383,-11.85523,-12.52644,-12.58897,-7.23798,18.56478,19.01411,-1.91268,-1.59089,-1.30945,0.43682,15.41492,17.07694,18.66423,5.55408,5.76456,5.86547,6.59911,6.92761,6.78337,7.25252,5.65898,2.05474,1.50967,1.32928,-1.56632,-2.9345,1.01944
4,NL,3118.70264,3095.09632,3145.59252,2979.2052,3332.33008,2990.72822,2819.07836,2384.22426,2810.17974,2563.32905,2703.51999,3503.60674,3787.47879,3073.31563,3091.36329,2843.71094,2654.46319,2999.20593,3170.20279,3109.06391,3278.55357,3478.95234,3108.81941,2829.54009,3656.79294,3796.67624,3463.27718,2798.96577,2580.47667,2348.90806,2044.78595,2406.12538,2161.88116,2567.10746,2978.30616
4,NO,-10616.17168,-11334.22045,-10995.97248,-12746.65319,-11565.69267,-13623.3888,-9260.72679,-12088.49074,-13279.86026,-17901.18121,-15585.43639,-20026.11029,-21111.63206,-20476.8813,-21226.89127,-22899.06136,-18134.16631,-19847.28599,-24855.53317,-23234.15134,-25865.228,-24736.7144,-23848.44137,-20443.56035,-18602.53003,-14757.31606,-13984.28569,-15244.00617,-10416.96251,-7632.36215,-16339.5808,-4999.96301,-9512.07787,-12773.47548,-15906.9477
4,PL,-43556.90634,-32499.77029,-21419.47196,-26836.62232,-41734.3916,-62938.22685,-60426.02355,-63401.02625,-52585.75438,-49737.14293,-46329.62335,-38063.82478,-46153.35574,-48057.39061,-59440.86779,-58916.57639,-59593.57931,-46309.06881,-46102.49173,-55751.15658,-63157.90748,-57267.29123,-60633.24197,-54137.08196,-46940.46279,-43019.67799,-50381.24855,-50587.98474,-49705.11363,-33045.54125,-34461.1076,-34456.77308,-46770.07574,-42425.92915,-27627.8206
4,PT,4343.08722,-1458.77405,-5450.84955,-5147.37928,-4290.88118,-4433.21804,-2955.35268,-3807.9893,-3124.98178,-3794.46533,1958.66123,-2485.89825,-2482.52406,7586.33824,-1557.29698,4414.41637,-1576.56345,-1891.24825,-5513.02351,-4149.86171,-2715.94955,-2951.79834,-1963.12795,-769.53055,-3352.48307,-2155.50863,226.55231,14557.53288,-3006.41075,-2464.39735,-2386.33133,-640.01094,1423.96877,-639.66177,276.79838
4,RO,-22762.47437,-23013.0928,-24278.20448,-25358.50797,-24841.07559,-24562.56295,-23810.98702,-24376.48366,-26329.71849,-26112.6478,-26238.99372,-27017.08347,-25394.13355,-26018.25079,-25993.7406,-26880.92369,-26518.46726,-27670.45307,-28244.66507,-24926.42986,-24650.82884,-25640.66461,-28833.60215,-32402.05349,-34938.63008,-35327.37923,-37041.92119,-36653.89585,-30916.48442,-30879.5654,-33683.63594,-31980.46913,-32271.99174,-32952.27807,-32929.01274
4,SE,-61294.4054,-60323.64767,-59455.41093,-55628.89663,-57058.79047,-57224.92963,-59408.58944,-60755.75377,-61240.71272,-61668.89849,-62890.83968,-63880.38508,-63644.56626,-61928.17681,-58388.31093,-59726.36625,-64774.12392,-65611.31133,-63536.07443,-63035.70731,-62710.47746,-63013.52108,-61159.36047,-61035.48509,-59717.59154,-57100.08515,-54088.30498,-48200.22048,-41816.45848,-42247.1053,-41448.88314,-41480.31203,-44808.19682,-47714.80764,-55922.35285
4,SI,-4687.76697,-4992.16893,-5135.50636,-5116.60776,-5261.98047,-5351.56145,-5848.88467,-6041.12813,-6161.29104,-6216.50087,-6320.72929,-6366.57809,-7464.22188,-7107.8852,-7257.92149,-7284.29059,-7219.83625,-7613.17771,-7349.62219,-7270.63308,-7192.54892,-7090.22318,-6995.9252,-5435.01819,358.18642,460.10781,627.02529,744.03022,832.19855,-4665.19477,-4475.89295,-4459.9745,-4324.469,-4440.51023,-4490.12762
4,SK,-9305.89605,-10146.8518,-10735.16519,-10543.87849,-9931.21473,-9351.21861,-9263.62141,-9040.25563,-10038.37306,-9156.09245,-9190.91472,-8262.92705,-8806.07779,-8227.41747,-8189.72718,-4135.44331,-7307.55991,-6731.07032,-5664.13668,-5414.95846,-4504.57845,-4833.96271,-5921.8078,-6611.4692,-4444.16484,-4850.46342,-4979.9879,-4794.37647,-3834.12168,-4565.26055,-6756.33864,-6707.97892,-6020.82554,-7197.66037,-5036.83296
4,TR,-66571.58862,-67488.04151,-67565.32334,-66810.35896,-68395.66769,-68011.27876,-67435.74545,-70535.66749,-70671.57861,-71298.44915,-68458.89676,-70818.93934,-69436.50805,-71367.86696,-69971.3747,-72288.87032,-71709.33555,-72137.04018,-68261.37939,-70910.07451,-72181.73864,-75725.3906,-73651.64583,-76677.91986,-77018.9509,-73024.66169,-73919.64832,-76250.7161,-70545.38582,-64531.84492,-57963.60039,-49235.06709,-56395.74832,-69378.6524,-67314.38164
4(II).A,AT,222.69684,222.69684,222.69684,222.69684,222.69684,222.69684,222.69684,222.69684,222.69684,222.69684,222.69684,222.69684,222.69684,222.69684,222.69684,222.69684,222.69684,222.69684,222.69684,222.69684,222.69684,222.69684,222.69684,222.69684,222.69684,222.69684,222.69684,222.69684,222.69684,222.69684,222.69684,222.69684,222.69684,222.69684,222.69684
4(II).A,BE,,,,,,,,,,,,,,,,,,,,,,,,,,,,,,,,,,,
4(II).A,BG,,,,,,,,,,,,,,,,,,,,,,,,,,,,,,,,,,,
4(II).A,CH,,,,,,,,,,,,,,,,,,,,,,,,,,,,,,,,,,,
4(II).A,CY,,,,,,,,,,,,,,,,,,,,,,,,,,,,,,,,,,,
4(II).A,CZ,,,,,,,,,,,,,,,,,,,,,,,,,,,,,,,,,,,
4(II).A,DE,,,,,,,,,,,,,,,,,,,,,,,,,,,,,,,,,,,
4(II).A,DK,,,,,,,,,,,,,,,,,,,,,,,,,,,,,,,,,,,
4(II).A,EE,,,,,,,,,,,,,,,,,,,,,,,,,,,,,,,,,,,
4(II).A,EL,,,,,,,,,,,,,,,,,,,,,,,,,,,,,,,,,,,
4(II).A,ES,,,,,,,,,,,,,,,,,,,,,,,,,,,,,,,,,,,
4(II).A,EUA,1317.22053,1333.034,1336.98737,1336.98737,1344.89411,1344.89411,1348.84748,1356.75421,1356.75421,1364.66095,1368.61432,1368.61432,1368.61432,1372.56769,1380.47442,1396.2879,1404.19463,1408.148,1408.148,1413.5914,1422.98817,1428.43157,1449.68844,1455.13184,1467.86255,1480.59326,1501.2307,1533.72825,1546.45896,1550.61036,1554.76176,1558.91316,1582.30976,1586.55023,1586.55023
4(II).A,FI,,,,,,,,,,,,,,,,,,,,,,,,,,,,,,,,,,,
4(II).A,FR,,,,,,,,,,,,,,,,,,,,,,,,,,,,,,,,,,,
4(II).A,HR,,,,,,,,,,,,,,,,,,,,,,,,,,,,,,,,,,,
4(II).A,HU,7.34741,7.34741,7.34741,7.34741,7.34741,7.34741,7.34741,7.34741,7.34741,7.34741,7.34741,7.34741,7.34741,7.34741,7.34741,7.34741,7.34741,7.34741,7.34741,7.34741,7.34741,7.34741,7.34741,7.34741,7.34741,7.34741,7.34741,7.34741,7.34741,7.34741,7.34741,7.34741,7.34741,7.34741,7.34741
4(II).A,IE,,,,,,,,,,,,,,,,,,,,,,,,,,,,,,,,,,,
4(II).A,IS,0.09001,0.11804,0.1534,0.16852,0.18839,0.21167,0.22338,0.24325,0.26732,0.28374,0.3533,0.37317,0.40802,0.44034,0.44389,0.46376,0.49129,0.50231,0.51901,0.5465,0.55821,0.56992,0.57346,0.57701,0.58055,0.58239,0.58593,0.58948,0.59302,0.59657,0.60948,0.62323,0.65399,0.65753,0.66108
4(II).A,IT,,,,,,,,,,,,,,,,,,,,,,,,,,,,,,,,,,,
4(II).A,LI,,,,,,,,,,,,,,,,,,,,,,,,,,,,,,,,,,,
4(II).A,LT,1087.17628,1102.98975,1106.94312,1106.94312,1114.84986,1114.84986,1118.80323,1126.70996,1126.70996,1134.6167,1138.57007,1138.57007,1138.57007,1142.52344,1150.43017,1166.24365,1174.15038,1178.10375,1178.10375,1178.10375,1182.05712,1182.05712,1197.87059,1197.87059,1197.87059,1197.87059,1205.77733,1225.54417,1225.54417,1225.54417,1225.54417,1225.54417,1241.35764,1245.31101,1245.31101
4(II).A,LU,,,,,,,,,,,,,,,,,,,,,,,,,,,,,,,,,,,
4(II).A,LV,,,,,,,,,,,,,,,,,,,,5.4434,10.8868,16.3302,21.7736,27.217,39.94771,52.67842,65.40913,78.13984,90.87054,95.02194,99.17334,103.32474,110.90787,111.19497,111.19497
4(II).A,MT,,,,,,,,,,,,,,,,,,,,,,,,,,,,,,,,,,,
4(II).A,NL,,,,,,,,,,,,,,,,,,,,,,,,,,,,,,,,,,,
4(II).A,NO,,,,,,,,,,,,,,,,,,,,,,,,,,,,,,,,,,,
4(II).A,PL,,,,,,,,,,,,,,,,,,,,,,,,,,,,,,,,,,,
4(II).A,PT,,,,,,,,,,,,,,,,,,,,,,,,,,,,,,,,,,,
4(II).A,RO,,,,,,,,,,,,,,,,,,,,,,,,,,,,,,,,,,,
4(II).A,SE,,,,,,,,,,,,,,,,,,,,,,,,,,,,,,,,,,,
4(II).A,SI,,,,,,,,,,,,,,,,,,,,,,,,,,,,,,,,,,,
4(II).A,SK,,,,,,,,,,,,,,,,,,,,,,,,,,,,,,,,,,,
4(II).A,TR,,,,,,,,,,,,,,,,,,,,,,,,,,,,,,,,,,,
4(II).B,AT,218.70161,218.70161,218.70161,218.70161,218.70161,218.70161,218.70161,218.70161,218.70161,218.70161,218.70161,218.70161,218.70161,218.70161,218.70161,218.70161,218.70161,218.70161,218.70161,218.70161,218.70161,218.70161,218.70161,218.70161,218.70161,218.70161,218.70161,218.70161,218.70161,218.70161,218.70161,218.70161,218.70161,218.70161,218.70161
4(II).B,BE,,,,,,,,,,,,,,,,,,,,,,,,,,,,,,,,,,,
4(II).B,BG,,,,,,,,,,,,,,,,,,,,,,,,,,,,,,,,,,,
4(II).B,CH,,,,,,,,,,,,,,,,,,,,,,,,,,,,,,,,,,,
4(II).B,CY,,,,,,,,,,,,,,,,,,,,,,,,,,,,,,,,,,,
4(II).B,CZ,,,,,,,,,,,,,,,,,,,,,,,,,,,,,,,,,,,
4(II).B,DE,,,,,,,,,,,,,,,,,,,,,,,,,,,,,,,,,,,
4(II).B,DK,196.2426,194.38773,192.53285,190.67797,188.82309,186.96822,185.11334,183.25846,181.40358,179.54871,177.69383,175.83895,173.98407,172.1292,170.27432,168.41944,166.56456,164.70969,162.85481,160.99993,159.14505,153.12977,145.97411,138.81845,131.66278,124.50712,117.35145,110.19579,103.04012,95.88446,88.72879,81.57313,74.41753,72.43808,59.24146
4(II).B,EE,,,,,,,,,,,,,,,,,,,,,,,,,,,,,,,,,,,
4(II).B,EL,,,,,,,,,,,,,,,,,,,,,,,,,,,,,,,,,,,
4(II).B,ES,,,,,,,,,,,,,,,,,,,,,,,,,,,,,,,,,,,
4(II).B,EUA,1797.16652,1780.96238,1793.45677,1775.7017,1788.19608,1779.16657,1770.13706,1761.10755,1737.72658,1684.05165,1682.19678,1660.41476,1652.982,1638.32902,1629.29951,1648.96853,1623.9908,1663.5874,1697.60568,1710.10006,1672.37203,1680.70601,1659.20109,1659.22005,1666.41365,1673.60725,1659.27695,1652.12129,1659.31489,1633.49193,1655.03479,1676.57765,1690.94595,1703.31575,1704.4684
4(II).B,FI,,,,,,,,,,,,,,,,,,,,,,,,,,,,,,,,,,,
4(II).B,FR,318.98058,318.98058,318.98058,318.98058,318.98058,318.98058,318.98058,318.98058,318.98058,318.98058,318.98058,318.98058,318.98058,318.98058,318.98058,318.98058,318.98058,318.98058,318.98058,318.98058,318.98058,318.98058,318.98058,318.98058,318.98058,318.98058,318.98058,318.98058,318.98058,318.98058,318.98058,318.98058,318.98058,318.98058,318.98058
4(II).B,HR,,,,,,,,,,,,,,,,,,,,,,,,,,,,,,,,,,,
4(II).B,HU,,,,,,,,,,,,,,,,,,,,,,,,,,,,,,,,,,,
4(II).B,IE,,,,,,,,,,,,,,,,,,,,,,,,,,,,,,,,,,,
4(II).B,IS,30.87497,30.77634,30.67771,30.57908,30.48046,30.38184,30.28321,30.18459,30.08598,29.98736,29.88875,29.79014,29.69153,29.59292,29.49432,29.39571,29.29711,29.19851,29.09992,28.62591,28.1497,27.67127,27.1906,26.70766,26.22244,25.7401,25.2503,24.75816,24.26364,23.76672,23.26738,22.76559,22.81566,22.63717,22.61578
4(II).B,IT,711.6848,711.6848,711.6848,710.13387,710.13387,710.13387,710.13387,710.13387,710.13167,708.53403,708.53403,710.13079,711.72754,713.2787,713.2787,713.2787,711.67975,710.08343,710.08343,710.08343,710.08343,710.08343,710.08343,710.08343,710.08343,710.08343,710.08343,710.08343,710.08343,698.59077,698.59077,698.59077,698.59077,698.59077,698.59077
4(II).B,LI,,,,,,,,,,,,,,,,,,,,,,,,,,,,,,,,,,,
4(II).B,LT,351.55694,337.20767,351.55694,337.20767,351.55694,344.3823,337.20767,330.03304,308.50915,258.28673,258.28673,236.76283,229.5882,215.23894,208.06431,229.5882,208.06431,251.1121,286.98525,301.33452,265.46136,279.81062,265.46136,272.63599,286.98525,301.33452,294.15988,294.15988,308.50915,301.33452,330.03304,358.73157,380.25546,394.60472,408.95399
4(II).B,LU,,,,,,,,,,,,,,,,,,,,,,,,,,,,,,,,,,,
4(II).B,LV,,,,,,,,,,,,,,,,,,,,,,,,,,,,,,,,,,,
4(II).B,MT,,,,,,,,,,,,,,,,,,,,,,,,,,,,,,,,,,,
4(II).B,NL,,,,,,,,,,,,,,,,,,,,,,,,,,,,,,,,,,,
4(II).B,NO,,,,,,,,,,,,,,,,,,,,,,,,,,,,,,,,,,,
4(II).B,PL,,,,,,,,,,,,,,,,,,,,,,,,,,,,,,,,,,,
4(II).B,PT,,,,,,,,,,,,,,,,,,,,,,,,,,,,,,,,,,,
4(II).B,RO,,,,,,,,,,,,,,,,,,,,,,,,,,,,,,,,,,,
4(II).B,SE,,,,,,,,,,,,,,,,,,,,,,,,,,,,,,,,,,,
4(II).B,SI,,,,,,,,,,,,,,,,,,,,,,,,,,,,,,,,,,,
4(II).B,SK,,,,,,,,,,,,,,,,,,,,,,,,,,,,,,,,,,,
4(II).B,TR,,,,,,,,,,,,,,,,,,,,,,,,,,,,,,,,,,,
4(II).C,AT,371.05817,371.05817,371.05817,371.05817,371.05817,371.05817,371.05817,371.05817,371.05817,371.05817,371.05817,371.05817,371.05817,371.05817,371.05817,371.05817,371.05817,371.05817,371.05817,371.05817,371.05817,371.05817,371.05817,371.05817,371.05817,371.05817,371.05817,371.05817,371.05817,371.05817,371.05817,371.05817,371.05817,371.05817,371.05817
4(II).C,BE,,,,,,,,,,,,,,,,,,,,,,,,,,,,,,,,,,,
4(II).C,BG,,,,,,,,,,,,,,,,,,,,,,,,,,,,,,,,,,,
4(II).C,CH,,,,,,,,,,,,,,,,,,,,,,,,,,,,,,,,,,,
4(II).C,CY,,,,,,,,,,,,,,,,,,,,,,,,,,,,,,,,,,,
4(II).C,CZ,,,,,,,,,,,,,,,,,,,,,,,,,,,,,,,,,,,
4(II).C,DE,,,,,,,,,,,,,,,,,,,,,,,,,,,,,,,,,,,
4(II).C,DK,30.56391,30.56391,30.56391,30.56391,30.56391,30.56391,30.56391,30.56391,30.56391,30.56391,30.56391,30.56391,30.56391,30.56391,30.56391,30.56391,30.56391,30.56391,30.56391,30.56391,30.56391,30.56391,31.7043,32.84469,33.98507,35.12546,36.26585,37.40623,38.54662,39.68701,40.82739,41.96778,43.10806,42.40218,52.99953
4(II).C,EE,,,,,,,,,,,,,,,,,,,,,,,,,,,,,,,,,,,
4(II).C,EL,,,,,,,,,,,,,,,,,,,,,,,,,,,,,,,,,,,
4(II).C,ES,,,,,,,,,,,,,,,,,,,,,,,,,,,,,,,,,,,
4(II).C,EUA,3156.85329,3163.75888,3149.23953,3168.45258,3161.7856,3176.64251,3184.32479,3170.48318,3192.51463,3242.02094,3227.25863,3249.35579,3257.10368,3272.02433,3265.35735,3229.99185,3244.78305,3186.52651,3148.90797,3133.8072,3167.45403,3149.42259,3142.08382,3126.91657,3091.96317,3075.88339,3082.22816,3088.50992,3081.83192,3090.74677,3062.90162,3036.54711,3001.86934,2979.67223,2969.68792
4(II).C,FI,,,,,,,,,,,,,,,,,,,,,,,,,,,,,,,,,,,
4(II).C,FR,433.43762,433.43762,433.43762,433.43762,433.43762,433.43762,433.43762,433.43762,433.43762,433.43762,433.43762,433.43762,433.43762,433.43762,433.43762,433.43762,433.43762,433.43762,433.43762,433.43762,433.43762,433.43762,433.43762,433.43762,433.43762,433.43762,433.43762,433.43762,433.43762,433.43762,433.43762,433.43762,433.43762,433.43762,433.43762
4(II).C,HR,,,,,,,,,,,,,,,,,,,,,,,,,,,,,,,,,,,
4(II).C,HU,,,,,,,,,,,,,,,,,,,,,,,,,,,,,,,,,,,
4(II).C,IE,348.1543,347.88526,347.71517,345.46805,345.9757,346.48335,346.991,347.49865,348.0063,347.35584,346.94279,347.45044,347.95809,348.46574,348.97339,349.48104,349.98869,349.19479,347.20428,346.43988,344.31877,343.00215,341.56851,340.01007,338.27635,336.40371,334.43267,332.50125,331.72281,330.56123,330.31675,330.4656,330.50898,330.50898,330.50898
4(II).C,IS,115.41849,115.49061,115.54077,116.07875,116.27901,116.53553,116.77812,117.19338,117.77994,118.45417,119.19233,119.81364,120.57571,121.04681,121.6418,122.39667,123.68198,125.03898,126.26817,126.77307,127.34602,127.92252,128.53631,129.14664,129.76982,130.3904,130.98683,131.60135,132.22327,132.79518,133.26937,133.81804,133.82926,134.33989,134.80581
4(II).C,IT,26.85307,26.85307,26.85307,26.78934,26.78934,26.78934,26.78934,26.78934,26.78925,26.7236,26.7236,26.78921,26.85483,26.91857,26.91857,26.91857,26.85286,26.78727,26.78727,26.78727,26.78727,26.78727,26.78727,26.4591,26.4591,26.4591,26.4591,26.4591,26.4591,25.35569,25.35569,25.35569,25.35569,25.35569,25.35569
4(II).C,LI,,,,,,,,,,,,,,,,,,,,,,,,,,,,,,,,,,,
4(II).C,LT,1843.88025,1851.05489,1836.70562,1858.22952,1851.05489,1865.40415,1872.57878,1858.22952,1879.75341,1929.97583,1915.62657,1937.15046,1944.32509,1958.67436,1951.49972,1915.62657,1929.97583,1872.57878,1836.70562,1822.35636,1858.22952,1843.88025,1836.70562,1822.35636,1786.4832,1772.13394,1779.30857,1786.4832,1779.30857,1786.4832,1757.78468,1729.08615,1693.213,1671.6891,1650.16521
4(II).C,LU,,,,,,,,,,,,,,,,,,,,,,,,,,,,,,,,,,,
4(II).C,LV,,,,,,,,,,,,,,,,,,,,,,,,,,,,,,,,,,,
4(II).C,MT,,,,,,,,,,,,,,,,,,,,,,,,,,,,,,,,,,,
4(II).C,NL,,,,,,,,,,,,,,,,,,,,,,,,,,,,,,,,,,,
4(II).C,NO,,,,,,,,,,,,,,,,,,,,,,,,,,,,,,,,,,,
4(II).C,PL,,,,,,,,,,,,,,,,,,,,,,,,,,,,,,,,,,,
4(II).C,PT,,,,,,,,,,,,,,,,,,,,,,,,,,,,,,,,,,,
4(II).C,RO,,,,,,,,,,,,,,,,,,,,,,,,,,,,,,,,,,,
4(II).C,SE,,,,,,,,,,,,,,,,,,,,,,,,,,,,,,,,,,,
4(II).C,SI,102.90597,102.90597,102.90597,102.90597,102.90597,102.90597,102.90597,102.90597,102.90597,102.90597,102.90597,102.90597,102.90597,102.90597,102.90597,102.90597,102.90597,102.90597,103.15109,103.16399,103.05878,100.69321,100.82234,100.75056,102.26365,101.26538,101.26617,101.16434,101.29902,104.16384,104.12132,105.17609,105.18781,105.22049,106.16271
4(II).C,SK,,,,,,,,,,,,,,,,,,,,,,,,,,,,,,,,,,,
4(II).C,TR,,,,,,,,,,,,,,,,,,,,,,,,,,,,,,,,,,,
4(II).D,AT,20.74579,20.74579,20.74579,20.74579,20.74579,20.74579,20.74579,20.74579,20.74579,20.74579,20.74579,20.74579,20.74579,20.74579,20.74579,20.74579,20.74579,20.74579,20.74579,20.74579,20.74579,20.74579,20.74579,20.74579,20.74579,20.74579,20.74579,20.74579,20.74579,20.74579,20.74579,20.74579,20.74579,20.74579,20.74579
4(II).D,BE,,,,,,,,,,,,,,,,,,,,,,,,,,,,,,,,,,,
4(II).D,BG,,,,,,,,,,,,,,,,,,,,,,,,,,,,,,,,,,,
4(II).D,CH,,,,,,,,,,,,,,,,,,,,,,,,,,,,,,,,,,,
4(II).D,CY,,,,,,,,,,,,,,,,,,,,,,,,,,,,,,,,,,,
4(II).D,CZ,,,,,,,,,,,,,,,,,,,,,,,,,,,,,,,,,,,
4(II).D,DE,,,,,,,,,,,,,,,,,,,,,,,,,,,,,,,,,,,
4(II).D,DK,,,,,,,,,,,,,,,,,,,,,,,,,,,,,,,,,,,
4(II).D,EE,,,,,,,,,,,,,,,,,,,,,,,,,,,,,,,,,,,
4(II).D,EL,,,,,,,,,,,,,,,,,,,,,,,,,,,,,,,,,,,
4(II).D,ES,0.02175,0.02145,0.01765,0.01502,0.01307,0.0152,0.01257,0.0135,0.01438,0.01366,0.01375,0.01394,0.01583,0.0177,0.01793,0.02292,0.0275,0.0273,0.02544,0.01838,0.02035,0.02712,0.01923,0.02573,0.02594,0.02482,0.0354,0.02656,0.02908,0.02516,0.02682,0.02656,0.02671,0.02746,0.02746
4(II).D,EUA,1963.50248,2349.22292,1311.8206,1131.39074,1161.3528,1177.96889,1113.67313,1201.29777,1095.29686,1503.71694,1312.23773,1380.00191,1660.25989,1501.37421,1519.5122,1713.6848,1920.02238,1440.60769,1752.49052,1772.72108,1583.34598,1862.21863,1625.58285,2136.22984,1773.0042,2124.83661,1698.68708,1897.81429,2327.66146,2024.04363,2043.32999,2108.27359,2343.05271,2316.30063,2399.16317
4(II).D,FI,,,,,,,,,,,,,,,,,,,,,,,,,,,,,,,,,,,
4(II).D,FR,,,,,,,,,,,,,,,,,,,,,,,,,,,,,,,,,,,
4(II).D,HR,,,,,,,,,,,,,,,,,,,,,,,,,,,,,,,,,,,
4(II).D,HU,228.01216,167.00838,119.95435,206.11795,126.6854,144.48072,101.19282,152.32422,135.24991,164.20925,172.08146,177.2967,168.8438,134.39893,144.97576,153.40587,155.74799,130.06506,119.2754,164.30728,113.26818,143.55241,123.50684,150.79965,110.64683,154.74709,133.77634,150.61462,106.20597,105.80061,133.30988,129.17673,144.5964,115.29903,153.73572
4(II).D,IE,859.35524,852.65223,846.3602,841.12183,834.18586,823.59197,814.4592,808.37396,803.58895,800.90287,793.60384,787.83504,772.60649,768.93628,770.54967,768.17963,767.23297,764.93388,765.85068,764.8089,762.08586,761.17243,758.77144,748.83654,748.12214,739.02053,735.92441,741.52181,739.74823,736.18769,732.50206,732.0066,732.70932,734.1003,734.82001
4(II).D,IS,,0.14667,0.14667,0.14755,0.14872,0.14872,0.15899,0.16779,0.16984,0.17101,0.17101,0.1936,0.23232,0.24845,0.25432,0.26869,0.26869,0.26869,0.26869,0.29216,0.30331,0.17013,0.17336,0.17952,0.17835,0.18157,0.20489,0.21088,0.21586,0.25784,0.34784,0.36555,0.39562,0.39899,0.39899
4(II).D,IT,,,,,,,,,,,,,,,,,,,,,,,,,,,,,,,,,,,
4(II).D,LI,,,,,,,,,,,,,,,,,,,,,,,,,,,,,,,,,,,
4(II).D,LT,,,,,,,,,,,,,,,,,,,,,,,,,,,,,,,,,,,
4(II).D,LU,,,,,,,,,,,,,,,,,,,,,,,,,,,,,,,,,,,
4(II).D,LV,855.36754,1308.79507,324.74261,63.39015,179.72268,189.13522,177.26276,219.84029,135.69783,517.84537,325.7929,394.11044,698.04798,577.27551,583.22305,771.33059,976.26812,524.83566,846.5932,822.84073,687.22581,936.72088,722.53955,1215.82213,893.4635,1210.29837,808.20515,984.90552,1460.93239,1161.28437,1156.74544,1226.31791,1444.97449,1446.12806,1489.8342
4(II).D,MT,,,,,,,,,,,,,,,,,,,,,,,,,,,,,,,,,,,
4(II).D,NL,,,,,,,,,,,,,,,,,,,,,,,,,,,,,,,,,,,
4(II).D,NO,,,,,,,,,,,,,,,,,,,,,,,,,,,,,,,,,,,
4(II).D,PL,,,,,,,,,,,,,,,,,,,,,,,,,,,,,,,,,,,
4(II).D,PT,,,,,,,,,,,,,,,,,,,,,,,,,,,,,,,,,,,
4(II).D,RO,,,,,,,,,,,,,,,,,,,,,,,,,,,,,,,,,,,
4(II).D,SI,,,,,,,,,,,,,,,,,,,,,,,,,,,,,,,,,,,
4(II).D,SK,,,,,,,,,,,,,,,,,,,,,,,,,,,,,,,,,,,
4(II).D,TR,,,,,,,,,,,,,,,,,,,,,,,,,,,,,,,,,,,
4(IV).E,AT,,,,,,,,,,,,,,,,,,,,,,,,,,,,,,,,,,,
4(IV).E,BE,,,,,,,,,,,,,,,,,,,,,,,,,,,,,,,,,,,
4(IV).E,BG,,,,,,,,,,,,,,,,,,,,,,,,,,,,,,,,,,,
4(IV).E,CH,,,,,,,,,,,,,,,,,,,,,,,,,,,,,,,,,,,
4(IV).E,CY,,,,,,,,,,,,,,,,,,,,,,,,,,,,,,,,,,,
4(IV).E,CZ,,,,,,,,,,,,,,,,,,,,,,,,,,,,,,,,,,,
4(IV).E,DE,,,,,,,,,,,,,,,,,,,,,,,,,,,,,544.54645,,,,,,
4(IV).E,DK,,,,,,,,,,,,,,,,,,,,,,,,,,,,,,,,,,,
4(IV).E,EE,,,,,,,,,,,,,,,,,,,,,,,,,,,,,,,,,,,
4(IV).E,EL,,,,,,,,,,,,,,,,,,,,,,,,,,,,,,,,,,,
4(IV).E,ES,,,,,,,,,,,,,,,,,,,,,,,,,,,,,,,,,,,
4(IV).E,EUA,,,,,,,,,,,,,,,,,,,,,,,,,,,,,544.54645,,,,,,
4(IV).E,FI,,,,,,,,,,,,,,,,,,,,,,,,,,,,,,,,,,,
4(IV).E,FR,,,,,,,,,,,,,,,,,,,,,,,,,,,,,,,,,,,
4(IV).E,HR,,,,,,,,,,,,,,,,,,,,,,,,,,,,,,,,,,,
4(IV).E,HU,,,,,,,,,,,,,,,,,,,,,,,,,,,,,,,,,,,
4(IV).E,IE,,,,,,,,,,,,,,,,,,,,,,,,,,,,,,,,,,,
4(IV).E,IS,,,,,,,,,,,,,,,,,,,,,,,,,,,,,,,,,,,
4(IV).E,IT,,,,,,,,,,,,,,,,,,,,,,,,,,,,,,,,,,,
4(IV).E,LT,,,,,,,,,,,,,,,,,,,,,,,,,,,,,,,,,,,
4(IV).E,LU,,,,,,,,,,,,,,,,,,,,,,,,,,,,,,,,,,,
4(IV).E,LV,,,,,,,,,,,,,,,,,,,,,,,,,,,,,,,,,,,
4(IV).E,MT,,,,,,,,,,,,,,,,,,,,,,,,,,,,,,,,,,,
4(IV).E,NL,,,,,,,,,,,,,,,,,,,,,,,,,,,,,,,,,,,
4(IV).E,NO,,,,,,,,,,,,,,,,,,,,,,,,,,,,,,,,,,,
4(IV).E,PL,,,,,,,,,,,,,,,,,,,,,,,,,,,,,,,,,,,
4(IV).E,PT,,,,,,,,,,,,,,,,,,,,,,,,,,,,,,,,,,,
4(IV).E,RO,,,,,,,,,,,,,,,,,,,,,,,,,,,,,,,,,,,
4(IV).E,SE,,,,,,,,,,,,,,,,,,,,,,,,,,,,,,,,,,,
4(IV).E,SI,,,,,,,,,,,,,,,,,,,,,,,,,,,,,,,,,,,
4(IV).E,SK,,,,,,,,,,,,,,,,,,,,,,,,,,,,,,,,,,,
4(IV).E,TR,,,,,,,,,,,,,,,,,,,,,,,,,,,,,,,,,,,
4(IV).F,AT,,,,,,,,,,,,,,,,,,,,,,,,,,,,,,,,,,,
4(IV).F,BE,,,,,,,,,,,,,,,,,,,,,,,,,,,,,,,,,,,
4(IV).F,BG,,,,,,,,,,,,,,,,,,,,,,,,,,,,,,,,,,,
4(IV).F,CH,,,,,,,,,,,,,,,,,,,,,,,,,,,,,,,,,,,
4(IV).F,CY,,,,,,,,,,,,,,,,,,,,,,,,,,,,,,,,,,,
4(IV).F,CZ,,,,,,,,,,,,,,,,,,,,,,,,,,,,,,,,,,,
4(IV).F,DE,,,,,,,,,,,,,,,,,,,,,,,,,,,,,,,,,,,
4(IV).F,DK,,,,,,,,,,,,,,,,,,,,,,,,,,,,,,,,,,,
4(IV).F,EE,,,,,,,,,,,,,,,,,,,,,,,,,,,,,,,,,,,
4(IV).F,EL,,,,,,,,,,,,,,,,,,,,,,,,,,,,,,,,,,,
4(IV).F,ES,,,,,,,,,,,,,,,,,,,,,,,,,,,,,,,,,,,
4(IV).F,EUA,,,,,,,,,,,,,,,,,,,,,,,,,,,,,,,,,,,
4(IV).F,FI,,,,,,,,,,,,,,,,,,,,,,,,,,,,,,,,,,,
4(IV).F,FR,,,,,,,,,,,,,,,,,,,,,,,,,,,,,,,,,,,
4(IV).F,HR,,,,,,,,,,,,,,,,,,,,,,,,,,,,,,,,,,,
4(IV).F,HU,,,,,,,,,,,,,,,,,,,,,,,,,,,,,,,,,,,
4(IV).F,IE,,,,,,,,,,,,,,,,,,,,,,,,,,,,,,,,,,,
4(IV).F,IS,,,,,,,,,,,,,,,,,,,,,,,,,,,,,,,,,,,
4(IV).F,IT,,,,,,,,,,,,,,,,,,,,,,,,,,,,,,,,,,,
4(IV).F,LT,,,,,,,,,,,,,,,,,,,,,,,,,,,,,,,,,,,
4(IV).F,LU,,,,,,,,,,,,,,,,,,,,,,,,,,,,,,,,,,,
4(IV).F,LV,,,,,,,,,,,,,,,,,,,,,,,,,,,,,,,,,,,
4(IV).F,MT,,,,,,,,,,,,,,,,,,,,,,,,,,,,,,,,,,,
4(IV).F,NL,,,,,,,,,,,,,,,,,,,,,,,,,,,,,,,,,,,
4(IV).F,NO,,,,,,,,,,,,,,,,,,,,,,,,,,,,,,,,,,,
4(IV).F,PL,,,,,,,,,,,,,,,,,,,,,,,,,,,,,,,,,,,
4(IV).F,PT,,,,,,,,,,,,,,,,,,,,,,,,,,,,,,,,,,,
4(IV).F,RO,,,,,,,,,,,,,,,,,,,,,,,,,,,,,,,,,,,
4(IV).F,SE,,,,,,,,,,,,,,,,,,,,,,,,,,,,,,,,,,,
4(IV).F,SI,,,,,,,,,,,,,,,,,,,,,,,,,,,,,,,,,,,
4(IV).F,SK,,,,,,,,,,,,,,,,,,,,,,,,,,,,,,,,,,,
4(IV).F,TR,,,,,,,,,,,,,,,,,,,,,,,,,,,,,,,,,,,
4.A,AT,-13582.9167,-19928.77248,-14637.14946,-16994.25364,-13528.2401,-18463.79581,-14610.63301,-22233.51674,-20611.35267,-22579.78358,-18692.26374,-24179.87421,-15032.44302,-9523.27953,-15140.76284,-14554.91768,-7457.76772,-5693.34333,-7879.7131,-11179.57493,-12073.54892,-11110.67593,-9846.83906,-6618.95145,-11177.08825,-5567.82414,-9764.32587,-5498.43145,1028.16987,4193.35992,-4083.95827,-4821.18094,-1602.36318,4880.30364,2642.38716
4.A,BE,-1917.92699,-1931.8446,-1945.73604,-1959.60498,-1973.44997,-1987.2709,-2001.06703,-2014.8599,-2028.62538,-2079.34713,-2097.13806,-2119.02876,-2015.27403,-2033.27886,-2051.27239,-2069.26624,-2087.25977,-2105.25177,-2123.24254,-2141.3305,-2159.71925,-2193.25113,-2227.58982,-2053.41112,-2052.73559,-1888.23832,-2053.20226,-2056.46826,-2018.54663,-1900.21932,-1933.33954,-1965.30752,-1971.71534,-1970.78606,-1999.68594
4.A,BG,-16365.60259,-16383.51142,-16404.68107,-16434.47677,-16458.9397,-16485.07913,-15584.87191,-15637.8574,-15689.46347,-15731.75663,-15745.45954,-12772.59986,-12737.65188,-12717.03672,-12686.7307,-12688.44204,-10631.46574,-10623.28588,-10611.67918,-10624.02166,-10574.92103,-6980.24204,-6936.85173,-6892.54482,-6858.39118,-6728.24984,-8319.09031,-8286.05268,-8260.07018,-8216.99812,-8192.39945,-8208.42909,-8140.17596,-8070.3433,-8142.01568
4.A,CH,-1932.9178,-5648.43428,-4597.94503,-5714.72629,-3533.19957,-4895.53972,-6968.80204,-4650.24761,-3807.35223,-2784.7945,3702.14088,-1899.67411,-3404.69358,-2906.24431,-3910.72336,-3536.17911,-1005.362,-1739.46616,-2876.17206,-2964.23733,-3946.61167,-2439.31269,-2716.16565,-3614.67575,-2592.50572,-3259.96756,-3680.96659,-3203.82742,-750.83154,-2094.48234,-2076.89503,-2328.62621,-298.30346,-24.28797,-1107.53522
4.A,CY,-59.19014,-33.17616,-41.1166,-24.27571,-24.89661,-33.28763,-23.6716,-30.42637,-5.32535,-49.65303,-31.80901,-34.64127,-77.72885,-93.85827,-94.36236,-97.67854,-100.71981,-46.89073,-103.77382,-125.0603,-130.45701,-169.34923,-167.75285,-171.68749,-171.22238,-173.32448,-78.18051,-183.52875,-180.8991,-180.7026,-182.54894,-118.907,-178.46058,-188.39634,-193.43742
4.A,CZ,-8399.558,-11383.4572,-12750.94225,-12728.38477,-10921.9125,-10664.8458,-10344.30191,-9413.72821,-9627.84366,-9497.05679,-9668.19329,-9681.75946,-9680.01528,-8987.29007,-8591.14605,-8772.94959,-6537.25043,-5685.51673,-7924.2712,-8754.16945,-7518.7704,-9175.0823,-9562.85128,-9561.20078,-9504.61934,-9026.46209,-7664.52576,-5556.74431,842.80084,8253.86335,12456.0299,8497.35561,4534.51129,-2057.90204,-2915.19651
4.A,DE,-26920.547,-81157.84675,-85441.10625,-85532.07481,-77637.30027,-69352.90013,-73296.86542,-72545.02177,-69240.29101,-71230.51805,-53251.15943,-69408.93273,-67919.25604,-35129.5853,-34411.15873,-33804.86208,-32862.75526,-29922.32724,-49849.39729,-47379.26719,-40167.48366,-44643.28123,-47068.11152,-52426.25106,-42807.90013,-45317.30067,-46396.65504,-42385.99829,6911.29433,-14297.3838,-2395.66894,-4723.26587,2207.90633,7117.72033,1648.08085
4.A,DK,-1506.4437,-1554.04505,-1556.76754,-1559.56562,-1562.41381,-1564.29041,-1563.11795,-1562.04793,-1561.08033,-1560.21517,-1525.43595,-1457.77407,-1389.26532,-1319.88317,-1249.65731,-1178.51008,-1197.30846,-1441.07855,-2227.85957,-2309.2702,-2539.15266,-3529.05949,-3848.92465,-3748.5255,-4215.73831,-4280.75889,-3342.47271,-2865.89751,-2393.64467,-2728.71982,-2443.92504,-3263.09477,-3716.26332,-4284.65277,-3542.88902
4.A,EE,-5727.04198,-5803.15206,-5825.18311,-5847.21639,-5753.27675,-5775.09629,-5796.91789,-5818.74048,-5008.68127,-4198.62433,-3145.49441,-2334.98442,-1524.47596,-713.9691,-1687.3533,-3253.24538,-5443.08346,-5750.57819,-5449.6193,-5799.90867,-5330.80591,-3947.15073,-2430.20788,-1784.80856,-1105.49733,-585.16143,413.32473,246.03159,1778.3149,1567.25752,-341.39844,-881.3291,-2000.09006,92.70176,-740.04096
4.A,EL,-1310.03442,-1361.30766,-1744.17909,-1800.05595,-1517.88321,-1702.5462,-1700.05333,-1439.29296,-1623.97659,-1639.59554,-1563.26826,-1865.02005,-1903.61223,-1920.14288,-1922.3624,-2332.73799,-2312.75187,-2024.26351,-2158.65333,-2164.26538,-2203.60534,-2194.61963,-2186.34425,-2216.91332,-2226.78426,-2206.52602,-2213.86352,-2157.25584,-2152.93026,-2269.67062,-2262.02689,-2153.06372,-2187.67583,-1698.49174,-1760.746
4.A,ES,-37351.87339,-37635.27707,-38274.06748,-38683.07405,-38408.24479,-39345.35062,-39862.93135,-40150.46568,-41435.12405,-43170.31678,-45147.8028,-46283.01307,-46037.987,-46086.26378,-46722.50563,-48344.31199,-48917.95471,-49284.84401,-49480.6695,-49579.05592,-50006.7888,-50274.3941,-50254.76426,-50887.70789,-51218.41871,-51387.51323,-51298.74579,-50967.62923,-51078.22552,-50529.4801,-50090.29841,-49537.99125,-48767.96869,-48420.93711,-47872.83869
4.A,EUA,-401594.39863,-489783.38927,-476447.64913,-478199.76724,-483896.25009,-502377.8514,-502827.53304,-497944.05294,-490955.9851,-494921.2002,-450541.37869,-486438.81512,-489623.13975,-439271.73047,-461879.77481,-462485.39355,-469531.04843,-428297.43704,-479012.96634,-499818.04147,-483574.79833,-472197.69585,-477005.65709,-477124.96625,-444555.76724,-427650.1422,-422276.5685,-369606.09742,-311582.56751,-320165.19356,-319426.71203,-302625.36187,-309530.87535,-333159.18228,-336440.4294
4.A,FI,-37530.757,-51756.96533,-45744.13067,-44644.38,-37054.94833,-36373.59733,-44783.66933,-38870.65233,-36983.782,-38319.56333,-37953.443,-41286.14967,-42038.491,-42203.61567,-43805.38433,-47511.77933,-48874.11467,-37957.029,-45003.41633,-59621.25767,-44305.25733,-43525.548,-45701.74767,-37980.65333,-37987.01133,-32395.297,-26304.50167,-20432.52933,-8548.265,-12686.81333,-15832.13867,-3765.61533,-3541.42433,-5617.106,-2154.053
4.A,FR,-52072.03524,-54119.44416,-54464.14899,-58483.04442,-58718.20597,-60347.9104,-65546.6815,-64903.77638,-66098.25933,-68813.95704,-52184.24645,-61434.32642,-69067.3049,-72159.88423,-74539.18495,-75200.05056,-77395.72946,-78177.66577,-80092.10731,-73118.81859,-72764.14031,-72699.06228,-75485.20961,-79243.45039,-70856.83036,-68284.4672,-61130.98305,-56105.06251,-59246.43276,-65205.3045,-68412.19307,-60614.2985,-59230.73289,-62955.73473,-64324.24062
4.A,HR,-6499.74544,-8168.22928,-8342.83835,-8325.19032,-8451.72931,-8916.83225,-8598.7128,-8108.83005,-7811.50795,-8500.98548,-7105.99477,-8197.66003,-8505.74905,-7852.18188,-8198.43318,-8313.06446,-8174.51544,-7318.88985,-7522.44173,-7909.44139,-7776.50174,-6570.01786,-6138.25027,-6654.14039,-6380.08217,-5901.70157,-5788.57984,-4809.83152,-5575.32261,-5825.73925,-5907.80223,-5926.0167,-5293.5663,-5882.22281,-4705.70462
4.A,HU,-3417.8889,-2852.00503,-3482.09623,-6081.84115,-6503.27454,-6339.60806,-2363.95832,-2755.54255,-3758.3313,-1535.54854,-600.93403,-2301.79195,-1595.23853,-4016.51306,-3062.3655,-5329.352,-3057.6474,-3236.02223,-4820.59018,-3879.99348,-3760.30719,-3631.41663,-4515.54032,-3778.9051,-4810.46419,-5726.24044,-4829.20647,-5407.79018,-4564.62212,-5208.1106,-6766.62507,-6670.54177,-4688.13038,-5347.92691,-6389.11773
4.A,IE,-1656.02528,-1986.5242,-1288.01472,-1447.83672,-1370.16166,-1155.35981,-703.71606,-1246.33767,-962.28075,-1166.54041,-225.71268,11.39855,-157.31773,-1035.60237,-1831.48902,-1588.37422,-2869.31599,-3077.95599,-4757.80195,-4243.85962,-3962.15574,-4574.01916,-4195.92933,-4267.87395,-4184.65741,-4401.84563,-4120.27623,-3778.53104,-3763.20719,-3603.71236,-3475.9316,-2786.02108,-2979.04933,-2830.76119,-2853.99218
4.A,IS,-31.4013,-33.022,-38.37367,-43.86155,-47.08706,-57.72702,-61.89674,-68.85638,-77.58834,-84.23666,-95.86616,-102.01938,-111.09258,-121.58909,-128.70026,-148.64194,-155.80975,-273.85273,-278.19256,-291.55548,-314.93861,-342.61288,-354.05795,-371.9443,-395.53692,-420.4169,-444.95889,-483.2505,-512.88299,-514.36232,-518.0517,-519.96591,-550.17374,-542.45864,-539.99106
4.A,IT,-20804.84841,-32546.69002,-31267.03775,-21222.55045,-31334.35401,-34381.09035,-34184.84115,-26876.92753,-25450.06176,-30826.10488,-30158.18625,-35929.94467,-39414.84234,-33520.24307,-37849.64885,-39005.42972,-41836.83216,-28589.08698,-37071.19093,-38195.6195,-40235.24319,-37107.38134,-33447.2959,-40783.29741,-41555.56711,-42297.42633,-41408.25271,-31985.54686,-45766.01552,-43054.15146,-40134.77605,-42324.08945,-43926.14859,-52912.38897,-57888.13764
4.A,LI,-4.61163,-20.99205,-10.08018,-13.72664,5.84354,-8.17584,-16.94347,-5.68964,-14.12181,-15.93836,9.97384,-14.19932,-13.58042,-9.65799,-7.54186,-7.66397,-3.02747,5.92697,7.89557,4.55328,2.8379,-5.8952,-5.78339,-10.83032,-10.89653,-15.02082,-16.35977,-15.58836,-8.6149,-15.41571,-20.4469,-23.46021,-22.25344,-22.21481,-23.37753
4.A,LT,-6653.99213,-6877.69265,-6585.28755,-7190.53368,-6776.00692,-4669.80176,984.04338,-497.10729,-7951.67424,-7729.15591,-9168.95319,-6613.16689,-5259.70606,-4377.149,-4077.93264,-3560.07007,-3904.18734,-5193.17866,-6606.46954,-7907.4216,-9023.26081,-9197.64348,-8744.76799,-8791.02444,-7816.82693,-7147.46311,-6496.38036,-6242.1294,-6571.65223,-6394.50715,-6360.63834,-6401.68235,-6412.07067,-6456.59229,-7170.15137
4.A,LU,-53.24745,-121.0037,-526.89856,-651.05626,-501.64255,-570.74943,-603.53062,-685.65847,-573.40281,-649.38453,-657.09938,-639.56403,-664.14807,-647.92275,-676.35674,-637.72999,-562.58301,-475.32762,-467.52006,-473.55276,-234.99975,-317.86378,-390.09578,-571.88897,-482.79236,-425.36493,-499.6822,-435.17292,-298.30587,-420.90039,-494.55219,-647.98531,-693.26969,-618.87943,-581.30942
4.A,LV,-17865.23914,-18472.81587,-18132.58673,-17971.44975,-20429.28499,-18898.49144,-18893.63553,-16260.07658,-14798.80862,-11169.69203,-14052.57062,-15169.81177,-13723.90094,-13178.49216,-9619.56833,-9164.60016,-10150.21914,-9917.63402,-10948.14485,-7877.48099,-5377.4106,-5894.82838,-6537.92474,-5845.71741,-1746.87273,-3388.84001,-4567.67175,-6276.98294,-5264.54486,-6326.48391,-4771.68377,-2569.70016,-298.79578,-822.9558,-857.19665
4.A,MT,-0.01721,-0.01069,-0.01069,-0.01069,-0.01069,-0.01069,-0.01069,-0.01069,-0.01069,-0.01069,-0.01069,-0.00864,-0.00864,-0.00864,0.16584,-0.13611,-0.13611,-0.13611,-0.13611,-0.13611,-0.13611,-0.13448,-0.13448,-0.13448,-0.13448,-0.10593,-0.17228,-0.17228,-0.08891,0.35557,0.07873,-0.5514,-0.50884,-0.55933,-0.15619
4.A,NL,-2220.68792,-2251.05336,-2303.22418,-2333.6596,-2364.71712,-2396.29351,-2428.46705,-2461.32167,-2494.77344,-2528.85507,-2523.46208,-2517.81856,-2512.99896,-2509.28554,-2513.7656,-2512.68176,-2751.96246,-2767.47905,-2783.11378,-2781.7049,-2800.91064,-2820.94196,-2841.48616,-2839.40658,-2331.20224,-2291.70683,-2252.16448,-2243.73998,-2231.95086,-2220.347,-2220.44347,-2213.09322,-2437.75366,-2436.12995,-2435.33544
4.A,NO,-13277.02247,-14305.62312,-14078.21409,-15563.42015,-14131.44425,-16613.84058,-12641.49404,-15591.14447,-16616.98267,-21509.17727,-19379.17333,-23930.4933,-25056.37189,-24200.35694,-24515.94034,-26187.28065,-21690.96771,-23474.76595,-29004.86089,-28311.98686,-30396.18385,-29197.85122,-28740.41032,-25487.55124,-23317.65038,-20118.11455,-18839.43571,-19682.31309,-14758.68999,-12255.74031,-19944.64886,-8686.16632,-13137.03232,-16592.72902,-19264.00343
4.A,PL,-42148.15944,-30635.27674,-19225.09428,-24294.56319,-38688.59129,-60101.15902,-57487.46398,-60216.25929,-48943.68722,-45687.56656,-41626.19525,-33463.43695,-41421.4356,-43285.58638,-54247.242,-54541.41439,-55141.86691,-41373.74461,-41944.52229,-51437.59133,-58855.43958,-53062.12374,-56618.6972,-50365.96411,-44289.68986,-39904.52287,-50948.3707,-48281.10097,-46764.699,-30706.34903,-32326.44387,-31632.05078,-45066.66283,-50226.973,-35447.94419
4.A,PT,3223.03995,-461.86584,-3073.02743,-3496.75549,-3739.4462,-4143.34471,-3457.48491,-4085.22658,-4349.57856,-4378.04496,-1211.30564,-4102.15811,-4076.85408,3859.03109,-1656.01941,2104.24308,-433.88688,-991.03561,-3567.18831,-3833.68728,-3050.75493,-1853.47159,-1068.81806,-1168.79684,-1894.06492,-1193.51232,80.20049,13009.32372,-1047.11108,-915.0046,-1535.90364,435.47117,1769.06039,-494.14789,261.4371
4.A,RO,-25490.9687,-26618.79429,-27448.23969,-28367.91556,-28969.69661,-28410.06573,-27712.43178,-28103.06555,-29826.65673,-28974.59917,-28596.23824,-29473.30067,-27215.28851,-27064.99892,-26656.42456,-28032.32733,-28066.52767,-27098.35551,-27599.77678,-27852.89948,-27594.33316,-26231.12663,-25658.26918,-28252.45816,-29380.87425,-29115.95166,-29891.85636,-28863.38894,-23758.91287,-24230.13333,-23726.07055,-23460.20255,-22856.56707,-24053.51492,-24561.84895
4.A,SE,-61862.44421,-60888.25005,-60171.08395,-56517.68041,-56330.62156,-56088.31772,-58116.52538,-58028.38685,-59297.76858,-58918.21302,-59999.52092,-61377.001,-60835.58873,-58802.72944,-55042.09034,-53031.41627,-56825.08112,-57946.78396,-57668.50108,-59939.69848,-61364.45428,-60238.66333,-59206.76762,-59141.38968,-56761.45322,-55072.93022,-50823.38195,-45729.38209,-41192.54275,-39471.86827,-37615.34883,-36735.2209,-42449.74269,-47190.56817,-55977.69472
4.A,SI,-4815.46899,-4905.62254,-5125.75448,-5187.64414,-5289.5723,-5403.21346,-5491.48317,-5782.80884,-5858.26494,-5953.77325,-6042.62368,-6124.51327,-7228.33656,-7165.22635,-7255.95912,-7266.24444,-7182.8344,-7299.37243,-7145.83943,-7143.93075,-7145.7017,-7139.62377,-7112.24074,-5357.1969,512.36667,624.77853,742.71978,856.26851,967.6245,-4441.3536,-4394.73155,-4354.79241,-4181.26592,-4308.17913,-4298.46936
4.A,SK,-8584.7782,-9948.75504,-10647.246,-10420.67273,-9587.42831,-8807.5428,-8654.53272,-8216.10718,-8965.37239,-8032.33831,-7566.85734,-7681.93317,-7588.22043,-6786.73444,-6290.76438,-1798.04419,-4755.29105,-4300.35972,-3205.32683,-3545.02333,-2618.53828,-3116.72362,-4812.24474,-5720.66612,-3251.21484,-3566.18559,-3320.27168,-3168.35397,-2432.78197,-3346.07673,-5981.97382,-5783.75749,-5421.95142,-6403.75816,-4180.13222
4.A,TR,-63624.53555,-65154.99283,-64838.03084,-64998.98189,-66967.00995,-65401.34727,-65288.49748,-67602.45056,-68105.50667,-68562.51125,-64455.64187,-67205.21822,-65451.72712,-66700.56009,-65484.2959,-66451.43332,-66836.39286,-66096.24134,-62544.89573,-64952.1188,-65730.10712,-67364.09976,-65630.6607,-67418.73023,-66958.15157,-62787.41061,-62486.01216,-65383.8975,-60110.79,-53897.74211,-48109.4357,-34567.61908,-44908.38859,-55388.0704,-55372.32857
4.A.1,AT,-10623.7783,-16860.20279,-11459.14743,-13706.81359,-10375.52484,-15486.90588,-11811.14611,-19611.43993,-18166.80816,-20196.29754,-16369.94441,-21918.71801,-12834.12327,-7388.68851,-13029.66808,-12468.48391,-5395.87588,-3655.99464,-5866.90877,-9238.02121,-10198.80018,-9302.73522,-8105.65851,-4944.53406,-9569.43702,-3983.28422,-8202.85363,-3960.02718,2543.50589,5685.12725,-2615.899,-3376.82906,-179.21623,6282.25524,4023.14341
4.A.1,BE,-1906.8592,-1904.33028,-1901.80124,-1899.27207,-1896.74278,-1894.21337,-1891.68383,-1889.17715,-1886.67026,-1884.17073,-1882.03542,-1881.16746,-1757.29383,-1755.20278,-1753.1236,-1750.96174,-1748.8118,-1746.67382,-1744.54784,-1742.52848,-1737.84678,-1733.17694,-1729.29217,-1552.81426,-1549.78737,-1382.88401,-1527.44272,-1510.26474,-1451.98589,-1313.27911,-1325.99764,-1337.54174,-1323.50353,-1302.10609,-1310.33883
4.A.1,BG,-13584.08269,-13763.0154,-13964.41044,-14190.99173,-14416.95558,-14642.74231,-13944.18601,-14198.60422,-14452.89949,-14667.762,-14817.71693,-11965.07348,-12039.27221,-12113.16667,-12166.81907,-12233.26467,-10221.43193,-10247.86535,-10243.49494,-10241.25939,-10195.47751,-6582.77101,-6553.57517,-6523.55399,-6494.18584,-6381.83168,-7979.44646,-7956.0935,-7933.75013,-7910.26853,-7887.71958,-7893.4016,-7893.94585,-7889.75632,-7882.1317
4.A.1,CH,-1153.10577,-4775.22481,-3707.78915,-4803.6541,-2630.45731,-3980.05589,-6035.46647,-3726.11635,-2904.35287,-1881.64243,4436.02696,-1037.46333,-2541.9746,-2097.56752,-3102.20664,-2732.33807,-276.81777,-1001.52931,-2117.40283,-2191.10337,-3174.93087,-1674.28521,-1940.59232,-2838.50256,-1822.58717,-2477.24802,-2881.96613,-2406.59275,-28.89628,-1331.79299,-1311.60034,-1565.97585,458.17244,733.01525,-345.86009
4.A.1,CY,-59.09371,-32.9387,-40.73813,-23.75624,-24.23611,-32.48615,-22.72916,-29.34292,-4.10094,-48.28768,-30.30266,-32.61697,-75.15402,-90.73066,-90.6797,-93.4386,-95.89778,-41.66033,-98.14944,-119.03706,-124.17786,-162.81024,-160.95094,-165.71905,-163.85187,-164.53281,-68.03298,-172.02537,-168.03987,-166.35057,-166.75626,-102.18253,-160.80432,-169.80829,-173.91759
4.A.1,CZ,-8191.21185,-11171.08611,-12531.5462,-12497.72584,-10711.8152,-10473.54113,-10154.78493,-9217.37496,-9445.0367,-9303.27308,-9474.82934,-9487.06537,-9469.06349,-8757.40279,-8341.43436,-8509.18969,-6249.91585,-5372.32598,-7586.52746,-8394.23148,-7132.65493,-8753.36572,-9105.97455,-9064.16701,-8974.84361,-8469.93717,-7090.33261,-4960.42627,1443.43081,8877.49839,13075.96522,9129.45351,5157.30296,-1436.6588,-2282.11945
4.A.1,DE,-26041.89584,-80068.32386,-84382.68444,-84500.73186,-76633.72251,-68384.06448,-72124.39772,-71369.37962,-68098.80768,-70100.06928,-52155.31022,-68090.71585,-66644.45639,-35397.8347,-34722.85457,-34149.88243,-33001.75004,-30105.49387,-49434.3682,-46996.77475,-39817.96162,-43330.08075,-45828.20552,-50587.0319,-41042.6529,-43632.75917,-45454.07343,-41491.49333,7806.65531,-13435.69687,-1581.16855,-3684.17919,3204.84361,8047.34765,2501.79292
4.A.1,DK,-431.41447,-433.01559,-434.66224,-436.35443,-438.09214,-1321.79483,-1315.95868,-1313.75418,-1311.55274,-1309.35438,-1159.5486,-1091.84179,-1022.42292,-951.27871,-878.42401,-797.5005,-617.8099,-625.77941,-1176.71926,-1022.42535,-1025.11193,-1974.87574,-2574.94538,-2438.61613,-2976.28919,-3112.94733,-2225.4153,-2015.60336,-1338.10393,-1366.44362,-1317.83738,-2142.24879,-1963.91106,-2803.06184,-2451.09599
4.A.1,EE,-5364.75828,-5431.80205,-5444.78462,-5457.78415,-5354.82591,-5367.64234,-5380.47669,-5393.33003,-4574.31826,-3755.32588,-2693.27816,-1873.86859,-1054.47972,-235.11234,-1184.38149,-2713.7483,-4894.71032,-5209.0876,-4907.40497,-5226.68525,-4738.01779,-3336.79937,-1797.12045,-1166.07461,-459.43259,56.84199,1056.69647,903.38663,2443.6008,2248.4774,324.78404,-230.01424,-1353.59433,738.96448,-110.55549
4.A.1,EL,-1310.03442,-1361.30766,-1744.17909,-1800.05595,-1508.51679,-1678.97782,-1669.73443,-1390.98657,-1569.93318,-1550.9551,-1512.1297,-1793.01062,-1800.12571,-1831.38951,-1832.50282,-2214.57244,-2196.31734,-2030.14673,-2070.84673,-2062.3034,-2067.40007,-2070.07673,-2067.32673,-2077.63007,-2086.75896,-2098.9921,-2106.74448,-2107.87069,-2108.52024,-2209.20993,-2213.67727,-2108.8166,-2146.69057,-1680.34783,-1744.82915
4.A.1,ES,-20788.34776,-20965.48487,-21142.62199,-21319.7591,-21496.89621,-21674.03333,-21851.17044,-22028.30756,-23183.89587,-24644.05563,-26524.5064,-27262.73651,-26792.70158,-26672.01925,-27013.53748,-28482.10272,-28829.35788,-28933.85548,-29093.74753,-29339.44052,-29640.12536,-29940.81021,-30241.49506,-30538.73581,-30835.97656,-31133.21731,-31433.21836,-31733.2194,-32033.22045,-32331.23053,-32629.24061,-32929.27897,-33229.31733,-33529.35569,-33829.39405
4.A.1,EUA,-341896.00915,-428489.31755,-414350.75311,-416457.41049,-421674.28797,-440334.80855,-440830.80075,-436443.13632,-429964.64441,-432404.90523,-388414.24491,-421484.69609,-424924.87437,-376974.5057,-398149.08696,-397590.38604,-402635.70365,-364029.17484,-412046.15681,-432054.94563,-415157.87423,-403384.80518,-409178.99845,-406870.86198,-375490.80589,-359770.40374,-354841.47482,-306408.17978,-245138.57636,-254071.77244,-255026.72098,-238513.21706,-245893.93028,-268221.6161,-270983.2158
4.A.1,FI,-37322.38767,-51553.34433,-45536.69633,-44424.82,-36832.191,-36138.05067,-44537.12267,-38611.43,-36711.68233,-38029.057,-37634.86833,-40907.90367,-41606.10667,-41715.12767,-43277.883,-46984.94533,-48361.00867,-37458.97467,-44524.32233,-59172.498,-43890.748,-43148.86033,-45362.22533,-37669.786,-37701.411,-32120.97167,-26039.31,-20173.472,-8300.71733,-12457.60267,-15620.94233,-3571.80633,-3364.40867,-5449.49167,-1926.63533
4.A.1,FR,-32427.2798,-34725.3396,-35243.642,-39443.86721,-39864.73124,-41682.52571,-47080.20651,-46624.16183,-48018.23175,-50928.99044,-34503.26132,-43997.64348,-51871.99423,-55206.65225,-57842.02808,-58754.67219,-61222.07117,-62261.58039,-64439.54358,-57756.37568,-57610.60785,-57512.56981,-60269.17668,-64118.21762,-55963.84932,-53609.61209,-46453.95133,-41320.37348,-44325.59275,-50147.27895,-53315.4864,-45631.60509,-44156.65091,-47838.95706,-49227.46243
4.A.1,HR,-6467.0289,-8138.5825,-8312.64874,-8296.10004,-8421.36394,-8885.75585,-8567.64892,-8077.39109,-7779.3026,-8468.32117,-7072.31741,-8162.598,-8470.19654,-7816.17395,-8162.24269,-8305.42411,-8155.33112,-7306.12693,-7462.31337,-7869.63634,-7710.19723,-6501.33915,-6015.60601,-6522.34535,-6230.14985,-5701.69716,-5496.67077,-4549.65176,-5263.88324,-5498.35521,-5575.63679,-5594.95093,-4968.93786,-5553.63685,-4380.976
4.A.1,HU,-3044.52261,-2407.86519,-2968.60132,-5476.83628,-5858.60051,-5659.14011,-1633.21457,-1948.50009,-2859.46615,-546.29081,489.14679,-1096.2697,-246.91095,-2504.18436,-1422.76011,-3695.66554,-1437.9724,-1596.08088,-3086.78665,-2154.64915,-2068.60835,-1952.92112,-2894.47171,-2171.95775,-3206.3862,-4142.55907,-3304.22562,-3953.55096,-3166.47339,-3870.41029,-5500.73494,-5503.87499,-3608.21968,-4285.41452,-5355.82545
4.A.1,IE,-628.1743,-826.36985,-11.33853,-214.1149,96.42369,410.42155,1032.96144,728.39994,1066.95453,1102.51908,2302.41259,2808.32982,2617.57364,2160.14576,1605.1962,1851.69186,805.80267,660.88395,-1477.3572,-275.96159,26.08237,-459.8487,45.82813,-120.60728,105.40504,-148.8007,263.64539,108.29594,172.37585,546.67978,283.76185,1127.74563,585.83769,960.62341,982.17628
4.A.1,IS,-1.85093,-1.83961,-2.05949,-2.25656,-2.31274,-2.8476,-2.99588,-3.48929,-3.9901,-4.34994,-5.8259,-6.25116,-6.65216,-7.13972,-7.61322,-10.84016,-10.36962,-119.95639,-117.66592,-118.03276,-122.04903,-126.98437,-123.17396,-121.52165,-122.97792,-124.87848,-125.78552,-127.56604,-129.41946,-130.12996,-135.12743,-140.29277,-132.74649,-132.49613,-124.13836
4.A.1,IT,-17395.72066,-27948.78652,-26674.90618,-17520.54578,-26472.03871,-28986.72059,-28418.26837,-21874.31709,-20500.56264,-24969.67545,-23992.03399,-28555.90359,-31255.33555,-26107.49465,-29482.7053,-30044.56027,-32690.53868,-21948.49207,-29131.22724,-30201.49468,-31961.70687,-29529.5973,-26717.27542,-33054.50078,-33923.98623,-34703.78713,-33532.99905,-25166.2406,-36156.62454,-33638.18882,-30826.22303,-31840.02544,-32443.51133,-38921.93349,-42093.29455
4.A.1,LI,-0.32847,-16.17944,-5.53329,-8.97092,9.9859,-3.50166,-11.91166,-1.13614,-9.31744,-10.94813,13.90812,-9.3925,-8.94323,-5.24003,-3.35958,-3.57682,0.92169,9.64949,11.50201,8.43978,6.90518,-1.49825,-1.38524,-6.30347,-6.39133,-9.85221,-11.00264,-9.92988,-2.78046,-9.15339,-13.80822,-16.56731,-15.14956,-14.92003,-15.74338
4.A.1,LT,-6205.13048,-6297.41214,-5951.02366,-6519.617,-6060.95506,-3932.47926,1720.52746,237.77615,-7201.18382,-6976.0814,-8451.28499,-5648.15393,-4569.3604,-3897.71429,-3638.72706,-3130.39958,-3398.64736,-4626.15225,-6007.78283,-7194.49329,-8218.39242,-8481.30929,-8086.8135,-7870.05323,-6892.60852,-6291.18879,-5428.69095,-5327.24957,-5515.32939,-5217.07095,-5086.69931,-5108.63246,-4958.51807,-4866.92968,-5151.4131
4.A.1,LU,-10.07749,-77.83886,-483.68526,-607.71589,-458.14525,-527.1373,-559.83811,-641.94191,-530.08036,-606.49289,-615.18784,-598.21567,-623.34585,-607.61753,-636.61457,-598.51409,-524.2871,-437.9538,-430.61541,-439.50973,-202.87798,-287.63068,-361.78693,-545.62999,-458.48323,-402.94253,-478.95492,-416.48995,-281.26784,-405.56988,-480.51728,-635.25208,-681.84846,-608.83752,-572.57149
4.A.1,LV,-17829.07753,-18423.62993,-18070.10369,-17895.61843,-20337.76093,-18790.2652,-18760.89457,-16099.17088,-14610.86676,-10949.30633,-13799.4863,-14887.89441,-13411.40793,-12833.66365,-9241.22953,-8750.29924,-9698.10846,-9425.83471,-10414.74677,-7317.64489,-4890.54085,-5412.90269,-6060.76183,-5372.97559,-1261.76285,-2889.88136,-4080.21938,-5799.29715,-4800.42002,-5869.87708,-4329.62031,-2119.90165,159.55533,-355.01411,-383.8431
4.A.1,MT,-0.01721,-0.01069,-0.01069,-0.01069,-0.01069,-0.01069,-0.01069,-0.01069,-0.01069,-0.01069,-0.01069,-0.00864,-0.00864,-0.00864,-0.00864,-0.00864,-0.00864,-0.00864,-0.00864,-0.00864,-0.00864,-0.007,-0.007,-0.007,-0.007,-0.007,-0.007,-0.007,0.1651,0.55219,-0.007,-0.00568,-0.00568,-0.05617,-0.05617
4.A.1,NL,-1301.16822,-1348.91712,-1416.49148,-1462.83921,-1508.95841,-1554.83009,-1600.49499,-1645.47758,-1690.33024,-1734.48739,-1738.45496,-1740.72744,-1742.57267,-1744.01678,-1747.79471,-1751.40923,-1943.43613,-1958.1313,-1972.04039,-1984.78167,-1987.34999,-1988.24516,-1987.04837,-1982.76921,-1566.60484,-1556.63227,-1545.32371,-1540.53928,-1534.80067,-1528.48107,-1532.56317,-1536.3428,-1752.04407,-1757.80157,-1766.3598
4.A.1,NO,-12824.33884,-13857.04412,-13634.46515,-15123.51016,-13697.05735,-16179.84011,-12231.58248,-15184.64026,-16201.5662,-21099.25018,-18937.99424,-23473.64485,-24581.5625,-23706.58834,-24022.48577,-25708.04245,-21203.5801,-23013.70937,-28523.26573,-27818.14309,-29851.02593,-28605.42963,-28092.65969,-24807.99244,-22610.16259,-19389.23163,-18095.13444,-18895.69785,-13965.98426,-11445.28942,-19139.92261,-7888.24457,-12330.69703,-15767.09514,-18426.82878
4.A.1,PL,-39253.8208,-27646.0968,-16119.82283,-20847.03743,-35404.53166,-56929.09876,-54624.66319,-57335.71727,-46444.42234,-42990.61794,-39109.43979,-30669.19893,-39493.77474,-41614.80727,-52700.86665,-52279.56147,-52082.81615,-38870.4904,-38791.59504,-48151.73943,-55214.42791,-49005.299,-52003.11793,-45041.97408,-39519.6362,-35309.6016,-45971.68981,-44313.44661,-42160.84788,-26039.672,-27402.35537,-26986.70456,-40855.18398,-46349.83781,-32019.58076
4.A.1,PT,4411.04159,594.29441,-1854.69098,-2149.34004,-2212.07265,-2353.79558,-2029.99426,-2391.51522,-2573.93912,-2519.87529,445.02938,-2100.41372,-2054.25811,5747.41119,336.62697,4055.94073,1886.80232,1496.9036,-806.60158,-1000.03927,-301.23241,639.87238,1341.88083,1180.90779,351.41364,981.49122,2045.17408,14775.92224,555.73481,544.1638,-185.34812,1551.78121,2747.85207,400.01297,1053.49493
4.A.1,RO,-23200.18421,-24371.17068,-25242.95359,-26206.07074,-26851.78948,-26335.3851,-25680.55336,-26113.17471,-27879.07196,-27069.80801,-26736.74546,-27649.96878,-25427.5781,-25312.65633,-24933.96586,-26332.89201,-26350.29292,-25352.77839,-25829.64684,-26054.65796,-25774.00643,-24388.43214,-23774.41841,-26350.36479,-27508.78448,-27277.33194,-28086.76355,-27093.13753,-22025.73035,-22538.90738,-22087.08379,-21877.83871,-21336.99148,-22609.32011,-23199.40955
4.A.1,SE,-62044.45831,-61035.49325,-60250.47768,-56587.93755,-56335.7185,-56119.50874,-58107.00898,-58003.52093,-59135.26619,-58698.08165,-59764.12523,-61095.51348,-60544.82229,-58440.89446,-54480.39284,-52393.91957,-56066.42899,-57139.04049,-56813.33385,-59001.97159,-60486.52704,-59377.46321,-58319.51665,-58393.23772,-56039.58652,-54505.59144,-50190.49642,-45265.26666,-40913.31497,-38972.29745,-37274.84717,-36487.03209,-42176.77798,-46934.96725,-55623.07749
4.A.1,SI,-4582.56813,-4589.34959,-4725.47401,-4702.82466,-4719.68234,-4747.72153,-4750.38859,-4955.86167,-4944.93804,-4953.53949,-4954.95593,-4948.88439,-5964.21942,-5906.3955,-6002.12337,-6017.4591,-5939.15477,-6058.76127,-5912.48583,-5917.83431,-5926.86202,-6015.01244,-6081.85273,-4415.25553,1364.81374,1386.68364,1413.883,1431.31089,1445.45908,-4062.09436,-4114.98825,-4175.50565,-4103.3763,-4232.00652,-4224.00223
4.A.1,SK,-6293.95788,-7701.89759,-8441.61033,-8268.86969,-7574.83323,-7146.40327,-7067.71387,-6645.42432,-7458.22065,-6607.23705,-6659.05959,-6836.91342,-6771.46281,-5981.82942,-5508.14253,-1045.14327,-4206.32737,-3777.67298,-2723.03411,-3178.94255,-2262.28859,-2775.73759,-4468.08443,-5363.21092,-2885.96614,-3174.43005,-2924.01125,-2801.34908,-2070.88115,-2995.98598,-5639.88253,-5448.22623,-5091.86426,-6075.52067,-3834.93366
4.A.1,TR,-63645.23136,-65169.86717,-64843.40836,-64961.76587,-66937.94614,-65320.97272,-65195.88142,-67479.24124,-67978.04156,-68425.04705,-64334.57938,-67067.20038,-65308.6376,-66514.43956,-65289.80599,-66212.78421,-66591.6236,-65808.1051,-62252.56593,-64595.68955,-65358.909,-66971.71065,-65276.42527,-67062.23295,-66610.73474,-62451.44278,-62163.71116,-65054.50147,-59770.12106,-53564.08272,-47777.76235,-34230.98627,-44587.00177,-54964.19811,-55033.40338
4.A.2,AT,-2959.13839,-3068.56969,-3178.00203,-3287.44005,-3152.71526,-2976.88993,-2799.4869,-2622.07681,-2444.54451,-2383.48604,-2322.31932,-2261.15619,-2198.31975,-2134.59103,-2111.09476,-2086.43377,-2061.89184,-2037.34869,-2012.80433,-1941.55372,-1874.74874,-1807.94071,-1741.18055,-1674.41739,-1607.65124,-1584.53992,-1561.47223,-1538.40427,-1515.33603,-1491.76733,-1468.05928,-1444.35189,-1423.14695,-1401.9516,-1380.75625
4.A.2,BE,-11.06779,-27.51431,-43.9348,-60.3329,-76.70719,-93.05753,-109.38321,-125.68275,-141.95511,-195.1764,-215.10265,-237.8613,-257.98021,-278.07609,-298.14878,-318.30451,-338.44797,-358.57794,-378.6947,-398.80201,-421.87247,-460.07418,-498.29764,-500.59686,-502.94822,-505.35431,-525.75953,-546.20352,-566.56074,-586.94021,-607.3419,-627.76578,-648.21181,-668.67996,-689.34711
4.A.2,BG,-2781.51991,-2620.49602,-2440.27063,-2243.48504,-2041.98411,-1842.33682,-1640.68591,-1439.25318,-1236.56398,-1063.99464,-927.74261,-807.52638,-698.37967,-603.87005,-519.91163,-455.17737,-410.03381,-375.42053,-368.18424,-382.76227,-379.44352,-397.47103,-383.27656,-368.99083,-364.20534,-346.41816,-339.64385,-329.95917,-326.32005,-306.72959,-304.67987,-315.02748,-246.23011,-180.58698,-259.88398
4.A.2,CH,-779.81203,-873.20948,-890.15587,-911.07218,-902.74226,-915.48383,-933.33557,-924.13127,-902.99936,-903.15206,-733.88607,-862.21078,-862.71898,-808.67679,-808.51672,-803.84104,-728.54423,-737.93685,-758.76923,-773.13396,-771.6808,-765.02747,-775.57333,-776.17319,-769.91855,-782.71955,-799.00045,-797.23467,-721.93525,-762.68935,-765.29468,-762.65036,-756.47591,-757.30323,-761.67513
4.A.2,CY,-0.09643,-0.23746,-0.37847,-0.51948,-0.66049,-0.80148,-0.94245,-1.08345,-1.22441,-1.36535,-1.50634,-2.02429,-2.57483,-3.12762,-3.68266,-4.23995,-4.82203,-5.23039,-5.62439,-6.02324,-6.27915,-6.53899,-6.80192,-5.96843,-7.37051,-8.79167,-10.14752,-11.50338,-12.85923,-14.35202,-15.79268,-16.72447,-17.65626,-18.58805,-19.51984
4.A.2,CZ,-208.34614,-212.37109,-219.39604,-230.65892,-210.09731,-191.30468,-189.51698,-196.35325,-182.80696,-193.7837,-193.36395,-194.69409,-210.95179,-229.88729,-249.7117,-263.7599,-287.33458,-313.19075,-337.74374,-359.93797,-386.11547,-421.71658,-456.87673,-497.03377,-529.77573,-556.52492,-574.19315,-596.31804,-600.62997,-623.63504,-619.93532,-632.09789,-622.79166,-621.24324,-633.07706
4.A.2,DE,-878.65116,-1089.52289,-1058.42181,-1031.34295,-1003.57777,-968.83564,-1172.4677,-1175.64215,-1141.48333,-1130.44877,-1095.84921,-1318.21688,-1274.79966,268.2494,311.69584,345.02035,138.99478,183.16663,-415.02909,-382.49243,-349.52205,-1313.20048,-1239.906,-1839.21916,-1765.24723,-1684.5415,-942.58161,-894.50496,-895.36098,-861.68693,-814.50039,-1039.08668,-996.93728,-929.62732,-853.71207
4.A.2,DK,-1075.02923,-1121.02946,-1122.10529,-1123.2112,-1124.32167,-242.49558,-247.15927,-248.29375,-249.52759,-250.86079,-365.88736,-365.93228,-366.84241,-368.60446,-371.2333,-381.00959,-579.49857,-815.29914,-1051.14031,-1286.84485,-1514.04073,-1554.18375,-1273.97927,-1309.90937,-1239.44912,-1167.81156,-1117.05741,-850.29415,-1055.54074,-1362.2762,-1126.08766,-1120.84598,-1752.35226,-1481.59093,-1091.79303
4.A.2,EE,-362.2837,-371.35002,-380.39849,-389.43224,-398.45084,-407.45395,-416.4412,-425.41044,-434.36301,-443.29845,-452.21625,-461.11583,-469.99624,-478.85675,-502.9718,-539.49708,-548.37314,-541.49059,-542.21433,-573.22342,-592.78813,-610.35136,-633.08742,-618.73395,-646.06474,-642.00342,-643.37174,-657.35504,-665.2859,-681.21989,-666.18248,-651.31486,-646.49573,-646.26272,-629.48547
4.A.2,EL,,,,,-9.36642,-23.56837,-30.31891,-48.30639,-54.04341,-88.64044,-51.13856,-72.00943,-103.48652,-88.75337,-89.85958,-118.16555,-116.43454,5.88322,-87.8066,-101.96198,-136.20527,-124.5429,-119.01751,-139.28325,-140.0253,-107.53392,-107.11904,-49.38515,-44.41002,-60.46068,-48.34962,-44.24712,-40.98526,-18.14391,-15.91685
4.A.2,ES,-16563.52563,-16669.7922,-17131.44549,-17363.31495,-16911.34857,-17671.3173,-18011.76091,-18122.15812,-18251.22818,-18526.26116,-18623.2964,-19020.27656,-19245.28542,-19414.24452,-19708.96815,-19862.20927,-20088.59683,-20350.98853,-20386.92197,-20239.61541,-20366.66343,-20333.58389,-20013.2692,-20348.97208,-20382.44215,-20254.29592,-19865.52743,-19234.40982,-19045.00506,-18198.24957,-17461.0578,-16608.71228,-15538.65136,-14891.58142,-14043.44464
4.A.2,EUA,-59698.38948,-61294.07172,-62096.89602,-61742.35676,-62221.96212,-62043.04285,-61996.73229,-61500.91662,-60991.34069,-62516.29497,-62127.13378,-64954.11903,-64698.26538,-62297.22478,-63730.68785,-64895.00752,-66895.34478,-64268.2622,-66966.80953,-67763.09583,-68416.92411,-68812.89067,-67826.65864,-70254.10427,-69064.96136,-67879.73846,-67435.09368,-63197.91764,-66443.99115,-66093.42112,-64399.99105,-64112.14481,-63636.94506,-64937.56618,-65457.21359
4.A.2,FI,-208.36933,-203.621,-207.43433,-219.56,-222.75733,-235.54667,-246.54667,-259.22233,-272.09967,-290.50633,-318.57467,-378.246,-432.38433,-488.488,-527.50133,-526.834,-513.106,-498.05433,-479.094,-448.75967,-414.50933,-376.68767,-339.52233,-310.86733,-285.60033,-274.32533,-265.19167,-259.05733,-247.54767,-229.21067,-211.19633,-193.809,-177.01567,-167.61433,-227.41767
4.A.2,FR,-19644.75544,-19394.10457,-19220.50698,-19039.17721,-18853.47473,-18665.38469,-18466.47499,-18279.61454,-18080.02758,-17884.9666,-17680.98513,-17436.68295,-17195.31068,-16953.23197,-16697.15686,-16445.37837,-16173.65829,-15916.08537,-15652.56374,-15362.44291,-15153.53246,-15186.49247,-15216.03294,-15125.23277,-14892.98103,-14674.8551,-14677.03173,-14784.68903,-14920.84,-15058.02555,-15096.70667,-14982.69341,-15074.08198,-15116.77766,-15096.77819
4.A.2,HR,-32.71654,-29.64679,-30.1896,-29.09028,-30.36537,-31.0764,-31.06388,-31.43897,-32.20535,-32.66431,-33.67736,-35.06203,-35.55251,-36.00794,-36.19049,-7.64035,-19.18431,-12.76292,-60.12835,-39.80505,-66.30451,-68.67871,-122.64425,-131.79504,-149.93232,-200.00441,-291.90907,-260.17976,-311.43937,-327.38404,-332.16544,-331.06577,-324.62843,-328.58595,-324.72862
4.A.2,HU,-373.36629,-444.13984,-513.49492,-605.00487,-644.67403,-680.46795,-730.74375,-807.04246,-898.86516,-989.25773,-1090.08082,-1205.52225,-1348.32758,-1512.3287,-1639.60539,-1633.68647,-1619.675,-1639.94135,-1733.80352,-1725.34433,-1691.69885,-1678.49551,-1621.06861,-1606.94735,-1604.07799,-1583.68137,-1524.98085,-1454.23922,-1398.14873,-1337.70031,-1265.89013,-1166.66678,-1079.9107,-1062.51239,-1033.29229
4.A.2,IE,-1027.85098,-1160.15435,-1276.6762,-1233.72182,-1466.58535,-1565.78136,-1736.67749,-1974.73762,-2029.23528,-2269.05949,-2528.12527,-2796.93127,-2774.89136,-3195.74813,-3436.68522,-3440.06608,-3675.11866,-3738.83995,-3280.44475,-3967.89803,-3988.23812,-4114.17046,-4241.75747,-4147.26667,-4290.06245,-4253.04492,-4383.92163,-3886.82698,-3935.58304,-4150.39214,-3759.69345,-3913.76671,-3564.88703,-3791.3846,-3836.16846
4.A.2,IS,-29.55037,-31.18239,-36.31418,-41.605,-44.77432,-54.87943,-58.90086,-65.36709,-73.59824,-79.88672,-90.04026,-95.76823,-104.44042,-114.44937,-121.08703,-137.80178,-145.44013,-153.89633,-160.52664,-173.52272,-192.88958,-215.62851,-230.88399,-250.42266,-272.55899,-295.53842,-319.17337,-355.68446,-383.46353,-384.23235,-382.92427,-379.67314,-417.42725,-409.96251,-415.85271
4.A.2,IT,-3409.12774,-4597.9035,-4592.13157,-3702.00467,-4862.31529,-5394.36976,-5766.57278,-5002.61044,-4949.49912,-5856.42942,-6166.15227,-7374.04107,-8159.50678,-7412.74842,-8366.94355,-8960.86946,-9146.29348,-6640.59491,-7939.96368,-7994.12483,-8273.53632,-7577.78404,-6730.02048,-7728.79663,-7631.58088,-7593.63921,-7875.25366,-6819.30625,-9609.39099,-9415.96264,-9308.55302,-10484.06401,-11482.63726,-13990.45548,-15794.84309
4.A.2,LI,-4.28316,-4.81261,-4.54688,-4.75572,-4.14236,-4.67418,-5.03181,-4.5535,-4.80437,-4.99022,-3.93428,-4.80682,-4.63719,-4.41795,-4.18228,-4.08715,-3.94916,-3.72252,-3.60643,-3.8865,-4.06728,-4.39695,-4.39815,-4.52685,-4.50519,-5.1686,-5.35712,-5.65848,-5.83444,-6.26232,-6.63868,-6.8929,-7.10388,-7.29478,-7.63415
4.A.2,LT,-448.86165,-580.28051,-634.2639,-670.91668,-715.05187,-737.3225,-736.48408,-734.88344,-750.49042,-753.07451,-717.6682,-965.01296,-690.34566,-479.43471,-439.20558,-429.67049,-505.53999,-567.0264,-598.6867,-712.92831,-804.86839,-716.33419,-657.95449,-920.97121,-924.21841,-856.27431,-1067.68941,-914.87983,-1056.32284,-1177.4362,-1273.93903,-1293.0499,-1453.5526,-1589.66261,-2018.73827
4.A.2,LU,-43.16995,-43.16484,-43.2133,-43.34037,-43.4973,-43.61212,-43.69251,-43.71656,-43.32245,-42.89164,-41.91154,-41.34836,-40.80222,-40.30522,-39.74217,-39.2159,-38.2959,-37.37381,-36.90465,-34.04304,-32.12177,-30.2331,-28.30885,-26.25898,-24.30914,-22.4224,-20.72728,-18.68297,-17.03803,-15.33051,-14.03491,-12.73323,-11.42124,-10.04191,-8.73793
4.A.2,LV,-36.16161,-49.18594,-62.48304,-75.83133,-91.52407,-108.22624,-132.74095,-160.9057,-187.94187,-220.3857,-253.08431,-281.91737,-312.49302,-344.8285,-378.33879,-414.30092,-452.11068,-491.79931,-533.39808,-559.8361,-486.86975,-481.92569,-477.16291,-472.74182,-485.10988,-498.95865,-487.45236,-477.68579,-464.12484,-456.60683,-442.06346,-449.79851,-458.35111,-467.94169,-473.35355
4.A.2,MT,,,,,,,,,,,,,,,0.17448,-0.12747,-0.12747,-0.12747,-0.12747,-0.12747,-0.12747,-0.12747,-0.12747,-0.12747,-0.12747,-0.09893,-0.16528,-0.16528,-0.25401,-0.19662,0.08574,-0.54572,-0.50316,-0.50316,-0.10002
4.A.2,NL,-919.5197,-902.13624,-886.7327,-870.8204,-855.75872,-841.46342,-827.97205,-815.84409,-804.4432,-794.36768,-785.00712,-777.09111,-770.42629,-765.26876,-765.97089,-761.27253,-808.52633,-809.34775,-811.0734,-796.92324,-813.56066,-832.69681,-854.4378,-856.63736,-764.59741,-735.07456,-706.84077,-703.2007,-697.15019,-691.86594,-687.8803,-676.75042,-685.70959,-678.32838,-668.97564
4.A.2,NO,-452.68363,-448.579,-443.74894,-439.90999,-434.3869,-434.00047,-409.91156,-406.50421,-415.41647,-409.92709,-441.17908,-456.84845,-474.80939,-493.7686,-493.45457,-479.2382,-487.38761,-461.05658,-481.59516,-493.84377,-545.15792,-592.42159,-647.75063,-679.5588,-707.4878,-728.88293,-744.30127,-786.61524,-792.70573,-810.45089,-804.72626,-797.92175,-806.33529,-825.63388,-837.17465
4.A.2,PL,-2894.33864,-2989.17994,-3105.27145,-3447.52575,-3284.05963,-3172.06026,-2862.8008,-2880.54202,-2499.26488,-2696.94863,-2516.75546,-2794.23802,-1927.66086,-1670.77911,-1546.37535,-2261.85293,-3059.05076,-2503.25421,-3152.92725,-3285.85191,-3641.01167,-4056.82474,-4615.57928,-5323.99002,-4770.05366,-4594.92126,-4976.68089,-3967.65436,-4603.85112,-4666.67704,-4924.08849,-4645.34622,-4211.47885,-3877.13519,-3428.36343
4.A.2,PT,-1188.00164,-1056.16025,-1218.33645,-1347.41545,-1527.37355,-1789.54913,-1427.49065,-1693.71136,-1775.63944,-1858.16967,-1656.33502,-2001.74438,-2022.59598,-1888.3801,-1992.64638,-1951.69764,-2320.6892,-2487.93921,-2760.58673,-2833.64802,-2749.52252,-2493.34396,-2410.6989,-2349.70462,-2245.47856,-2175.00355,-1964.97359,-1766.59852,-1602.84589,-1459.1684,-1350.55552,-1116.31004,-978.79168,-894.16085,-792.05783
4.A.2,RO,-2290.78449,-2247.62361,-2205.2861,-2161.84481,-2117.90714,-2074.68063,-2031.87842,-1989.89084,-1947.58476,-1904.79116,-1859.49278,-1823.33189,-1787.71042,-1752.34259,-1722.4587,-1699.43531,-1716.23475,-1745.57711,-1770.12994,-1798.24152,-1820.32673,-1842.69449,-1883.85077,-1902.09337,-1872.08977,-1838.61972,-1805.09282,-1770.2514,-1733.18252,-1691.22595,-1638.98676,-1582.36384,-1519.57559,-1444.19481,-1362.4394
4.A.2,SE,182.0141,147.2432,79.39373,70.25713,5.09694,31.19102,-9.5164,-24.86592,-162.5024,-220.13137,-235.39569,-281.48751,-290.76644,-361.83498,-561.6975,-637.4967,-758.65213,-807.74347,-855.16723,-937.72689,-877.92725,-861.20012,-887.25097,-748.15197,-721.86669,-567.33878,-632.88553,-464.11543,-279.22777,-499.57082,-340.50167,-248.1888,-272.96471,-255.60093,-354.61724
4.A.2,SI,-232.90085,-316.27295,-400.28047,-484.81948,-569.88997,-655.49193,-741.09458,-826.94717,-913.3269,-1000.23375,-1087.66775,-1175.62888,-1264.11714,-1258.83085,-1253.83575,-1248.78534,-1243.67963,-1240.61115,-1233.3536,-1226.09644,-1218.83968,-1124.61133,-1030.38801,-941.94137,-852.44707,-761.90511,-671.16322,-575.04238,-477.83458,-379.25924,-279.7433,-179.28676,-77.88963,-76.17261,-74.46713
4.A.2,SK,-2290.82033,-2246.85745,-2205.63567,-2151.80304,-2012.59508,-1661.13953,-1586.81885,-1570.68286,-1507.15174,-1425.10126,-907.79776,-845.01975,-816.75762,-804.90502,-782.62184,-752.90092,-548.96368,-522.68674,-482.29272,-366.08078,-356.24969,-340.98603,-344.16031,-357.4552,-365.2487,-391.75555,-396.26043,-367.00489,-361.90082,-350.09075,-342.09129,-335.53126,-330.08716,-328.2375,-345.19856
4.A.2,TR,20.69581,14.87433,5.37751,-37.21602,-29.06381,-80.37455,-92.61606,-123.20932,-127.46511,-137.4642,-121.0625,-138.01784,-143.08952,-186.12053,-194.48992,-238.64911,-244.76926,-288.13624,-292.3298,-356.42925,-371.19812,-392.38911,-354.23544,-356.49727,-347.41684,-335.96783,-322.30099,-329.39602,-340.66894,-333.65939,-331.67334,-336.63281,-321.38682,-423.87229,-338.9252
4.B,AT,373.83949,367.21045,360.59936,354.01239,359.06722,328.8847,300.65812,273.12818,250.99742,215.88157,173.10639,96.50887,76.15318,73.18558,67.90457,74.08545,62.61629,27.93396,83.25728,54.86725,59.57487,57.69177,45.19654,60.59547,82.00224,121.90035,191.10925,253.40271,282.16196,305.34651,350.53161,436.2659,461.34903,412.66384,443.28489
4.B,BE,525.91158,536.27158,547.10039,558.17039,570.3423,583.15944,596.33505,609.75854,621.85723,636.34325,654.79044,668.77735,685.97776,703.17358,631.74524,660.56248,674.51424,686.09569,705.46874,724.02144,744.57976,754.09248,760.3037,769.15021,777.51678,789.35887,792.08633,798.54652,805.48298,818.10591,825.19342,830.71284,831.25926,858.60469,843.8748
4.B,BG,276.20487,271.04606,274.87612,287.70286,332.05165,373.46921,370.04788,371.43965,305.77863,702.9278,287.2705,304.85146,312.60598,352.46301,303.38656,211.24239,315.44017,272.00466,475.99395,416.2529,860.90071,848.04836,1087.53671,1787.65428,657.83247,941.47604,672.47264,754.44382,727.42435,653.54651,794.38414,717.5831,577.80586,849.24643,718.94206
4.B,CH,498.51192,366.28914,577.08697,775.8775,709.41215,748.14089,412.07182,390.6676,168.52192,334.8527,812.02876,653.9376,529.77028,-85.58897,-65.45961,545.88488,50.66297,377.11028,281.18295,316.52818,384.92127,-36.59899,579.12089,495.02343,403.07359,384.01529,824.60659,679.65021,-105.23272,81.4111,430.05945,834.01668,326.07533,10.00541,797.39819
4.B,CY,1.55585,0.91909,0.28234,-0.35442,-0.99117,-1.62792,-2.26468,-2.90143,-3.53819,-4.17494,-4.8117,-5.36419,-5.8703,-6.37641,-6.88252,-7.38864,-7.89151,-9.66837,-9.66242,-9.65647,-9.01377,-8.37107,-7.72836,-0.55122,0.16699,0.88519,1.55818,2.23116,2.90414,3.63193,4.33195,4.87563,5.4193,5.96297,6.50665
4.B,CZ,255.606,239.2228,241.69702,315.75603,260.28098,241.29771,247.48513,234.32106,406.78432,267.28598,229.6469,182.92636,161.97966,197.28279,205.22834,190.93118,178.60706,156.22196,211.31091,191.00913,216.26606,330.27417,194.14457,203.80105,195.60967,185.89554,188.26766,164.23835,85.30511,86.8323,88.7965,91.32568,90.04299,91.65579,87.74561
4.B,DE,25789.58629,14857.78044,28170.70163,21066.02203,30922.86758,27291.70202,14030.68442,26274.14528,25262.74273,23498.22481,29090.34279,17145.82228,36857.08359,11967.61603,22526.91337,22154.99861,27446.97315,32591.7613,12347.77591,14819.75604,18688.378,21500.68788,8738.47867,20322.3012,19717.45544,15189.2481,19088.68145,23517.23874,8601.50566,19138.14857,15922.46657,19302.6773,15449.12329,29580.5559,16833.12152
4.B,DK,6352.50547,5598.74141,6695.37449,5608.70991,5032.61673,5207.43926,4524.87645,4895.635,4726.76242,4944.94605,5003.75041,4312.73896,5270.30808,5015.19181,4751.80173,4490.32117,4982.10312,5460.17908,4854.82617,4154.23312,3394.15109,3735.4788,3389.14308,2994.72869,3567.45473,2653.3908,2737.56503,2250.13061,3363.42419,2777.68723,2267.79548,1741.26037,1602.2015,2117.22259,1684.02572
4.B,EE,856.068,1071.85958,1029.49368,873.45012,718.18507,669.8422,588.09822,634.93376,670.37385,638.93136,638.76702,528.44776,507.17341,577.53221,334.42135,457.41978,419.63878,673.52936,581.4517,556.60651,411.07482,324.15019,320.7137,467.3136,594.03392,651.45979,663.07968,614.2022,609.21242,664.861,715.35349,881.25118,975.59073,1009.25463,1015.20616
4.B,EL,-802.50909,-862.3691,-841.74388,-1097.80508,-1038.61986,-1131.26642,-436.33964,-1100.57877,-946.03149,-1160.64093,-1068.22032,-836.30668,-948.36635,-627.99799,-713.10966,-860.88734,-860.4759,62.74771,-952.86052,-811.0466,-623.47254,-910.29094,-965.02148,26.46084,438.16834,-307.61566,-774.14485,-642.41282,-994.46143,-1319.25674,-1206.99301,-1313.43094,-1217.54592,-1146.11621,-1190.18703
4.B,ES,1829.90117,1803.95904,1770.84398,1739.66105,1713.59695,1681.19922,1652.21237,1621.06838,1594.52815,1568.76594,1546.2413,1339.10502,1299.30103,1257.39626,1214.54106,621.55106,-434.67349,744.67815,547.10351,704.5297,-1423.92831,-1842.7579,-759.79043,1344.22588,-98.8694,-2397.56057,-2807.60317,-3138.04289,-3129.59431,-2972.40175,-2704.20815,-3372.58651,-3258.38403,-3589.44714,-3194.60506
4.B,EUA,74912.19978,63298.0855,77258.62628,66058.37256,75667.69808,70704.77314,55786.94576,66013.67426,65926.69258,63502.70356,67420.26065,49432.7312,69121.25294,42060.2423,51620.63432,51760.95179,58569.13886,68310.20202,49282.37613,52005.59564,53785.15677,56916.84075,44042.45927,55968.86757,53244.45982,44476.52541,44018.61204,48723.85382,34156.21129,45068.49308,43794.42146,46615.64708,45071.20002,59744.1767,44935.01565
4.B,FI,5262.28083,5240.45867,5266.81283,5293.31917,5285.34967,5609.36017,5970.38567,6100.32133,6985.924,7661.93633,7621.41233,7845.65467,8036.31217,7797.36833,7538.81333,7488.591,7536.0175,7250.83517,7275.1525,7406.52,7867.9975,7826.27817,8137.195,8061.0475,7987.573,7656.58483,7662.78333,7557.902,8097.85717,7900.58867,8125.9695,8630.64033,8642.4965,8237.51683,8432.09767
4.B,FR,24818.02094,26946.25791,26041.47479,24962.75945,24108.83446,22227.61346,20894.33087,19350.26752,18226.28849,16813.25095,15247.51052,12473.1477,11199.66162,10367.73473,11447.84873,13204.17504,15715.63522,17951.13258,19776.61623,20159.44846,19679.05918,19173.26618,17798.72415,16611.31886,16112.55296,15796.39215,13882.1797,13324.25767,12536.04151,15043.83727,14233.67273,14794.70374,14485.68183,15108.76625,13914.11584
4.B,HR,110.41082,122.58432,123.89227,125.20021,126.50815,127.8161,129.12404,130.43198,131.73993,133.04787,134.35582,135.66376,136.9717,138.27965,141.43711,142.14371,143.30444,351.8681,369.97213,407.71286,415.49479,438.66672,454.85102,267.59264,260.57221,311.13664,257.34812,256.61077,248.03405,245.89549,242.97438,240.29402,240.21391,235.10458,234.86755
4.B,HU,47.85862,140.07852,108.3409,14.80924,-11.01607,-43.03742,-70.41784,-93.32194,-143.52151,-179.4903,-219.40229,-177.84173,-252.89428,-269.4965,-275.24382,-295.46317,-322.39289,-340.95949,-307.28041,-342.43325,-331.66708,-283.32416,-249.5855,-268.97409,-172.94414,-91.55355,121.44084,3.41122,-14.53913,16.07635,74.73354,73.04903,96.44637,124.60149,76.46806
4.B,IE,-48.15192,-48.66861,-49.54955,-45.89734,-48.79477,-44.74403,-49.03285,-46.08853,-44.21357,-39.22656,1.29519,166.24053,186.02265,106.87294,100.00476,42.65177,-27.423,-9.60741,82.50259,-13.07823,-113.18124,-69.10618,13.31471,-4.84905,-51.20448,-71.3402,-92.59008,-92.01876,-154.82155,-142.3914,-125.21226,-101.30859,-83.40594,81.61448,10.56865
4.B,IS,2123.78022,2111.57481,2098.51195,2086.20899,2074.49133,2063.05393,2051.33272,2039.2337,2027.87538,2016.34837,2005.917,1995.08288,1985.46143,1976.01855,1968.5378,1961.0572,1953.57673,1946.0964,1938.61621,1888.71016,1856.92044,1824.97936,1792.88551,1760.63744,1728.23371,1696.81771,1663.30499,1630.42972,1597.39274,1564.19249,1530.82738,1497.29579,1563.23007,1550.12177,1581.596
4.B,IT,1865.87114,317.75743,789.36067,274.71785,84.79387,1138.02359,1860.24031,1320.94634,1026.14119,567.98844,796.33529,-1363.65693,-770.16284,-430.23607,-751.08459,-602.27453,-1197.24325,-1182.45202,-562.15926,-649.844,184.35257,1622.92479,2705.56985,2248.29039,2098.3242,1584.91892,-260.77131,-140.58441,164.4126,32.7173,2998.70507,1326.10434,1344.9186,1239.5517,77.23356
4.B,LI,4.38636,4.38405,4.47041,4.4137,4.39227,4.29602,4.39183,4.36004,4.44924,4.35829,4.30463,4.33031,4.39701,4.81145,4.39461,4.25338,4.26228,4.24783,4.21736,4.17663,4.21159,4.17812,4.16817,4.15034,4.19932,4.0172,4.00306,3.99648,3.92598,3.74748,3.6204,3.58049,3.51663,3.44253,3.20875
4.B,LT,768.83983,753.63342,819.20872,737.04266,856.05788,782.18628,440.73802,669.69006,1013.9177,1271.85192,1250.44447,1076.27132,1006.44074,623.96419,722.9111,627.50901,1704.848,1645.98019,1627.43712,1059.20178,-38.01284,566.28542,338.34412,314.94128,385.80843,-270.21161,-470.827,-38.94156,-75.04218,-33.90248,-47.10622,23.60831,169.54976,36.48528,-310.44674
4.B,LU,78.31009,78.20988,78.12704,78.17711,78.10295,78.16209,78.20099,78.16076,76.98637,75.6848,79.50567,78.07212,76.5135,75.08933,73.63511,72.27631,70.31532,68.6498,54.45103,50.1172,49.32859,39.8117,10.28591,-7.95368,-34.83931,-46.11445,-61.80344,-69.37197,-71.80424,-74.07749,-73.87289,-74.48214,-75.01136,-75.58953,-79.09735
4.B,LV,2210.88725,2674.83085,2643.75874,1864.56066,2357.90722,2779.51571,2145.63977,2412.46038,2374.33869,3139.58185,3010.88521,2314.78357,1541.43012,787.91055,220.82479,24.07382,-45.15193,15.64853,180.64337,581.20895,341.42143,187.58356,89.80103,43.04109,-158.98358,-262.09572,-162.55352,-17.52162,103.75501,44.81013,-71.81497,-62.13814,-187.34276,-182.35954,234.57715
4.B,MT,4.04931,2.82709,2.72727,2.29658,1.03332,1.14337,0.46931,0.50079,0.52257,0.55524,0.46479,0.46479,26.57061,27.00813,1.18076,1.05531,4.38397,4.54356,18.49165,19.12612,19.91566,6.84134,7.08927,7.22763,7.99872,8.33613,8.2957,4.33476,4.33476,4.33476,4.33476,4.67434,3.28247,2.20108,4.36061
4.B,NL,3407.69041,3296.94896,3313.4556,3157.51643,3222.97653,3085.23884,3003.32063,2856.47084,2998.13447,2925.15205,2862.56281,3119.7581,3334.3045,3017.88255,3114.85014,3093.52729,2923.05285,3062.11048,3145.59561,3181.28934,3272.21932,3382.83976,3236.47173,2972.72171,2996.69761,2970.15319,2779.0405,2773.67939,2626.91568,2489.03855,2405.9652,2389.19279,2280.67138,2410.3905,2595.7222
4.B,NO,2015.38036,2010.37062,2006.75833,2007.13275,2008.80388,2087.13644,2064.31289,2161.99855,2170.71781,2106.07963,2074.00792,2154.74398,2081.75638,2086.28858,2089.92158,2097.57843,2187.63668,2176.87185,2170.42376,2214.35781,2266.59447,2207.40891,2227.56949,2432.70545,2372.45297,2449.0405,2439.31291,2452.92047,2351.50304,2310.41687,2205.80259,2239.28267,2217.82123,2235.71141,2245.16025
4.B,PL,-4557.93029,-5028.38215,-5085.96483,-5143.13852,-5200.97822,-5256.49974,-5314.54148,-5299.79949,-5273.40351,-5251.03502,-5208.65097,-5303.15303,-5189.6563,-5091.74188,-4978.61139,-4794.73908,-4739.39384,-4718.62363,-4526.35977,-4619.5796,-4584.52714,-4588.04799,-4537.0392,-4463.21591,-4408.55458,-4407.28469,-4337.35425,-4222.47127,-4228.2436,-4165.3218,-4039.59687,-4064.19245,-4007.56094,-3985.81214,-3290.71048
4.B,PT,850.4907,771.56928,279.20662,255.67233,495.91417,323.20093,427.2586,376.34897,525.31881,407.05547,456.6379,445.42987,504.50443,830.06457,512.4575,527.86585,448.89815,416.10032,235.68675,243.10231,249.22175,405.86536,468.42886,521.95832,489.73014,548.092,547.77671,1004.00462,419.64909,437.7983,394.5474,365.47642,387.27896,300.275,332.26434
4.B,RO,1158.43791,1147.54769,1137.12173,1123.47615,1112.71304,1098.99308,1086.04362,1073.46338,1060.85053,1049.41606,1178.97056,1173.03568,1159.48879,1153.92945,1152.20463,1155.13167,1123.31464,713.38852,713.4589,1505.23119,1870.79095,739.59812,-474.98572,-1149.32728,-854.55237,131.55433,506.12769,855.99918,1238.47663,1613.29332,618.72926,1820.12011,2634.25074,3111.42064,3257.13069
4.B,SE,3687.88726,3248.21547,3680.8234,3686.64116,4460.61146,3849.31315,3676.57495,3693.88079,4386.24479,3755.61332,4105.17224,3790.61561,4245.15286,3871.27843,3774.61742,3365.18154,2922.1016,2756.91051,2777.88412,2634.55245,2991.69008,3102.5357,3752.41909,3151.8215,2972.49299,3071.26333,3318.06787,3413.22847,3405.58778,2001.02751,2476.89427,2453.82877,4111.60616,3430.80249,2582.45511
4.B,SI,247.20183,111.98898,110.82401,111.75637,113.18842,115.86623,110.88407,111.68901,113.71906,114.45829,114.66876,117.05285,115.33772,130.69986,133.0345,135.74927,138.08591,120.53662,122.35836,124.48618,126.80664,131.47125,134.55846,151.32892,160.55095,166.38982,169.64987,127.84525,129.57714,128.07884,130.31525,123.01864,123.35924,122.77431,121.44036
4.B,SK,-458.6246,-362.41355,-250.21905,-145.86225,-244.90144,-411.47807,-474.06625,-532.6976,-422.5505,-251.62804,-562.7914,-196.31487,-451.09109,-585.83281,-624.19581,-419.33916,-606.06575,-461.34331,-546.74002,-542.03912,-534.26408,-555.65272,-645.96022,-463.78229,-478.13408,-448.1342,-601.27088,-590.48831,-627.3445,-629.81173,-612.46869,-646.87701,-612.09692,-643.17022,-505.9469
4.B,TR,0.69043,84.42297,153.00271,137.82998,218.32433,152.31636,139.74224,76.21819,148.11046,112.51861,37.40586,90.25648,311.04811,181.81676,431.62694,206.42351,442.04936,288.66719,467.4497,206.61729,451.45319,203.60293,421.59688,215.75253,305.44191,454.44747,451.45553,297.19438,474.52679,211.89083,456.10615,209.12509,433.38407,236.16377,343.42
4.B.1,AT,201.10397,193.82132,186.53812,179.25536,184.50536,182.29956,154.57507,127.53879,105.90803,70.8245,28.07758,-48.50061,-84.01891,-86.02201,-93.6147,-81.68731,-81.39401,-114.44878,-67.33367,-85.95101,-83.67634,-86.75028,-93.66603,-81.05673,-58.19482,-9.95656,40.37495,88.34988,109.25493,133.72035,178.70269,262.94714,294.68912,243.58587,253.0418
4.B.1,BE,483.30935,479.47155,475.73196,471.86296,468.72527,465.86222,462.98705,459.98915,455.29585,452.60994,453.51461,449.58839,448.51636,447.06916,356.6272,366.49073,361.172,353.16618,352.63518,350.96706,348.49844,347.08219,342.68846,344.027,344.50065,348.84585,343.456,342.12472,341.25297,346.37308,346.24729,344.86917,338.80664,359.85917,341.14989
4.B.1,BG,227.62552,225.32431,231.93968,247.69633,294.84006,339.12005,338.56115,342.81535,280.06015,278.68551,230.0219,250.3737,260.90869,303.47388,257.20201,167.87206,274.8937,234.35437,298.18663,312.74667,337.2947,327.58536,316.89366,313.26814,274.30488,281.74565,256.44343,324.92684,310.33824,273.48442,264.56009,242.73031,171.09153,240.73568,216.78837
4.B.1,CH,459.79964,326.30166,539.33467,737.78509,666.45571,707.6046,369.93698,357.7688,131.40111,297.04926,769.51163,618.8233,488.92923,-115.03096,-95.15959,511.32343,13.86957,334.96646,226.66673,259.28847,326.67343,-93.27937,518.5333,434.83194,341.19368,325.37649,748.23319,609.75946,-190.57262,32.35984,377.87983,776.85276,266.06888,-53.05963,714.66668
4.B.1,CY,1.82412,1.11923,0.41435,-0.29054,-0.99543,-1.70032,-2.4052,-3.11009,-3.81498,-4.51987,-5.22475,-6.5144,-6.98359,-7.45278,-7.92197,-8.39116,-8.86035,-10.17842,-10.16411,-10.14979,-9.43059,-8.71139,-7.99219,-6.74161,-5.97158,-5.20154,-4.4315,-3.66147,-2.89143,-2.12139,-1.35135,-0.81702,-0.28268,0.25166,0.786
4.B.1,CZ,-12.68404,-10.37278,-8.86324,-8.52255,-7.95122,-7.16576,-6.64778,-6.27246,-6.23168,-5.81882,-4.32946,-2.07152,-0.58288,0.80356,1.0722,1.68951,1.78428,1.1627,1.2969,-0.93679,-1.00865,-2.0896,-3.48501,-2.87616,-2.35189,-1.97076,-1.73899,-2.93422,-3.72944,-6.39473,-9.10367,-12.77841,-16.99327,-22.03023,-26.11034
4.B.1,DE,15822.59341,4997.67652,18073.86607,11443.2446,21084.14344,17188.14155,4168.67964,16524.60721,15871.77497,13696.71099,19155.55281,7587.44441,27245.69289,2090.06302,12984.3426,12191.36048,17410.17065,22926.10199,2516.01012,4852.20314,8710.76063,11545.07105,-1304.45753,10249.03915,9500.48324,4978.28621,8881.9464,13894.05806,-1399.67255,9557.00321,6359.00822,10441.31083,6632.87509,21442.41404,8623.09887
4.B.1,DK,6289.30374,5521.04323,6620.12013,5535.89936,4962.25001,5139.51635,4459.39736,4832.59973,4666.17097,4886.79841,4948.04659,4259.4996,5219.53317,4966.88134,4705.95572,4418.75419,4913.4636,5393.62127,4789.54554,4091.29103,3333.32559,3675.64569,3387.58172,2991.02199,3548.79001,2608.78683,2717.81356,2259.38345,3337.53892,2794.31952,2239.06436,1711.49181,1610.80366,2042.88792,1646.3504
4.B.1,EE,578.18064,580.75846,509.44634,324.47461,140.30505,63.08188,-47.51759,-29.5137,-22.87752,-83.09701,-112.0106,-251.05047,-301.01569,-259.30652,-259.60238,-141.73476,-170.25278,-120.75646,-99.73921,-61.78066,-227.46743,-263.17123,-230.62766,-72.62331,99.91338,178.35109,220.58131,214.60214,248.51931,343.02042,388.52825,583.82969,742.82437,814.6125,817.71439
4.B.1,EL,-818.47169,-884.50972,-854.06212,-1110.21261,-1050.93347,-1143.63651,-448.75271,-1112.90241,-958.4042,-1173.06465,-1099.76891,-877.18398,-976.24195,-655.90331,-740.97118,-888.71679,-888.32656,34.85953,-980.72455,-838.92493,-645.27894,-926.00602,-980.72688,10.7654,422.50705,-323.37946,-789.98526,-658.28142,-1010.32359,-1334.75658,-1223.35374,-1328.45765,-1235.05727,-1162.83471,-1224.5033
4.B.1,ES,-206.76229,-268.69868,-330.63377,-392.56752,-454.49985,-516.43068,-578.35994,-640.28753,-702.21335,-764.13726,-826.05914,-887.98952,-949.97284,-1011.9517,-1073.92577,-1660.87045,-2717.12118,-892.36149,-1053.08932,-811.52,-2586.22372,-2915.25614,-1801.47993,50.98352,-1321.08171,-3535.01031,-3845.15314,-4133.79995,-4085.95942,-3973.74084,-3663.90371,-4290.86125,-4146.34053,-4437.09053,-4016.55785
4.B.1,EUA,31925.9803,18810.37451,33283.05302,23415.35011,33543.98835,29405.95182,15604.00337,27222.02786,27733.00752,25093.41208,29562.62018,13824.55691,33450.99884,6139.27066,15927.35595,15682.81344,21430.69652,31989.5198,12655.17117,15915.19396,18740.74959,21582.79231,8801.6866,21300.16721,19773.51868,10072.51382,11341.68883,16653.1152,1653.14894,11194.79271,11247.3375,13775.09887,11063.58634,25032.12438,11583.79257
4.B.1,FI,4331.56167,4295.731,4297.601,4294.88033,4292.013,4618.27667,4905.64067,4883.55267,5646.388,6159.846,5909.59233,5909.29533,5852.462,5419.348,5113.9,5131.24333,5220.40933,5132.33967,5198.512,5116.29067,5397.05833,5302.891,5485.73667,5392.63267,5386.30767,4970.32067,4978.33233,4865.57133,5337.33933,5191.36933,5565.17133,6146.03,6310.59367,6090.348,6407.313
4.B.1,FR,1508.99473,2158.7036,2147.55362,2016.47189,2084.3813,1245.00624,896.18966,373.25186,209.87446,-584.90181,-1526.06889,-3082.56439,-4116.00113,-5002.61785,-4036.83081,-2370.89703,95.33469,2084.66367,4031.86921,4450.20947,4149.45077,3810.74008,3136.69625,2525.97452,2380.98205,2349.9868,1941.77075,2184.48838,1610.77821,2604.7876,2494.88421,3152.38273,2947.48089,3061.79956,2732.16465
4.B.1,HR,88.94056,98.1468,97.68427,97.22173,96.7592,96.29666,95.83412,95.37159,94.90905,94.44652,93.98398,93.52145,93.05891,92.59638,92.13384,91.6713,91.20877,284.30418,293.91807,303.53197,313.14586,323.22229,333.29872,140.65399,141.96397,175.51539,142.15923,147.82718,142.09229,142.79555,142.71626,142.87773,145.63944,143.37193,145.9077
4.B.1,HU,21.65054,68.17738,37.42945,-2.30233,-41.35448,-87.57366,-130.75431,-174.75606,-226.92253,-272.60406,-325.74565,-323.22357,-409.43104,-419.21216,-433.53589,-451.22892,-473.65406,-472.86235,-464.95005,-471.40724,-475.54685,-420.38608,-397.77689,-367.75152,-299.21088,-255.48317,-108.01561,-160.03025,-136.23734,-135.95438,-59.51339,-45.90631,-34.72243,-14.37627,-39.68495
4.B.1,IE,-48.15192,-48.66861,-49.54955,-45.89734,-48.79477,-44.74403,-49.03285,-46.08853,-44.21357,-39.22656,1.29519,166.24053,186.02265,106.87294,100.00476,42.65177,-27.423,-9.60741,82.50259,-13.07823,-113.18124,-69.10618,13.31471,-4.84905,-51.20448,-71.3402,-92.59008,-92.01876,-154.82155,-142.3914,-125.21226,-101.30859,-83.40594,81.61448,10.56865
4.B.1,IS,1404.76093,1442.99782,1487.93132,1526.93252,1561.36469,1593.60978,1628.0722,1665.48599,1697.11729,1730.06705,1754.46286,1782.00479,1800.07893,1816.75998,1818.12114,1819.48244,1820.84388,1822.20546,1823.56718,1804.21274,1776.87025,1749.3764,1721.72979,1693.92896,1665.97245,1637.8632,1609.59532,1581.16728,1552.57753,1523.82451,1494.90664,1465.82228,1469.76463,1448.84584,1431.20236
4.B.1,IT,1117.15716,-569.97856,-188.50357,-800.13496,-1081.82921,-120.93899,800.1907,408.61902,263.84069,-45.89834,333.2484,-1826.74382,-1233.24973,-893.32296,-1214.17148,-1065.36142,-1660.33014,-1645.53891,-1025.24615,-1112.93089,-278.73432,1251.6982,2424.47152,2064.18062,2005.9847,1584.91892,-496.69573,-526.50627,-379.09964,-655.01329,2170.46358,577.4912,596.30546,490.93857,-671.37958
4.B.1,LI,4.22371,4.22371,4.22371,4.1888,4.1888,4.11899,4.11899,4.11899,4.08408,4.08408,4.04917,4.08408,4.04917,4.08408,4.11899,4.08408,4.08408,4.04917,4.04917,4.04917,4.01427,4.01427,4.04917,4.08408,4.04917,3.90955,3.97936,3.97936,3.87464,3.73501,3.59539,3.56048,3.49067,3.42085,3.17651
4.B.1,LT,-13.72066,-8.96947,-11.34027,-6.54874,-1.75484,3.02543,7.74517,12.29615,16.84059,21.40756,27.00942,27.53625,18.60994,-1.38327,-9.97254,-6.71803,-11.14808,-24.18709,-105.32679,-218.9746,-353.97814,-492.26124,-641.12474,-682.0717,-749.05898,-866.59521,-977.6006,-1012.43755,-1038.14888,-942.16462,-1219.44956,-1269.38308,-1397.03381,-1510.25286,-1597.41408
4.B.1,LU,0.25373,0.24943,0.23007,0.23363,0.22712,0.22629,0.20247,0.17834,0.14213,0.09726,4.0498,3.78941,3.53887,3.26466,2.99796,2.74655,2.59047,2.46663,-4.24838,-3.78844,-3.29622,-2.96356,-23.05148,-37.26261,-58.20907,-64.12718,-69.83372,-75.25234,-76.49626,-76.56226,-75.76045,-75.78076,-75.80733,-75.81803,-78.81415
4.B.1,LV,2189.38857,2661.96607,2628.44662,1850.80142,2339.07771,2755.19381,2133.21419,2391.24707,2347.13206,3093.40048,2958.4339,2705.97481,1928.64249,1187.27969,639.46509,445.94269,371.46946,408.5113,520.64988,446.44152,254.61836,128.11633,33.75601,-5.78032,-1.96282,-75.65826,-13.04257,85.32131,154.2122,145.78215,63.39565,96.27688,60.06618,56.39312,143.04376
4.B.1,MT,0.06871,-1.15352,-1.25333,-1.25333,-1.2321,-1.12204,-1.08429,-1.05281,-1.03103,-0.99836,-0.94391,-0.94391,-0.88121,-0.87461,-0.9139,-1.03935,0.36994,0.4746,-0.59241,-0.67115,-0.5826,-0.91103,-0.80928,-0.81715,-0.82501,-0.83288,-0.86131,-0.88975,-0.88975,-0.88975,-0.88975,-0.55017,-0.89303,-0.92914,-0.7931
4.B.1,NL,1569.73337,1526.03697,1603.8,1502.2029,1615.8791,1520.1703,1474.1507,1356.10933,1521.16653,1465.70123,1414.7782,1677.87363,1892.44403,1570.6823,1661.79677,1640.85827,1465.74267,1596.25473,1665.6904,1518.4631,1556.44757,1605.28207,1388.9689,1274.28803,1371.6131,1411.9908,1282.31107,1305.89837,1162.36743,1020.2445,929.99555,924.79823,808.44232,952.48047,1097.2929
4.B.1,NO,1552.88426,1555.02791,1555.59009,1564.20086,1567.18951,1578.01746,1583.67153,1605.19108,1612.55044,1619.50579,1648.22628,1663.07573,1678.61825,1682.57728,1694.51705,1703.21609,1707.10011,1701.81129,1701.3077,1696.31023,1701.61363,1702.73277,1701.27947,1701.54844,1706.66633,1712.08686,1718.14973,1719.73139,1726.9931,1734.91718,1733.1916,1736.29545,1746.24094,1753.85649,1767.56517
4.B.1,PL,-4803.62464,-5205.5773,-5263.15999,-5320.33367,-5378.17337,-5433.69489,-5491.73664,-5476.99464,-5450.59867,-5428.23018,-5465.03984,-5397.96257,-5284.59728,-5186.68287,-5073.55238,-4918.25468,-4842.01934,-4792.96601,-4742.49894,-4730.69847,-4695.64601,-4673.96912,-4622.96033,-4532.24599,-4477.58466,-4476.31477,-4406.38433,-4414.19421,-4332.45999,-4267.93659,-4120.91425,-4145.50982,-4088.87832,-4067.12951,-4040.79681
4.B.1,PT,384.88628,309.47348,-181.22284,-205.39857,34.27681,-138.39409,-113.5397,-166.34971,-57.23029,-184.53287,-165.79474,-201.64327,-161.66326,136.53452,-179.13314,-175.02265,-252.81375,-287.13225,-394.58585,-383.7786,-371.8494,-344.62064,-295.82988,-272.25156,-321.78991,-289.66661,-301.53472,147.51264,-417.24192,-401.64097,-446.40828,-477.08795,-456.18247,-541.19209,-513.26255
4.B.1,RO,196.53447,196.53452,196.53457,196.53462,196.53538,196.53613,196.53689,196.53764,196.53839,196.53915,196.5399,196.5399,196.5399,196.5399,196.5399,196.5399,196.5399,-163.38046,-147.40737,1314.97014,1895.8354,1200.82839,-305.07437,-516.0888,-734.22853,-984.56722,-908.5559,-858.62724,-761.98738,-703.45952,-740.03491,-762.34452,-1012.72549,-1287.24162,-628.82584
4.B.1,SE,3691.44322,3252.22887,3685.0008,3653.10927,4395.35468,3766.99714,3130.73504,3629.61859,4140.55543,3686.7209,4039.69909,3725.50309,4170.87272,3807.48094,3650.21637,3231.17639,2802.7236,2593.27612,2566.58241,2467.50793,2840.16169,2835.95754,3301.82243,2995.67481,2855.41364,2589.22241,3145.02456,3312.83113,3310.42119,1901.28597,2382.21661,2284.84697,3542.50903,2747.20486,2461.65871
4.B.1,SI,49.80785,46.82487,46.03178,47.33601,49.13993,52.18962,52.1077,52.09083,53.29983,53.21878,52.60971,54.17502,51.55472,53.89017,54.953,56.39452,57.45646,56.43868,56.9476,57.76261,58.77025,61.17368,61.99971,64.63374,70.33722,72.65753,73.73981,74.41196,74.70622,71.64974,72.32796,63.47317,62.26016,60.39534,57.78286
4.B.1,SK,-924.96605,-804.98446,-666.72711,-552.41278,-626.90632,-730.58707,-802.9132,-807.06749,-663.35178,-476.56537,-752.84734,-376.40662,-592.75902,-718.77977,-765.70535,-532.65569,-701.28974,-579.0562,-623.26859,-622.60056,-608.71753,-626.29906,-716.47997,-534.55986,-547.90853,-518.0102,-665.84113,-655.55878,-685.71316,-688.01683,-664.04921,-689.47147,-652.47865,-677.87378,-532.72684
4.B.1,TR,0.69043,12.30371,22.09366,10.84427,11.63741,12.65066,-0.06639,-12.99849,-6.41879,-12.39293,-23.06104,-6.49182,25.73602,5.81644,33.57504,-22.57719,-4.10745,-42.84488,-41.89514,-75.53302,-63.42842,-100.32338,-83.43746,-114.33509,-106.5473,-105.0643,-53.28583,-90.47097,-86.66819,-118.06182,-104.92755,-139.57001,-115.52196,-139.26623,-118.72667
4.B.2,AT,172.73553,173.38913,174.06124,174.75703,174.56186,146.58514,146.08305,145.58939,145.0894,145.05708,145.0288,145.00948,160.17208,159.20759,161.51927,155.77277,144.0103,142.38274,150.59095,140.81826,143.25121,144.44204,138.86258,141.6522,140.19706,131.85691,150.7343,165.05283,172.90703,171.62616,171.82892,173.31876,166.65992,169.07798,190.24309
4.B.2,BE,42.60223,56.80003,71.36843,86.30743,101.61702,117.29722,133.34801,149.7694,166.56138,183.73331,201.27583,219.18896,237.4614,256.10443,275.11804,294.07176,313.34225,332.92951,352.83356,373.05438,396.08132,407.01029,417.61524,425.12321,433.01613,440.51302,448.63032,456.42181,464.23002,471.73283,478.94614,485.84367,492.45262,498.74551,502.72491
4.B.2,BG,48.57935,45.72174,42.93645,40.00652,37.21159,34.34916,31.48673,28.6243,25.71848,424.2423,57.2486,54.47776,51.69729,48.98913,46.18455,43.37033,40.54646,37.65029,177.80732,103.50624,523.60601,520.463,770.64306,1474.38613,383.52759,659.73039,416.02922,429.51698,417.08612,380.06208,529.82405,474.8528,406.71433,608.51075,502.1537
4.B.2,CH,38.71228,39.98748,37.7523,38.09241,42.95644,40.53629,42.13484,32.8988,37.12081,37.80344,42.51713,35.1143,40.84106,29.442,29.69998,34.56145,36.7934,42.14381,54.51622,57.23971,58.24784,56.68038,60.5876,60.19149,61.87991,58.6388,76.3734,69.89075,85.33989,49.05125,52.17962,57.16392,60.00645,63.06503,82.73151
4.B.2,CY,-0.26827,-0.20014,-0.13201,-0.06387,0.00426,0.07239,0.14053,0.20866,0.27679,0.34492,0.41306,1.15021,1.11329,1.07637,1.03944,1.00252,0.96883,0.51005,0.50168,0.49332,0.41682,0.34033,0.26383,6.1904,6.13856,6.08673,5.98968,5.89263,5.79557,5.75333,5.68331,5.69264,5.70198,5.71131,5.72065
4.B.2,CZ,268.29004,249.59558,250.56027,324.27858,268.2322,248.46347,254.13291,240.59352,413.016,273.10479,233.97636,184.99788,162.56254,196.47923,204.15614,189.24166,176.82278,155.05926,210.01401,191.94592,217.27471,332.36376,197.62958,206.67721,197.96156,187.86629,190.00664,167.17258,89.03455,93.22703,97.90017,104.10409,107.03626,113.68603,113.85595
4.B.2,DE,9966.99288,9860.10392,10096.83556,9622.77743,9838.72414,10103.56047,9862.00478,9749.53807,9390.96776,9801.51382,9934.78998,9558.37787,9611.3907,9877.55302,9542.57077,9963.63813,10036.8025,9665.65931,9831.76579,9967.5529,9977.61738,9955.61683,10042.9362,10073.26206,10216.97219,10210.96189,10206.73504,9623.18068,10001.1782,9581.14536,9563.45835,8861.36646,8816.24821,8138.14185,8210.02265
4.B.2,DK,63.20173,77.69818,75.25437,72.81055,70.36673,67.92291,65.47909,63.03527,60.59145,58.14763,55.70382,53.23936,50.77491,48.31046,45.84601,71.56699,68.63952,66.55781,65.28063,62.94209,60.82549,59.83312,1.56136,3.7067,18.66472,44.60397,19.75148,-9.25284,25.88527,-16.6323,28.73112,29.76856,-8.60217,74.33467,37.67532
4.B.2,EE,277.88737,491.10112,520.04734,548.97551,577.88002,606.76032,635.61581,664.44746,693.25137,722.02837,750.77762,779.49822,808.1891,836.83873,594.02374,599.15454,589.89156,794.28582,681.19091,618.38717,638.54225,587.32142,551.34136,539.93691,494.12053,473.10871,442.49837,399.60005,360.69311,321.84057,326.82524,297.42149,232.76636,194.64213,197.49177
4.B.2,EL,15.9626,22.14062,12.31824,12.40753,12.31361,12.37009,12.41307,12.32364,12.37271,12.42372,31.54859,40.8773,27.8756,27.90531,27.86152,27.82945,27.85066,27.88818,27.86403,27.87833,21.80641,15.71508,15.7054,15.69544,15.66129,15.76381,15.8404,15.8686,15.86215,15.49985,16.36073,15.02671,17.51135,16.7185,34.31627
4.B.2,ES,2036.66347,2072.65772,2101.47775,2132.22857,2168.09679,2197.6299,2230.57232,2261.35591,2296.7415,2332.9032,2372.30044,2227.09453,2249.27387,2269.34796,2288.46683,2282.42151,2282.4477,1637.03964,1600.19283,1516.0497,1162.29541,1072.49824,1041.68951,1293.24236,1222.21231,1137.44975,1037.54996,995.75707,956.36511,1001.33909,959.69556,918.27475,887.9565,847.64338,821.95278
4.B.2,EUA,42986.21948,44487.71099,43975.57326,42643.02245,42123.70973,41298.82131,40182.94239,38791.6464,38193.68506,38409.29149,37857.64047,35608.17429,35670.2541,35920.97165,35693.27838,36078.13835,37138.44234,36320.68222,36627.20496,36090.40168,35044.40718,35334.04845,35240.77267,34668.70036,33470.94113,34404.01158,32676.92321,32070.73862,32503.06235,33873.70037,32547.08397,32840.54821,34007.61368,34712.05232,33351.22308
4.B.2,FI,930.71917,944.72767,969.21183,998.43883,993.33667,991.0835,1064.745,1216.76867,1339.536,1502.09033,1711.82,1936.35933,2183.85017,2378.02033,2424.91333,2357.34767,2315.60817,2118.4955,2076.6405,2290.22933,2470.93917,2523.38717,2651.45833,2668.41483,2601.26533,2686.26417,2684.451,2692.33067,2760.51783,2709.21933,2560.79817,2484.61033,2331.90283,2147.16883,2024.78467
4.B.2,FR,23309.02621,24787.55432,23893.92117,22946.28756,22024.45316,20982.60722,19998.1412,18977.01566,18016.41403,17398.15275,16773.57942,15555.71209,15315.66274,15370.35258,15484.67954,15575.07208,15620.30053,15866.46891,15744.74702,15709.23898,15529.60842,15362.5261,14662.0279,14085.34434,13731.57091,13446.40535,11940.40895,11139.76929,10925.2633,12439.04967,11738.78852,11642.32101,11538.20094,12046.96669,11181.9512
4.B.2,HR,21.47026,24.43752,26.208,27.97848,29.74896,31.51944,33.28992,35.0604,36.83087,38.60135,40.37183,42.14231,43.91279,45.68327,49.30327,50.47241,52.09567,67.56392,76.05406,104.18089,102.34893,115.44443,121.55231,126.93866,118.60824,135.62125,115.18889,108.78359,105.94176,103.09994,100.25812,97.41629,94.57447,91.73265,88.95985
4.B.2,HU,26.20808,71.90114,70.91144,17.11157,30.33841,44.53624,60.33647,81.43413,83.40102,93.11375,106.34336,145.38184,156.53675,149.71566,158.29207,155.76575,151.26117,131.90287,157.66964,128.97399,143.87978,137.06192,148.19139,98.77743,126.26674,163.92962,229.45645,163.44147,121.69822,152.03072,134.24693,118.95534,131.1688,138.97775,116.15302
4.B.2,IE,,,,,,,,,,,,,,,,,,,,,,,,,,,,,,,,,,,
4.B.2,IS,719.01928,668.57699,610.58063,559.27647,513.12665,469.44415,423.26053,373.74771,330.75809,286.28132,251.45415,213.07809,185.3825,159.25857,150.41666,141.57475,132.73285,123.89094,115.04903,84.49742,80.05019,75.60295,71.15572,66.70849,62.26126,58.95451,53.70967,49.26244,44.81521,40.36798,35.92074,31.47351,93.46544,101.27592,150.39364
4.B.2,IT,748.71398,887.73599,977.86424,1074.85281,1166.62308,1258.96258,1060.04961,912.32732,762.3005,613.88679,463.08689,463.08689,463.08689,463.08689,463.08689,463.08689,463.08689,463.08689,463.08689,463.08689,463.08689,371.22658,281.09833,184.10977,92.33949,,235.92442,385.92186,543.51224,687.73059,828.24149,748.61313,748.61313,748.61313,748.61313
4.B.2,LI,0.16265,0.16034,0.2467,0.2249,0.20347,0.17703,0.27284,0.24105,0.36516,0.27421,0.25545,0.24623,0.34784,0.72737,0.27562,0.1693,0.1782,0.19866,0.16819,0.12745,0.19733,0.16386,0.11899,0.06626,0.15014,0.10765,0.0237,0.01712,0.05134,0.01247,0.02501,0.02001,0.02596,0.02168,0.03224
4.B.2,LT,782.56049,762.60289,830.54899,743.5914,857.81272,779.16085,432.99286,657.39391,997.07711,1250.44436,1223.43505,1048.73506,987.8308,625.34745,732.88365,634.22704,1715.99608,1670.16727,1732.76391,1278.17638,315.9653,1058.54666,979.46886,997.01299,1134.86741,596.3836,506.7736,973.49599,963.1067,908.26215,1172.34335,1292.99139,1566.58357,1546.73814,1286.96734
4.B.2,LU,78.05636,77.96045,77.89697,77.94348,77.87583,77.9358,77.99852,77.98243,76.84425,75.58754,75.45588,74.28271,72.97463,71.82467,70.63715,69.52976,67.72485,66.18317,58.69941,53.90564,52.6248,42.77526,33.33739,29.30893,23.36976,18.01274,8.03028,5.88037,4.69201,2.48477,1.88755,1.29862,0.79597,0.2285,-0.28319
4.B.2,LV,21.49868,12.86478,15.31212,13.75924,18.82951,24.3219,12.42558,21.21331,27.20663,46.18137,52.45132,-391.19124,-387.21237,-399.36915,-418.6403,-421.86887,-416.62139,-392.86278,-340.00651,134.76743,86.80308,59.46723,56.04501,48.82141,-157.02076,-186.43746,-149.51095,-102.84293,-50.45719,-100.97202,-135.21062,-158.41502,-247.40893,-238.75265,91.53339
4.B.2,MT,3.9806,3.9806,3.9806,3.54991,2.26542,2.26542,1.5536,1.5536,1.5536,1.5536,1.4087,1.4087,27.45182,27.88274,2.09466,2.09466,4.01403,4.06896,19.08406,19.79727,20.49826,7.75237,7.89855,8.04478,8.82373,9.16901,9.15701,5.22451,5.22451,5.22451,5.22451,5.22451,4.1755,3.13022,5.15371
4.B.2,NL,1837.95704,1770.912,1709.6556,1655.31353,1607.09743,1565.06854,1529.16993,1500.36151,1476.96794,1459.45082,1447.78461,1441.88447,1441.86046,1447.20025,1453.05338,1452.66903,1457.31018,1465.85575,1479.90521,1662.82624,1715.77175,1777.55769,1847.50283,1698.43368,1625.08451,1558.16239,1496.72944,1467.78102,1464.54825,1468.79405,1475.96965,1464.39455,1472.22906,1457.91003,1498.4293
4.B.2,NO,462.4961,455.3427,451.16825,442.9319,441.61437,509.11899,480.64136,556.80746,558.16737,486.57384,425.78164,491.66825,403.13813,403.7113,395.40453,394.36235,480.53657,475.06056,469.11606,518.04758,564.98084,504.67614,526.29002,731.15701,665.78664,736.95364,721.16318,733.18908,624.50994,575.49969,472.61099,502.98722,471.58029,481.85492,477.59508
4.B.2,PL,245.69435,177.19515,177.19515,177.19515,177.19515,177.19515,177.19515,177.19515,177.19515,177.19515,256.38887,94.80953,94.94098,94.94098,94.94098,123.5156,102.6255,74.34238,216.13917,111.11887,111.11887,85.92113,85.92113,69.03008,69.03008,69.03008,69.03008,191.72293,104.21639,102.61479,81.31738,81.31738,81.31738,81.31738,750.08633
4.B.2,PT,465.60442,462.09581,460.42946,461.0709,461.63736,461.59502,540.79829,542.69868,582.5491,591.58834,622.43264,647.07314,666.16769,693.53004,691.59064,702.8885,701.7119,703.23257,630.2726,626.88091,621.07115,750.486,764.25873,794.20989,811.52006,837.7586,849.31143,856.49198,836.89101,839.43928,840.95568,842.56437,843.46143,841.46709,845.52689
4.B.2,RO,961.90344,951.01317,940.58715,926.94153,916.17767,902.45695,889.50674,876.92574,864.31213,852.87691,982.43066,976.49577,962.94889,957.38954,955.66473,958.59177,926.77474,876.76898,860.86626,190.26105,-25.04446,-461.23027,-169.91135,-633.23848,-120.32384,1116.12155,1414.68359,1714.62642,2000.46401,2316.75283,1358.76417,2582.46463,3646.97624,4398.66226,3885.95654
4.B.2,SE,-3.55596,-4.0134,-4.1774,33.53189,65.25678,82.31601,545.8399,64.2622,245.68937,68.89242,65.47315,65.11253,74.28014,63.79749,124.40104,134.00515,119.378,163.63439,211.30171,167.04452,151.52839,266.57816,450.59666,156.14669,117.07936,482.04092,173.04331,100.39734,95.16659,99.74155,94.67766,168.9818,569.09713,683.59763,120.79639
4.B.2,SI,197.39398,65.16411,64.79224,64.42036,64.04849,63.67662,58.77637,59.59818,60.41923,61.23952,62.05905,62.87783,63.78299,76.80969,78.0815,79.35475,80.62945,64.09794,65.41076,66.72357,68.03639,70.29757,72.55875,86.69518,90.21374,93.73229,95.91005,53.43329,54.87092,56.4291,57.98729,59.54548,61.09908,62.37898,63.6575
4.B.2,SK,466.34146,442.5709,416.50806,406.55053,382.00488,319.109,328.84695,274.36989,240.80128,224.93733,190.05594,180.09174,141.66793,132.94696,141.50954,113.31653,95.22399,117.71289,76.52857,80.56144,74.45345,70.64634,70.51975,70.77757,69.77445,69.87601,64.57024,65.07046,58.36866,58.2051,51.58052,42.59446,40.38174,34.70356,26.77994
4.B.2,TR,,72.11926,130.90906,126.98571,206.68692,139.6657,139.80863,89.21668,154.52925,124.91155,60.46689,96.7483,285.31209,176.00032,398.0519,229.0007,446.15681,331.51207,509.34485,282.15031,514.88161,303.92631,505.03435,330.08762,411.98921,559.51177,504.74136,387.66534,561.19498,329.95266,561.0337,348.6951,548.90604,375.43,462.14667
4.C,AT,793.35234,788.87895,784.36709,779.83778,780.37792,576.50047,579.10101,581.66731,584.23973,584.49721,584.64166,584.77417,839.51573,835.08235,834.01974,836.67906,837.85111,845.673,874.48762,674.49928,666.45132,662.26308,656.0392,659.61753,660.71371,690.0489,664.82783,644.09318,603.30519,599.66104,601.71883,588.47295,589.60893,597.30058,585.25423
4.C,BE,-91.36014,-99.66736,-108.15873,-115.05237,-125.11887,-134.73771,-142.74139,-152.97966,-162.61931,-172.50746,-182.38686,-192.46524,-202.75384,-213.17061,-1.28494,-12.28749,-23.37662,-34.55233,-45.81463,-57.16351,412.90912,417.9387,365.00667,-46.13319,-54.8211,-64.00036,119.23239,101.07969,81.75302,60.74,40.33134,24.74322,-1.79375,-20.72987,-41.89194
4.C,BG,-800.83792,-891.88159,-1053.20334,-1306.30401,-1327.60791,-1271.6065,-1338.88153,-1342.98931,-1068.48367,-1026.60261,-1497.19579,-1518.10902,-1660.5688,-1403.54477,-1601.89514,-2521.59066,-1688.70821,-1912.89526,-1466.70125,-1384.69834,-1325.28971,-1259.28517,-1172.54532,-1056.02744,-1044.1096,-915.96436,-882.70064,-754.96816,-841.2403,-906.25633,-802.64665,-622.64743,-776.59199,-507.37412,-468.21913
4.C,CH,168.56452,-539.26382,-193.41489,310.08793,280.17926,479.54877,-390.60708,-173.2335,370.32195,115.23886,524.38817,438.97258,307.40417,359.2089,165.80724,384.21124,5.32988,506.21267,412.1544,369.38912,673.52821,-6.82162,737.15091,1222.53996,-390.41301,1983.26096,-760.63911,1344.97217,1241.1513,3.32885,980.3429,604.38249,100.14397,481.10124,1188.32143
4.C,CY,-22.37025,-23.47707,-23.96493,-21.76713,-23.15091,-24.89557,-25.52191,-25.86919,-19.50654,-27.30441,-14.42671,-21.40562,-24.29742,-24.25305,-27.05973,-25.69632,-26.13395,-20.86824,-22.29412,-27.27127,-23.94339,-24.37959,-20.43228,-18.40913,-21.64202,-21.36177,-20.80783,-20.6986,-18.1022,-18.98194,-16.88649,-9.84803,-18.44088,-13.54653,-12.11386
4.C,CZ,-193.80874,-168.17433,-257.35358,-291.73876,-433.05733,-490.05446,-740.70163,-582.81104,-463.87268,-573.16019,-636.88264,-622.02707,-649.54192,-614.63095,-647.87698,-641.64483,-663.83168,-635.30814,-636.98386,-606.98395,-620.05262,-454.73145,-495.12116,-538.4645,-572.36834,-624.8057,-575.57656,-600.35212,-644.30142,-668.73688,-667.81352,-731.96413,-772.73361,-813.30817,-823.23368
4.C,DE,22519.88226,23645.62573,26057.21326,16734.07395,21368.0928,24397.14546,24453.75227,25143.83025,17744.58124,25038.56825,22408.44416,17665.35838,16189.88736,26756.8703,20766.32273,21219.05392,23865.88436,17122.86281,23817.69171,23776.47998,19313.90863,19294.36607,21349.58062,20303.98552,20885.72522,20996.83589,23088.13911,16966.03352,29277.31498,24685.16292,24821.26934,20943.4756,27212.40537,19580.72533,21469.11942
4.C,DK,583.17279,583.51658,581.31208,579.10758,576.90308,574.69858,572.49409,570.28959,568.0851,565.88061,563.67613,561.45759,559.23905,557.0205,554.80195,571.99089,580.03138,578.10916,576.51871,574.49181,572.58652,571.12327,595.67227,572.29715,741.31386,769.31877,690.0705,682.24104,692.48569,719.18024,735.69038,843.55938,784.38469,784.31681,968.44759
4.C,EE,-323.48482,-302.11412,-295.29521,-288.498,-281.72074,-274.96288,-268.22385,-261.50287,-254.79973,-248.1137,-241.44423,-234.79073,-228.15327,-221.53136,-271.6928,-263.99636,-244.23479,-153.38747,-242.08846,-275.0889,-268.33246,-283.13472,-287.03791,-263.43642,-285.47686,-278.53232,-273.42292,-281.91678,-280.25478,-285.16341,-270.19759,-258.99737,-279.4264,-280.34124,-256.55238
4.C,EL,0.21519,0.20107,1.49181,54.86686,-44.49248,-42.76358,-48.25721,-47.73425,-64.87273,-88.44709,-109.1165,-109.13113,-91.19787,-106.82846,-59.5203,-287.22493,-375.40407,-378.78929,-444.78335,-457.88043,-464.68689,-333.54677,-773.59539,-670.39898,-512.62059,-1250.62874,-1392.82532,-1276.18438,-1711.81069,-1770.61776,-1944.12961,-2011.39254,-2040.8194,-2070.50694,-1935.07268
4.C,ES,-795.97733,-788.13459,-985.06533,-1039.40613,-839.25743,-1080.29813,-1218.44529,-1247.33087,-1245.07136,-1348.05389,-1242.41563,-1477.75823,-1516.82113,-1480.74644,-1522.50454,-1432.95502,-1550.66687,-1581.96733,-1634.70263,-1552.02827,-1725.67546,-1612.06209,-1385.15345,-1476.58132,-1486.60357,-1404.35854,-1495.80534,-1376.96632,-1491.80795,-1210.25729,-1170.82186,-1131.27589,-935.43654,-1122.76779,-1045.02595
4.C,EUA,27051.76991,19702.28605,20289.87635,14305.36543,18002.09487,18475.10036,18765.85565,21040.80478,15672.90112,19729.93462,20009.96438,12215.58873,9879.20569,23306.71731,12252.53217,12958.99821,12977.42759,15757.37255,16894.78208,18494.39708,11391.08737,12578.23525,16252.60655,10184.74861,8014.71469,7119.53706,9664.35247,8466.49846,3965.46957,6842.71352,2632.30768,3712.46421,9534.51987,-433.66987,3520.03628
4.C,FI,1034.87778,1013.14178,978.41478,966.56778,937.55456,919.04706,893.69983,899.5972,872.93333,859.34668,848.1825,866.65154,846.22459,843.72468,897.97584,924.97752,922.02553,917.94275,904.62581,854.34359,818.72459,773.57748,774.92433,779.09214,763.50647,775.38817,800.02092,795.73823,797.28654,795.44485,755.99916,720.99327,696.22528,665.61931,653.44044
4.C,FR,-4587.15914,-6266.98999,-5717.14981,-5030.59613,-4347.80483,-3561.7299,-2980.77431,-2446.68778,-2030.40658,-1746.16442,-1857.59963,-2595.08059,-2934.15529,-3228.37515,-3401.65448,-3399.24424,-3371.3987,-319.97652,-257.39288,56.7541,-261.5392,-266.40641,-304.46452,-966.15469,-948.22731,-753.72494,-463.70206,584.9241,-9234.93571,-2607.75476,-3390.37637,-1761.94602,-1260.73593,-1332.73098,-932.55653
4.C,HR,-6.35688,6.23024,2.71297,0.43555,-3.41367,-6.76145,-9.71423,-13.86706,-16.62921,-19.32909,-23.68611,-15.66715,-24.63605,-34.24137,-42.62071,-39.78612,-59.26641,-73.39786,-102.15109,-95.98724,-112.23821,-119.90235,-146.46541,-171.85062,-182.45612,-215.90182,-254.48084,-239.81138,-260.31648,-262.33893,-263.20162,-255.40296,-249.3944,-236.60855,-230.74032
4.C,HU,20.64132,42.01265,50.45643,77.26566,87.24954,-0.50037,-43.31763,-44.72426,-97.72899,-115.89326,-157.62169,-184.44799,-234.78229,-264.98018,-281.72419,-295.48477,-311.10273,-299.34563,-347.70308,-338.09954,-367.14466,-346.43293,-214.09933,-311.63269,-281.42215,-217.71517,-197.4364,-134.81135,-46.53006,-134.57583,-124.53279,-56.00178,-96.66568,-71.11629,-46.93088
4.C,IE,2259.44364,2484.51801,1991.67036,1836.82649,1785.01884,2027.32953,1814.45551,2069.73922,2006.29222,1905.86375,1608.5649,1575.83296,1969.68201,1897.7011,1822.40475,1618.21465,1453.57659,1535.54648,1743.76825,1575.46657,1217.49305,1385.45532,1409.17953,1449.43785,1266.27585,1403.99825,1202.64264,1049.64756,1167.62486,1263.98773,1278.12293,1117.81512,1144.14722,1141.39,1095.74171
4.C,IS,4002.0331,4000.58443,3995.49134,4015.76417,4016.19086,4017.69329,4019.25705,4027.29298,4041.18062,4060.23675,4083.34913,4104.80888,4133.81,4145.47596,4158.8276,4182.74953,4232.4952,4267.85872,4318.2686,4340.35251,4350.95815,4361.47765,4377.65218,4395.05455,4412.15335,4427.36519,4435.10718,4445.09634,4462.44775,4477.05459,4489.64404,4495.78334,4480.71169,4511.9412,4528.66494
4.C,IT,4323.80291,1082.80196,1059.93484,4076.64649,1456.70153,-2078.54127,-2523.70058,-1347.20402,196.60832,-3036.87463,-1743.0346,-3857.14362,-5029.52589,-3680.87801,-5020.45853,-5725.09672,-5990.85384,173.27563,-5634.65573,-6310.11426,-8487.47707,-6591.97448,-3783.72641,-8582.87072,-8123.8818,-8393.87946,-7579.56959,-3874.28126,-8414.41233,-7905.85991,-7309.55826,-4563.9288,-3559.05863,-5955.08916,-5845.80342
4.C,LI,2.17383,1.76271,2.44461,1.74493,2.00986,2.78582,2.02715,5.92107,5.48131,5.3491,3.75124,6.40569,6.60892,5.01471,2.92686,5.32419,4.91904,4.96835,4.21772,2.96341,4.66435,4.37757,4.96364,3.12915,4.55718,5.34682,6.74205,6.25936,6.48088,5.12346,3.86251,3.23907,3.2981,5.96642,4.554
4.C,LT,724.85583,14.9026,-85.64941,-140.0206,-345.09985,-305.88931,378.87028,-56.8528,-622.70206,-799.71244,-1056.42485,-955.49415,-693.0443,-268.93326,-32.65365,102.97115,194.42004,328.60852,311.75936,443.14409,-990.20615,70.0545,230.45677,523.47943,515.15288,730.35863,744.54476,761.84372,801.68908,725.82965,588.10702,718.5282,810.79124,806.06106,760.77352
4.C,LU,-68.71725,-68.79312,-68.83068,-69.00804,-69.0542,-69.10593,-69.16918,-69.34639,-66.11782,-62.83284,-65.12342,-61.87424,-58.62646,-55.44697,-52.11469,-48.78469,-45.94834,-43.02327,-49.43859,-42.89695,-40.42806,-35.64541,-31.11154,-20.33769,-16.22777,-11.99568,-17.33151,-13.61888,-12.50794,-7.36694,-6.45683,-5.60973,-4.7859,-3.89102,-3.12702
4.C,LV,1986.38836,1700.70279,1685.10575,1364.82484,1564.1333,1741.42596,1646.92499,1817.08851,1852.6408,2287.92595,2293.0854,3318.1193,3138.99566,2839.61866,2558.30016,2561.03882,2696.12696,3016.99998,3657.14203,2625.15661,2200.66057,1910.10091,1855.12551,1779.37087,2102.49291,1760.21519,1938.21984,1981.56164,2324.37574,1765.84083,1518.57994,1345.36402,1286.89913,1268.65708,1336.19202
4.C,MT,-22.00019,-24.80115,-17.35835,-17.35835,-17.35835,-16.18723,-16.18723,-16.10936,-15.33118,-15.33118,-15.33118,-9.04558,-9.41478,-9.41478,-4.63781,-3.89807,-6.95253,-5.743,-4.65748,-3.57364,-2.65936,-2.65936,-2.65936,-2.65936,-2.65936,-2.65936,-2.65936,2.17067,0.43361,-5.80587,-5.80587,-5.60354,-5.77604,-5.77604,-4.51522
4.C,NL,964.91161,956.02911,1000.75264,866.19049,1158.79452,1098.9918,1023.49272,831.16016,1056.13153,978.276,1216.54439,1577.75623,1639.26491,1239.16953,1009.73009,823.70054,978.0815,1113.95461,1290.62934,1222.18827,1316.55933,1362.94364,1125.61835,1150.68567,1394.47332,1439.69764,1254.06353,980.81126,867.51498,765.3384,528.97445,581.10076,645.8422,903.18166,1107.04306
4.C,NO,-151.3108,-149.68128,-146.4153,-144.08253,-138.19961,-104.68046,20.08361,50.27503,18.93382,44.02463,29.41953,-72.18154,-112.07527,-52.05044,-122.04234,31.70598,121.27426,213.69792,269.14691,489.95673,315.92386,339.93789,461.64443,335.75582,114.62555,373.81313,244.46964,-34.15183,17.53136,239.07766,-47.78574,81.06807,78.63645,2.51358,-71.4404
4.C,PL,515.98796,501.99523,458.90368,391.62947,397.91899,430.85139,434.21651,513.86532,416.65041,730.05471,427.74923,608.32717,565.30818,465.57365,711.97658,869.55439,835.76807,878.2169,817.3131,798.82805,852.12635,914.21584,957.73962,991.00999,1064.29489,911.5468,895.02747,1258.1507,1139.02569,1181.0793,1127.73069,1103.13832,1212.41797,1320.06777,783.45829
4.C,PT,966.32048,-1298.45274,-2441.17404,-1907.71833,-967.0412,-659.73654,44.71456,-439.63659,53.8012,-342.60793,2450.44799,810.15072,729.43924,2663.19548,-686.58862,1263.95042,-2135.29879,-2119.22302,-2775.68896,-1136.34549,-816.42158,-1823.37102,-1818.20592,-1222.90034,-2771.93141,-1996.02235,-1152.48004,-292.79783,-3077.47254,-2640.3074,-2006.30503,-1881.09374,-1241.72304,-1577.39159,-810.19594
4.C,RO,-1653.71297,-1658.83282,-1663.14396,-1673.06346,-1677.96289,-1688.01298,-1696.72089,-1704.78566,-1712.90722,-1718.97613,-1650.35616,-1653.79317,-1667.0701,-1670.02167,-1668.0164,-1660.63071,-1622.55283,-2132.40852,-2081.4482,-637.5779,-202.45803,-469.63928,-1388.72616,-1363.07023,-3357.43333,-4869.7104,-5980.79714,-7010.41501,-7480.72661,-7186.11632,-10158.64631,-9881.04082,-12790.44241,-13477.60984,-12132.56882
4.C,SE,-394.91085,-733.06133,-559.57957,-621.39649,-791.70983,-783.87154,-886.3308,-532.50422,-867.19779,-836.54358,-810.47435,-788.31061,-545.17163,-804.25736,-749.41299,-761.45975,-500.88995,-300.26803,-584.16098,-443.63407,411.09064,-491.54974,-728.43168,-606.78707,-1033.50685,-682.03875,-811.62303,-905.0443,218.58582,332.77655,-843.33176,-796.38856,-647.32624,196.57138,-469.76455
4.C,SI,-499.43527,-698.28587,-660.09924,-611.77554,-598.4741,-562.52695,-917.81357,-882.89348,-830.70614,-819.39986,-786.27221,-756.61272,-725.2923,-519.08735,-544.86124,-542.49761,-529.03629,-578.42043,-543.77224,-505.91739,-473.1187,-424.76715,-360.28386,-525.81813,-505.75069,-487.67171,-456.64024,-405.05138,-381.25735,-332.93321,-294.88074,-250.35919,-170.68318,-184.33345,-163.20502
4.C,SK,-181.95083,-95.6046,-426.43318,-289.20417,-218.32562,-238.7076,-149.36489,-170.60397,-140.10977,-222.62384,-301.57943,-299.68246,-303.29772,-190.89721,-286.42193,-170.85485,-240.68134,-164.24297,-224.71632,-231.6941,-209.75119,-244.31565,-154.67664,-180.69499,-178.09555,-166.89977,-174.5777,-154.8791,-110.24929,-109.25522,-88.6251,-51.22611,3.63184,-24.43929,-17.91665
4.C,TR,0.02759,77.99345,183.34815,244.65281,376.47834,286.91295,416.97015,224.78755,401.91888,417.10222,91.80139,119.9257,282.3445,172.5272,407.2557,253.84405,543.50656,409.94074,598.46368,481.67902,627.2524,388.58619,636.33021,456.75503,743.15859,971.74238,568.95226,412.99047,598.79421,482.17337,640.18188,378.81625,625.54546,447.39759,735.56093
4.C.1,AT,371.05817,371.05817,371.05817,371.05817,371.05817,371.05817,371.05817,371.05817,371.05817,371.05817,371.05817,371.05817,371.05817,371.05817,371.05817,371.05817,371.05817,371.05817,371.05817,371.05817,371.05817,371.05817,371.05817,371.05817,371.05817,371.05817,371.05817,371.05817,371.05817,371.05817,371.05817,371.05817,371.05817,371.05817,371.05817
4.C.1,BE,-133.48481,-131.21753,-128.95024,-124.9011,-123.84064,-122.1484,-118.65685,-117.33559,-115.16105,-113.07908,-110.80438,-108.5447,-106.27742,-103.9543,120.85526,122.17935,123.50345,124.82754,126.15163,127.47573,126.52307,154.33548,124.61775,122.50562,120.42134,118.33706,116.81859,115.29615,113.7737,112.19555,110.6731,114.13829,107.6282,108.88818,104.58331
4.C.1,BG,116.27055,117.50759,118.77599,120.47156,121.65383,123.07185,123.22662,124.40271,122.32905,121.37918,121.79292,121.8529,121.98294,119.82318,118.83452,116.30455,115.90867,115.67525,112.79857,112.26938,108.58522,105.27565,102.03257,99.9176,97.37534,94.16124,91.32727,89.16699,86.89906,84.56023,82.68426,81.17919,79.93485,78.98821,77.45018
4.C.1,CH,90.80399,-614.84871,-281.0879,226.46833,171.48334,348.51784,-495.49344,-295.43673,201.07905,-76.91424,320.82964,255.69575,114.99287,137.59228,2.22085,148.31668,-226.48167,273.88589,146.5682,125.26471,378.67641,-239.2279,470.28523,874.72949,-608.24817,1606.31623,-956.30868,981.85409,873.81407,-216.67419,745.35614,317.73064,-127.63053,249.15233,944.78995
4.C.1,CY,-22.77583,-23.38633,-23.37788,-20.68377,-21.57123,-22.81958,-22.94961,-22.80057,-15.9416,-23.24316,-9.86916,-15.94619,-18.83799,-18.79363,-21.6003,-20.23689,-20.67453,-15.4204,-16.83681,-21.80449,-18.96346,-19.88652,-16.42608,-17.06818,-20.80702,-21.0327,-20.97251,-21.35702,-19.25437,-20.64263,-19.04822,-12.00719,-20.59747,-15.70055,-14.26531
4.C.1,CZ,59.68907,59.68907,59.68907,59.68907,59.68907,59.68907,59.68907,59.68907,59.68907,59.68907,59.68907,59.68907,59.68907,59.68907,59.68907,59.68907,59.68907,59.68907,59.68907,59.68907,59.68907,50.503,41.18049,31.91751,-49.49292,-133.74016,-230.8669,-248.47297,-265.53346,-280.81927,-299.58545,-335.85486,-371.55715,-407.3592,-407.70966
4.C.1,DE,26696.22533,27628.69209,29889.69317,21165.52124,25525.36577,28584.23935,28460.37369,29088.66891,22260.5707,29147.26294,26714.21812,22266.39258,21254.80803,30141.49979,24774.78354,25486.14027,27931.22984,21881.44943,27729.586,27753.30938,23905.56629,23710.47405,25710.04873,24492.58566,25024.8669,25098.60011,27334.5093,21404.75747,31980.55446,28023.35374,28185.93008,24996.75561,30409.49879,23555.19107,25263.74891
4.C.1,DK,511.4188,511.4188,511.4188,511.4188,511.4188,511.4188,511.4188,511.4188,511.4188,511.4188,511.4188,511.4188,511.4188,511.4188,511.4188,511.4188,511.4188,511.4188,511.4188,511.4188,511.4188,511.4188,531.53007,551.64134,571.75262,591.86389,611.97516,632.08643,652.1977,672.30897,692.42024,712.53151,732.64098,721.58117,905.12921
4.C.1,EE,-177.09014,-174.12596,-171.17113,-168.22593,-165.29056,-162.36522,-159.45013,-156.54551,-153.65158,-150.76856,-147.89668,-145.03619,-142.18729,-139.35029,-137.09731,-133.18137,-132.65119,-129.59903,-125.93562,-122.80402,-117.82785,-113.71517,-110.71754,-108.57104,-97.00194,-96.01413,-85.22114,-78.01019,-60.70582,-51.24942,-48.16801,-50.10957,-54.56986,-53.45598,-56.70077
4.C.1,EL,0.18714,0.19889,0.04108,0.49763,0.03275,0.02887,0.03139,0.10013,0.04104,0.03031,0.03653,0.0219,0.17503,0.05766,0.01607,0.0122,0.28293,0.21387,0.02675,0.36903,0.03125,0.06649,0.37676,0.00193,0.14605,0.05128,0.17003,0.87174,0.51277,0.27463,0.18206,0.38281,,0.28747,0.31873
4.C.1,ES,-7.50237,-7.12938,-6.75639,-6.3834,-6.01041,-5.63742,-5.26443,-4.89144,-4.51845,-4.14546,-3.77247,-9.79246,-9.92572,-10.05899,-10.19225,-10.32552,-10.45878,-9.94332,-9.42786,-8.9124,-46.10036,-46.26647,-46.43257,-46.05521,-45.67784,-45.30047,-42.44336,-39.58624,-36.72912,-36.10439,-35.47965,-34.85492,-34.23018,-33.60545,-32.98071
4.C.1,EUA,39272.21404,34472.79725,34846.73667,28894.82116,31778.44321,31688.89504,30518.04697,32757.59371,28693.25049,32512.64994,34581.63284,27440.39648,25351.42844,36608.31443,27238.47367,28730.02455,28307.50516,29264.88029,30368.20045,32405.49944,26219.11009,26541.60091,31016.33222,25235.68032,24286.56913,25181.11331,28117.41402,26581.08379,26992.78119,26453.85295,27084.97494,27323.3752,34443.28475,24461.83736,27408.27994
4.C.1,FI,766.42645,731.51245,700.83712,671.92912,644.50906,624.18472,606.88583,592.24437,582.94583,579.14734,577.77867,574.64738,572.93509,568.89334,560.93034,554.30868,552.35403,546.58275,544.33731,545.95859,537.74609,529.98981,532.719,533.86364,532.21313,528.88367,526.19792,515.89639,505.64171,498.97468,495.03516,491.3151,492.01028,502.93481,512.28844
4.C.1,FR,-885.18103,-980.75542,-1164.47255,-1343.81685,-1395.06316,-1441.57015,-1441.72394,-1228.5389,-996.24089,-781.1119,-623.30178,-586.24537,-664.67733,-762.05211,-753.8535,-645.39724,-537.1235,-418.86949,-357.27144,-184.3696,-524.55248,-843.87362,-1093.57142,-1365.14152,-1581.02824,-1536.33658,-1426.24085,-1130.66654,-3851.29504,-845.18528,-1139.157,-568.60182,-469.15825,-647.37038,-561.92437
4.C.1,HR,2.06947,2.06947,2.06947,2.06947,2.06947,2.06947,2.06947,2.06947,2.06947,2.06947,2.06947,2.06947,2.06947,2.06947,2.06947,2.06947,2.06947,2.06947,2.06947,2.06947,2.06947,2.06947,2.06947,2.06947,2.06947,2.06947,2.06947,2.06947,2.06947,2.06947,2.06947,2.06947,2.06947,2.06947,2.06947
4.C.1,HU,25.30709,-44.23696,-18.96697,49.8057,73.97645,-10.51322,-49.91673,-44.97595,-84.41864,-105.59644,-128.36559,-133.84708,-168.18488,-188.24762,-213.81039,-219.46809,-235.88716,-244.42179,-287.75237,-289.33376,-320.72467,-306.61135,-283.65738,-270.80554,-253.84759,-248.02436,-222.98236,-199.32269,-193.77566,-183.54545,-172.63665,-148.53403,-122.26722,-95.23313,-69.57143
4.C.1,IE,2257.55115,2482.53448,1989.59578,1834.66088,1782.76219,1967.40673,1753.6565,2008.06401,1943.74081,1842.43614,1513.85949,1479.17842,1871.75727,1709.27194,1542.15704,1423.21481,1437.03436,1514.9848,1607.40881,1526.23766,1067.22383,1165.30593,1304.43726,1274.22061,1235.65628,1280.75734,1172.46133,1020.34244,992.50208,984.43256,1090.06357,1087.59001,1104.15886,1104.3112,1070.8495
4.C.1,IS,2162.45348,2469.39711,2677.74956,2786.46048,2996.0433,3120.21903,3248.50359,3326.4438,3495.40027,3532.32779,3578.17244,3585.25929,3685.55654,3804.8951,4071.48604,4242.50944,4264.73072,4283.58687,4311.9961,4314.01949,4319.00964,4324.14888,4330.8954,4358.06606,4370.11208,4385.14432,4397.27801,4419.24823,4450.03497,4481.51689,4518.90427,4546.90304,4585.15591,4613.20177,4642.3212
4.C.1,IT,5448.23915,2181.82223,2133.539,5124.83442,2479.47309,-1081.18622,-796.71235,662.95906,2468.0614,-717.57233,878.36868,-719.58851,-1902.08412,-315.69528,-1342.22475,-1932.50389,-2175.48813,4403.86774,-817.63001,-325.34875,-1957.7724,-502.09615,2440.85046,-2226.26896,-1777.83084,-1668.99244,-1546.92895,1947.43538,-2809.50748,-2531.912,-2167.42099,237.45963,841.9545,-1932.3357,-2171.27946
4.C.1,LI,2.07164,1.89183,1.70691,1.79042,2.00617,1.47092,1.9271,2.26314,1.94194,1.35106,1.38075,1.56573,2.198,1.62397,1.34038,1.84501,1.56666,1.61891,1.41468,1.69966,1.75931,2.46524,2.42055,1.53496,1.54709,1.39415,0.66046,0.93186,2.33931,1.29625,1.98727,1.47312,1.82635,1.99884,1.90627
4.C.1,LT,1112.97037,1102.22711,1104.13617,1106.46946,1101.20389,1102.05236,1096.15043,1076.32348,1078.02042,1079.08101,1066.21657,1067.06504,1069.18621,1071.09527,1059.71565,1048.76027,1045.40375,1039.28971,1049.6461,1052.61575,1059.57826,1057.80659,1036.84432,1044.83006,1013.76088,1014.95885,1020.22443,1007.53474,993.53498,978.61007,855.59752,1016.0837,956.75811,985.82763,1012.27802
4.C.1,LU,,,,,,,,,,,,,,,,,,,,,,,,,,,,,,,,,,,
4.C.1,LV,1317.93222,1465.9497,1420.95164,1095.1575,1252.94314,1384.39924,1141.03888,1233.99056,1211.7967,1492.8864,1437.02914,1387.0469,1115.24362,834.13635,613.69785,546.77388,537.4097,562.07317,692.60114,658.61828,554.89938,482.31561,457.05352,444.98288,408.23594,294.0052,339.41791,257.94499,495.24933,269.9739,202.48221,210.8557,421.21474,457.56512,600.16127
4.C.1,MT,,,,,,,,,,,,0.01215,-0.0081,-0.0081,-0.0081,-0.0081,-0.0081,-0.0081,-0.0081,-0.0081,-0.0081,-0.0081,-0.0081,-0.0081,-0.0081,-0.0081,-0.0081,-0.0081,-0.0081,-0.0081,-0.0081,,,,
4.C.1,NL,1772.19724,1723.29624,1731.74077,1565.50777,1820.9137,1743.18624,1645.76602,1428.64002,1637.88668,1540.04964,1772.56707,2133.18645,2191.60114,1798.95855,1799.11859,1600.98598,1752.63017,1878.74184,2054.95812,1882.977,1924.90356,1928.6474,1664.18172,1649.7325,1871.27911,1927.19235,1718.02928,1755.83508,1674.93619,1593.7119,1400.24854,1389.98012,1410.42718,1581.02913,1843.63242
4.C.1,NO,-195.03014,-192.56452,-189.74956,-186.11278,-181.91527,-181.98494,-175.35935,-179.13141,-188.04876,-188.2008,-191.72568,-197.75079,-205.48643,-207.31291,-212.30488,-205.78316,-214.65819,-215.82329,-241.78937,-239.70991,-249.65094,-252.86054,-267.0225,-282.46564,-339.42775,-345.11666,-418.18512,-431.70358,-461.41282,-414.98253,-494.94044,-438.56478,-465.42351,-489.08731,-506.91032
4.C.1,PL,-293.12801,-311.26982,-331.2366,-351.90467,-374.37153,-397.36277,-419.84559,-319.62225,-215.93268,-111.04007,20.21112,135.20524,253.04273,372.46417,491.19586,610.08738,633.38278,658.76647,681.7597,704.32726,723.2322,753.50118,784.7003,819.27227,853.06725,887.47842,921.42477,953.52606,990.30301,1024.57781,993.53227,991.31822,1006.15476,1023.40327,1019.41495
4.C.1,PT,966.32048,-1299.80859,-2442.56516,-1909.17073,-968.55962,-661.30972,-937.41809,-1259.38478,-722.23949,-974.70119,1786.4432,245.1425,116.39067,1791.07809,-1067.55666,499.59246,-2393.28444,-2318.24724,-2262.6277,-683.77935,-425.76691,-1353.1361,-1395.36971,-861.36214,-2383.64089,-1627.90693,-721.45555,97.30909,-2724.40252,-2333.5002,-1754.71487,-1658.06457,-1059.66692,-1483.48703,-754.50587
4.C.1,RO,-73.22136,-73.22043,-73.21949,-73.21856,-73.217,-73.21544,-73.21388,-73.21232,-73.21077,-73.20921,-73.20765,-73.20765,-73.20765,-73.20765,-73.20765,-73.20765,-73.20765,-144.89512,-135.5233,-126.15149,-113.73531,-102.05478,-92.12273,-81.77089,-270.74904,-408.68731,-522.11447,-607.42029,-659.80076,-677.01102,-503.36577,-410.15712,-355.95428,-282.80759,-233.84334
4.C.1,SE,-798.60504,-797.21399,-789.38554,-785.50112,-841.46033,-830.40758,-948.54844,-903.43008,-929.35611,-918.39874,-886.92732,-856.85382,-829.1479,-947.88248,-882.2973,-893.89185,-849.94186,-855.53847,-832.29958,-835.01906,-873.08859,-697.45169,-821.27489,-950.312,-1043.94797,-967.67196,-1021.74238,-906.30301,-893.11654,-889.34731,-963.27204,-898.34525,-842.39766,-858.67977,-862.41756
4.C.1,SI,217.38072,-84.77387,-58.66684,-22.42274,-21.20091,2.66665,-301.5771,-293.25688,-267.66562,-282.95162,-276.41247,-273.33768,-269.03393,-242.4643,-302.43901,-334.28704,-355.04826,-342.53492,-344.74572,-343.74985,-347.81014,-327.02435,-290.10682,-299.15378,-297.99412,-298.82291,-271.53942,-369.30373,-357.35569,-322.9269,-298.7698,-268.14361,-202.36296,-224.66891,-211.91346
4.C.1,SK,21.95924,21.95924,21.95924,21.95924,21.95924,21.95924,21.95924,21.95924,21.95924,21.95924,9.43333,8.80917,23.64254,58.51531,17.22066,39.93683,17.90358,73.65009,14.74932,38.38676,12.93573,30.95757,62.31887,23.59842,6.69319,24.23431,4.24638,10.40397,5.03315,10.00325,4.62483,5.3306,40.53779,3.40613,2.40931
4.C.1,TR,0.02759,0.02759,0.02759,0.02759,0.02759,0.02759,0.02759,0.02759,0.02759,0.02759,0.02759,0.02759,0.02759,0.02759,0.02759,0.02759,0.02759,0.02759,0.02759,0.02759,0.02759,0.02759,0.02759,0.02759,0.02759,0.02759,0.02759,0.02759,0.02759,0.02759,0.02759,0.02759,0.02759,0.02759,0.02759
4.C.2,AT,422.29417,417.82078,413.30892,408.77961,409.31975,205.4423,208.04284,210.60914,213.18155,213.43904,213.58349,213.716,468.45755,464.02418,462.96157,465.62089,466.79294,474.61482,503.42944,303.4411,295.39315,291.20491,284.98103,288.55935,289.65554,318.99072,293.76966,273.03501,232.24702,228.60287,230.66066,217.41477,218.55076,226.24241,214.19606
4.C.2,BE,42.12467,31.55017,20.79152,9.84872,-1.27822,-12.58931,-24.08455,-35.64408,-47.45826,-59.42838,-71.58248,-83.92054,-96.47642,-109.21631,-122.1402,-134.46684,-146.88006,-159.37987,-171.96626,-184.63924,286.38605,263.60322,240.38892,-168.63881,-175.24244,-182.33742,2.4138,-14.21646,-32.02067,-51.45555,-70.34176,-89.39507,-109.42195,-129.61805,-146.47525
4.C.2,BG,-917.10847,-1009.38917,-1171.97932,-1426.77557,-1449.26174,-1394.67835,-1462.10815,-1467.39203,-1190.81272,-1147.98178,-1618.98871,-1639.96192,-1782.55174,-1523.36795,-1720.72966,-2637.89521,-1804.61688,-2028.57051,-1579.49982,-1496.96772,-1433.87494,-1364.56082,-1274.57789,-1155.94504,-1141.48494,-1010.1256,-974.02791,-844.13515,-928.13936,-990.81656,-885.33091,-703.82662,-856.52684,-586.36233,-545.66931
4.C.2,CH,77.76053,75.58489,87.67301,83.61961,108.69593,131.03093,104.88636,122.20324,169.24291,192.1531,203.55853,183.27683,192.41131,221.61662,163.58639,235.89456,231.81155,232.32678,265.5862,244.12441,294.8518,232.40628,266.86568,347.81047,217.83516,376.94473,195.66957,363.11808,367.33723,220.00304,234.98676,286.65185,227.7745,231.94891,243.53148
4.C.2,CY,0.40558,-0.09073,-0.58705,-1.08336,-1.57967,-2.07599,-2.5723,-3.06862,-3.56493,-4.06125,-4.55756,-5.45943,-5.45943,-5.45943,-5.45943,-5.45943,-5.45943,-5.44784,-5.45731,-5.46678,-4.97993,-4.49307,-4.0062,-1.34095,-0.83501,-0.32906,0.16468,0.65842,1.15216,1.66069,2.16173,2.15916,2.15659,2.15402,2.15145
4.C.2,CZ,-253.4978,-227.8634,-317.04265,-351.42782,-492.74639,-549.74352,-800.39069,-642.50011,-523.56175,-632.84925,-696.5717,-681.71614,-709.23099,-674.32001,-707.56605,-701.33389,-723.52075,-694.99721,-696.67293,-666.67301,-679.74168,-505.23444,-536.30165,-570.38201,-522.87542,-491.06554,-344.70966,-351.87915,-378.76796,-387.91761,-368.22807,-396.10927,-401.17646,-405.94897,-415.52402
4.C.2,DE,-4176.34307,-3983.06636,-3832.4799,-4431.44729,-4157.27297,-4187.09388,-4006.62142,-3944.83866,-4515.98945,-4108.69469,-4305.77395,-4601.0342,-5064.92067,-3384.62949,-4008.4608,-4267.08636,-4065.34548,-4758.58662,-3911.89428,-3976.8294,-4591.65766,-4416.10798,-4360.46811,-4188.60014,-4139.14169,-4101.76423,-4246.37019,-4438.72395,-2703.23948,-3338.19082,-3364.66074,-4053.28,-3197.09343,-3974.46574,-3794.62949
4.C.2,DK,71.75399,72.09778,69.89327,67.68877,65.48428,63.27978,61.07528,58.87079,56.6663,54.46181,52.25732,50.03879,47.82025,45.6017,43.38315,60.57208,68.61258,66.69036,65.0999,63.07301,61.16772,59.70447,64.1422,20.6558,169.56124,177.45489,78.09534,50.15461,40.28799,46.87127,43.27015,131.02787,51.74372,62.73564,63.31838
4.C.2,EE,-146.39468,-127.98815,-124.12408,-120.27207,-116.43019,-112.59766,-108.77372,-104.95736,-101.14814,-97.34514,-93.54754,-89.75455,-85.96598,-82.18108,-134.5955,-130.81499,-111.58359,-23.78844,-116.15284,-152.28488,-150.50461,-169.41955,-176.32038,-154.86538,-188.47493,-182.51819,-188.20177,-203.90659,-219.54896,-233.914,-222.02958,-208.8878,-224.85654,-226.88526,-199.85161
4.C.2,EL,0.02805,0.00217,1.45072,54.36923,-44.52522,-42.79246,-48.28859,-47.83438,-64.91377,-88.4774,-109.15303,-109.15303,-91.37289,-106.88612,-59.53637,-287.23714,-375.687,-379.00315,-444.8101,-458.24946,-464.71814,-333.61326,-773.97215,-670.40092,-512.76665,-1250.68002,-1392.99535,-1277.05612,-1712.32346,-1770.89239,-1944.31167,-2011.77536,-2040.8194,-2070.79442,-1935.3914
4.C.2,ES,-788.47496,-781.00521,-978.30894,-1033.02273,-833.24702,-1074.66071,-1213.18086,-1242.43943,-1240.55291,-1343.90843,-1238.64316,-1467.96577,-1506.8954,-1470.68745,-1512.31229,-1422.6295,-1540.20808,-1572.024,-1625.27477,-1543.11587,-1679.5751,-1565.79562,-1338.72088,-1430.52612,-1440.92573,-1359.05806,-1453.36198,-1337.38008,-1455.07882,-1174.1529,-1135.34221,-1096.42097,-901.20636,-1089.16234,-1012.04524
4.C.2,EUA,-12220.44414,-14770.5112,-14556.86032,-14589.45573,-13776.34834,-13213.79469,-11752.19132,-11716.78893,-13020.34938,-12782.71533,-14571.66846,-15224.80775,-15472.22274,-13301.59711,-14985.9415,-15771.02634,-15330.07757,-13507.50774,-13473.41837,-13911.10236,-14828.02272,-13963.36566,-14763.72567,-15050.93171,-16271.85444,-18061.57625,-18453.06154,-18114.58532,-23027.31162,-19611.13944,-24452.66726,-23610.911,-24908.76488,-24895.50723,-23888.24366
4.C.2,FI,268.45133,281.62933,277.57767,294.63867,293.0455,294.86233,286.814,307.35283,289.9875,280.19933,270.40383,292.00417,273.2895,274.83133,337.0455,370.66883,369.6715,371.36,360.2885,308.385,280.9785,243.58767,242.20533,245.2285,231.29333,246.5045,273.823,279.84183,291.64483,296.47017,260.964,229.67817,204.215,162.6845,141.152
4.C.2,FR,-3701.97811,-5286.23457,-4552.67726,-3686.77928,-2952.74166,-2120.15975,-1539.05037,-1218.14889,-1034.16569,-965.05252,-1234.29785,-2008.83522,-2269.47796,-2466.32304,-2647.80098,-2753.847,-2834.2752,98.89297,99.87856,241.1237,263.01328,577.46721,789.1069,398.98682,632.80094,782.61164,962.53879,1715.59064,-5383.64066,-1762.56948,-2251.21937,-1193.34421,-791.57768,-685.36059,-370.63216
4.C.2,HR,-8.42634,4.16077,0.6435,-1.63391,-5.48314,-8.83092,-11.78369,-15.93652,-18.69867,-21.39856,-25.75558,-17.73661,-26.70551,-36.31084,-44.69018,-41.85559,-61.33587,-75.46733,-104.22056,-98.0567,-114.30768,-121.97182,-148.53488,-173.92009,-184.52558,-217.97129,-256.55031,-241.88084,-262.38595,-264.4084,-265.27109,-257.47242,-251.46387,-238.67801,-232.80978
4.C.2,HU,-4.66578,86.24961,69.4234,27.45996,13.27309,10.01285,6.5991,0.2517,-13.31035,-10.29682,-29.2561,-50.60091,-66.59741,-76.73256,-67.91379,-76.01668,-75.21557,-54.92384,-59.95071,-48.76578,-46.41999,-39.82158,69.55806,-40.82715,-27.57455,30.30919,25.54596,64.51134,147.2456,48.96962,48.10386,92.53225,25.60153,24.11685,22.64054
4.C.2,IE,1.8925,1.98354,2.07457,2.16561,2.25665,59.92281,60.79901,61.67521,62.55141,63.42761,94.70541,96.65455,97.92474,188.42916,280.24771,194.99984,16.54222,20.56168,136.35944,49.22891,150.26923,220.14939,104.74227,175.21724,30.61958,123.2409,30.18131,29.30511,175.12278,279.55517,188.05936,30.22511,39.98836,37.0788,24.89221
4.C.2,IS,1839.57962,1531.18732,1317.74179,1229.30369,1020.14756,897.47427,770.75346,700.84919,545.78034,527.90896,505.17668,519.5496,448.25347,340.58086,87.34156,-59.75991,-32.23552,-15.72815,6.27251,26.33302,31.94851,37.32877,46.75678,36.98849,42.04127,42.22088,37.82917,25.84811,12.41277,-4.46231,-29.26023,-51.1197,-104.44422,-101.26057,-113.65626
4.C.2,IT,-1124.43624,-1099.02027,-1073.60416,-1048.18793,-1022.77155,-997.35505,-1726.98823,-2010.16308,-2271.45308,-2319.30231,-2621.40328,-3137.55511,-3127.44177,-3365.18273,-3678.23378,-3792.59284,-3815.36571,-4230.59211,-4817.02571,-5984.76551,-6529.70467,-6089.87834,-6224.57687,-6356.60176,-6346.05095,-6724.88702,-6032.64064,-5821.71664,-5604.90485,-5373.94791,-5142.13727,-4801.38843,-4401.01313,-4022.75346,-3674.52395
4.C.2,LI,0.10219,-0.12912,0.7377,-0.04549,0.00369,1.3149,0.10006,3.65793,3.53937,3.99804,2.37049,4.83996,4.41092,3.39073,1.58648,3.47918,3.35238,3.34944,2.80304,1.26375,2.90504,1.91233,2.54309,1.59419,3.01009,3.95266,6.0816,5.3275,4.14157,3.82721,1.87524,1.76595,1.47175,3.96758,2.64773
4.C.2,LT,-388.11455,-1087.32451,-1189.78558,-1246.49006,-1446.30374,-1407.94167,-717.28016,-1133.17628,-1700.72247,-1878.79344,-2122.64141,-2022.55919,-1762.23051,-1340.02853,-1092.3693,-945.78912,-850.98372,-710.68119,-737.88674,-609.47166,-2049.78441,-987.75209,-806.38756,-521.35063,-498.60799,-284.60022,-275.67967,-245.69102,-191.8459,-252.78042,-267.4905,-297.55551,-145.96687,-179.76657,-251.5045
4.C.2,LU,-68.71725,-68.79312,-68.83068,-69.00804,-69.0542,-69.10593,-69.16918,-69.34639,-66.11782,-62.83284,-65.12342,-61.87424,-58.62646,-55.44697,-52.11469,-48.78469,-45.94834,-43.02327,-49.43859,-42.89695,-40.42806,-35.64541,-31.11154,-20.33769,-16.22777,-11.99568,-17.33151,-13.61888,-12.50794,-7.36694,-6.45683,-5.60973,-4.7859,-3.89102,-3.12702
4.C.2,LV,668.45614,234.75309,264.15411,269.66734,311.19016,357.02672,505.88611,583.09795,640.8441,795.03955,856.05626,1931.0724,2023.75203,2005.48231,1944.60231,2014.26494,2158.71727,2454.92681,2964.54089,1966.53833,1645.76119,1427.7853,1398.07199,1334.38799,1694.25697,1466.20998,1598.80193,1723.61665,1829.12642,1495.86693,1316.09773,1134.50832,865.68439,811.09196,736.03074
4.C.2,MT,-22.00019,-24.80115,-17.35835,-17.35835,-17.35835,-16.18723,-16.18723,-16.10936,-15.33118,-15.33118,-15.33118,-9.05773,-9.40668,-9.40668,-4.62971,-3.88997,-6.94443,-5.7349,-4.64938,-3.56554,-2.65126,-2.65126,-2.65126,-2.65126,-2.65126,-2.65126,-2.65126,2.17877,0.44171,-5.79778,-5.79778,-5.60354,-5.77604,-5.77604,-4.51522
4.C.2,NL,-807.28563,-767.26713,-730.98812,-699.31728,-662.11918,-644.19445,-622.27331,-597.47986,-581.75515,-561.77364,-556.02267,-555.43022,-552.33623,-559.78902,-789.3885,-777.28544,-774.54867,-764.78723,-764.32878,-660.78873,-608.34423,-565.70376,-538.56337,-499.04683,-476.80579,-487.49471,-463.96575,-775.02381,-807.4212,-828.3735,-871.2741,-808.87936,-764.58498,-677.84747,-736.58936
4.C.2,NO,43.71934,42.88324,43.33426,42.03025,43.71566,77.30448,195.44296,229.40643,206.98259,232.22543,221.14521,125.56926,93.41116,155.26247,90.26254,237.48914,335.93244,429.5212,510.93629,729.66664,565.57481,592.79844,728.66692,618.22147,454.0533,718.92979,662.65476,397.55175,478.94418,654.06019,447.1547,519.63284,544.05996,491.60089,435.46991
4.C.2,PL,809.11596,813.26505,790.14028,743.53414,772.29052,828.21417,854.0621,833.48757,632.58309,841.09478,407.53811,473.12192,312.26546,93.10948,220.78072,259.46701,202.38529,219.45043,135.55341,94.50078,128.89416,160.71466,173.03932,171.73772,211.22765,24.06838,-26.3973,304.62464,148.72268,156.50149,134.19842,111.82011,206.26321,296.6645,-235.95666
4.C.2,PT,,1.35585,1.39112,1.45239,1.51843,1.57317,982.13265,819.74819,776.0407,632.09326,664.00479,565.00822,613.04857,872.1174,380.96804,764.35796,257.98564,199.02423,-513.06127,-452.56614,-390.65467,-470.23492,-422.83621,-361.5382,-388.29052,-368.11542,-431.02449,-390.10692,-353.07002,-306.8072,-251.59016,-223.02917,-182.05612,-93.90457,-55.69007
4.C.2,RO,-1580.49161,-1585.6124,-1589.92447,-1599.84491,-1604.74589,-1614.79754,-1623.50701,-1631.57333,-1639.69646,-1645.76692,-1577.14851,-1580.58553,-1593.86245,-1596.81402,-1594.80875,-1587.42307,-1549.34518,-1987.5134,-1945.9249,-511.42641,-88.72272,-367.5845,-1296.60343,-1281.29934,-3086.68429,-4461.02309,-5458.68267,-6402.99472,-6820.92585,-6509.10531,-9655.28054,-9470.88371,-12434.48813,-13194.80225,-11898.72547
4.C.2,SE,403.6942,64.15266,229.80597,164.10463,49.7505,46.53605,62.21765,370.92586,62.15832,81.85517,76.45297,68.54321,283.97628,143.62512,132.88432,132.4321,349.05191,555.27044,248.1386,391.385,1284.17923,205.90196,92.84322,343.52492,10.44111,285.63321,210.11934,1.2587,1111.70237,1222.12386,119.94028,101.95669,195.07142,1055.25115,392.65301
4.C.2,SI,-716.81599,-613.512,-601.4324,-589.3528,-577.2732,-565.1936,-616.23647,-589.6366,-563.04052,-536.44824,-509.85974,-483.27504,-456.25836,-276.62305,-242.42223,-208.21056,-173.98803,-235.88551,-199.02653,-162.16754,-125.30856,-97.7428,-70.17704,-226.66434,-207.75657,-188.8488,-185.10082,-35.74765,-23.90166,-10.0063,3.88906,17.78442,31.67978,40.33546,48.70844
4.C.2,SK,-203.91007,-117.56384,-448.39243,-311.16341,-240.28487,-260.66684,-171.32414,-192.56321,-162.06901,-244.58308,-311.01277,-308.49164,-326.94026,-249.41252,-303.64259,-210.79168,-258.58492,-237.89306,-239.46564,-270.08086,-222.68692,-275.27322,-216.99551,-204.29341,-184.78873,-191.13409,-178.82407,-165.28306,-115.28243,-119.25847,-93.24994,-56.55671,-36.90595,-27.84542,-20.32596
4.C.2,TR,,77.96585,183.32056,244.62522,376.45075,286.88536,416.94256,224.75996,401.89129,417.07463,91.7738,119.89811,282.31691,172.4996,407.22811,253.81646,543.47897,409.91314,598.43609,481.65143,627.22481,388.5586,636.30262,456.72744,743.131,971.71479,568.92466,412.96288,598.76662,482.14577,640.15429,378.78865,625.51787,447.37,735.53333
4.D,AT,64.94521,64.92329,64.89921,64.87513,64.89739,51.89673,56.52871,56.57126,56.61445,56.64074,56.66176,56.68279,68.04027,68.05127,68.05907,68.04572,59.55366,61.30885,71.27859,102.7955,103.2439,106.99613,103.87036,130.04422,104.8495,94.37048,109.77494,93.6431,93.5586,90.75364,90.76068,89.72119,89.72758,91.9333,91.93921
4.D,BE,11.95411,11.81749,11.6803,11.54253,11.40419,11.26527,11.12577,10.98569,10.84504,10.71003,10.57445,10.4383,10.2948,10.15071,10.00604,9.85632,9.70546,9.55346,9.40031,9.24602,-6.0644,-6.70472,-7.34963,22.27057,22.32014,22.08975,8.01971,7.67809,7.32533,14.11388,13.86873,13.62133,9.34429,8.83462,8.33996
4.D,BG,40.15676,37.7946,35.43244,33.07027,30.70811,48.62665,51.72161,52.55292,55.10088,57.64965,60.73073,63.74223,66.82118,69.5891,72.52488,75.42879,78.40031,81.45093,86.64787,92.11387,97.31944,102.56751,107.77116,115.44194,103.31174,99.24919,95.18009,91.36607,87.58808,83.83091,80.01653,76.15709,72.24739,68.33944,64.41187
4.D,CH,141.16403,135.81778,133.51344,142.96379,148.82749,155.41755,153.89816,156.1948,161.45219,159.94341,159.49253,155.35004,155.56231,161.36253,157.75921,158.53749,162.64493,153.39802,167.47482,166.97469,167.00042,153.6916,169.96277,167.04287,154.42932,150.54506,165.14716,153.97458,157.32423,151.11976,147.12635,143.45156,158.51783,140.98132,142.31905
4.D,CY,,,,,,,,,,,,,,,,,,0.43902,0.45403,0.46905,0.48406,0.49949,0.51501,0.44668,0.45966,0.47264,0.47264,0.47264,0.47264,0.48836,0.49612,0.49612,0.49612,0.49612,0.49612
4.D,CZ,-14.54608,3.17397,-23.6535,-23.99146,-30.17303,-25.31617,-20.55134,-15.39268,-0.65684,9.52448,12.77193,-15.63828,16.49634,-0.2389,-7.42456,-2.36898,-5.18002,-5.64488,0.40669,-2.26706,28.26543,37.97247,8.76897,25.16977,6.20411,6.2143,10.38736,1.50589,-1.98457,5.02652,26.42921,7.13305,49.23638,-15.21707,11.65434
4.D,DE,3586.66833,3830.81467,4225.40751,3215.13213,3716.07928,3879.42516,4097.20204,3975.81491,3249.53756,4288.32517,3988.13204,3560.43274,3072.58546,4575.75846,3603.64592,3766.42209,4246.84751,3423.40036,3885.29077,4060.69631,3480.08754,3805.20048,3834.04812,3777.8237,3777.93654,3750.49553,4224.57051,3397.44684,5561.95393,4395.02653,4572.59328,4104.46983,5153.83907,3544.29646,3478.53498
4.D,DK,109.65031,100.05052,99.58633,85.63597,81.45146,76.80191,92.84667,116.56459,94.70854,75.41021,74.01595,83.31722,94.71117,89.59619,96.80478,92.35917,95.50541,73.66151,51.15173,66.50097,57.67589,63.99854,48.49568,42.6253,51.94207,42.41309,33.38211,25.36493,53.45827,35.67877,42.53458,42.55754,36.67162,18.49438,38.88638
4.D,EE,391.35965,201.33042,885.17122,204.78444,787.44954,710.73841,595.95074,682.31747,326.88621,886.70517,577.292,674.10064,1033.63708,841.49898,682.61133,903.41889,1030.14034,647.8455,705.68381,706.74582,788.58756,772.5953,704.32381,950.04132,765.93386,791.37291,602.26252,906.2472,1131.83436,957.51202,857.65141,1204.27763,1276.08356,1162.91695,1295.06112
4.D,EL,,,0.04242,0.70043,0.25753,0.07633,0.20373,0.56956,2.15703,0.32943,2.5119,0.74204,2.37383,1.36961,26.30323,3.09741,4.23408,3.58419,2.81951,2.81951,2.60854,2.58905,2.85335,2.52156,0.09265,0.07412,0.03106,0.01438,0.21383,1.57322,0.9387,2.21516,0.85174,53.50584,16.37109
4.D,ES,-112.07434,-112.43953,-117.70938,-121.35095,-124.02426,-120.9625,-124.5913,-123.21682,-121.90785,-122.84101,-122.63944,-135.33481,-125.55086,-115.81283,-108.37015,-94.22958,-80.6699,-39.71002,-50.93803,-69.47745,-122.68244,-107.40547,-112.7356,-115.85578,-109.40623,-104.82098,-109.14932,-110.48235,-95.84302,-66.14889,-56.23293,-56.21415,-55.61064,-54.17669,-53.79289
4.D,EUA,12386.72337,12337.00644,11997.39898,10518.94592,12035.66117,12269.29535,12203.31384,12155.13438,10385.25894,13363.20334,12192.0522,13166.68258,13199.81252,15262.17126,14043.72215,15156.84459,15553.49615,13108.54154,14309.9925,14261.77827,14948.88368,15655.11862,14292.03003,15776.01437,14997.40964,15736.50724,15488.06862,15808.76289,17634.45427,16048.66207,16584.12771,15855.23685,16185.071,14491.42624,14200.31433
4.D,FI,1333.62167,1315.21133,1500.61083,1446.929,1662.9195,1531.96817,1578.39367,1650.02567,1453.331,1862.03417,1668.03083,1878.53967,1914.6435,1836.428,1754.5825,1977.33067,2246.58133,1940.89683,2079.69667,2205.41383,2188.098,2116.7465,1969.242,2184.0555,2058.82233,1993.23117,2012.648,2007.05817,2127.972,2016.619,2024.31167,2150.54033,1992.67933,1926.67933,1764.06633
4.D,FR,745.42416,634.79986,733.64186,811.27182,867.87928,897.54433,874.85509,879.6859,877.52062,876.3982,881.1765,828.01495,792.17901,754.21238,721.31704,699.41033,689.49312,683.13918,671.70294,825.74411,868.73893,871.52043,964.80766,983.58827,997.66943,1016.47889,1136.59832,1110.0181,1077.72672,1167.51528,1152.90831,1154.39497,1171.28127,1163.91088,1167.37254
4.D,HR,76.56394,66.87551,63.86165,60.84779,57.83393,54.82007,51.80622,48.79236,45.7785,42.76464,39.75078,36.01291,32.77383,29.53475,26.29567,23.05659,19.81751,17.38561,14.39762,11.40964,8.42165,8.44752,8.4734,9.3312,9.61587,9.90054,10.18521,10.46988,10.75455,11.03922,11.32389,11.83378,12.34368,12.85357,13.36346
4.D,HU,259.45074,198.77975,151.5116,243.61235,162.74831,181.89738,139.32803,191.50451,191.51682,223.19543,227.36034,230.08126,223.81034,188.18128,198.76637,207.9427,212.44091,181.3976,171.15537,215.84362,164.76283,195.00538,174.91812,200.71457,161.52904,204.25517,183.07613,199.69324,155.08598,154.81396,182.17381,177.73758,192.9782,163.50179,201.75944
4.D,IE,1841.18282,1711.2079,1628.04355,2139.84872,1981.39265,2343.9885,2218.7248,2026.32585,1829.36864,1828.76093,1780.7005,3035.86827,2382.65566,3238.95617,3044.807,2799.30989,2710.02325,2467.92825,2483.95286,2352.34892,3414.05231,3412.09501,2447.2029,2701.2399,2757.41506,2871.00224,2714.54596,3528.32516,2407.01736,2369.47573,2525.7336,1736.38106,1340.86467,1478.07835,1107.89535
4.D,IS,0.51024,6.16027,6.08187,6.08275,6.08393,6.08393,7.64228,7.5516,7.68257,7.67568,7.67568,7.67775,7.45027,7.35549,7.28533,6.89447,6.89447,7.38569,7.38569,7.37126,7.30577,1.59866,1.5797,1.53746,1.65581,1.63685,-0.11883,-0.18424,-0.35656,-0.60317,-1.13189,-1.39126,-1.56791,-1.58772,-1.58772
4.D,IT,,4.97892,4.97892,4.97892,4.97892,4.97892,8.16216,8.16216,8.16216,8.16216,8.16216,8.16216,8.16216,8.16216,8.16216,8.16216,8.16216,8.16216,8.16216,129.56936,129.56936,129.56936,129.56936,129.56936,129.56936,129.56936,31.61492,31.61492,31.61492,31.61492,31.61492,,,,
4.D,LI,2.64972,2.65664,2.17112,2.18729,2.20672,2.70714,2.18735,3.21544,2.51737,2.28953,2.36223,2.76965,2.2787,3.2567,2.29302,2.30682,2.31008,2.83018,2.30262,2.83303,2.31588,3.22649,2.30949,2.43097,2.73577,2.28202,2.32061,2.74568,1.99861,2.54598,2.21872,2.16838,2.14213,2.10001,2.07756
4.D,LT,1129.09224,934.47681,393.26192,213.95361,558.09354,320.82833,302.65872,302.50553,40.00054,488.40951,357.09691,360.03038,687.6376,453.43852,485.10255,645.79544,681.28586,351.85115,682.76533,553.88317,309.44868,398.13083,414.10674,546.05976,537.15126,632.8201,498.71952,546.06591,734.00024,706.23746,661.81188,647.41726,678.93138,650.5252,704.84661
4.D,LU,0.12874,0.12874,0.12602,0.13015,0.13903,0.14255,0.15771,0.16983,0.16983,0.34549,1.37324,1.58367,1.84543,2.03292,2.25426,2.5088,2.73498,2.73704,1.99122,2.00476,2.03122,2.04489,2.03952,2.04934,2.03092,2.07194,2.07158,2.07349,2.115,1.9944,1.7509,1.54105,1.27671,1.08298,0.85588
4.D,LV,1027.02224,1480.40616,496.29021,234.84462,345.9722,355.31403,342.42675,383.99634,298.8428,679.94128,486.8264,544.70531,838.69753,708.47047,705.4674,884.97812,1081.17308,620.72742,933.27762,910.24545,774.46138,1022.97132,806.2713,1296.32328,967.78024,1278.56755,871.60548,1044.11543,1516.19136,1207.18393,1200.22736,1268.89645,1493.9219,1502.4745,1561.93666
4.D,MT,-0.04253,-0.04253,-0.04253,-0.04253,-0.04253,-0.04253,-0.04253,-0.04253,-0.04253,-0.04253,-0.04253,-0.04253,-0.04253,-0.04253,-0.04253,-0.04253,-0.04253,-0.04253,-0.04253,-0.04253,-0.01352,-0.01352,-0.01352,-0.01352,-0.01352,-0.01352,-0.01352,-0.01352,-0.01352,-0.01352,-0.01352,-0.01352,-0.01352,-0.01352,-0.01352
4.D,NL,-1.45035,0.31987,2.46558,4.63209,6.56272,7.52763,9.5993,10.65952,12.21121,13.62522,15.06946,15.72492,16.86224,16.8021,35.89212,38.59457,41.84968,44.47277,47.65629,69.4839,68.85949,68.45316,68.66212,53.77479,59.27148,62.23821,67.2566,-5.46861,-5.93261,-7.74731,-9.26729,43.18502,40.1198,36.30451,34.26566
4.D,NO,227.1098,226.33231,236.48488,226.00097,221.78754,233.66381,245.354,289.92066,286.57332,277.38476,279.83952,278.36306,240.72186,271.20872,272.96625,285.77585,292.20679,268.11393,312.21665,298.8797,276.2363,279.95729,269.12776,258.73548,259.72905,259.32312,256.13202,341.42458,347.48392,354.32569,335.33575,360.70411,337.78755,325.83863,304.80977
4.D,PL,645.62593,593.6942,583.94087,617.63753,578.25753,655.9542,629.15087,582.54753,600.55087,684.70087,666.58753,514.94227,612.85913,1016.76483,905.06827,1001.60023,896.62723,1088.4115,1034.8162,914.70977,1114.66447,1161.35067,1155.90237,1290.5409,1224.33227,1336.6727,1385.7987,1416.35523,1228.47743,1421.94873,1733.47863,1525.79607,1204.7897,1254.51003,1332.95547
4.D,PT,474.634,473.34731,472.90967,473.0143,473.10775,473.03918,484.66632,492.72622,500.9466,509.10267,517.35703,525.48283,533.56525,541.56878,548.75803,556.75662,564.17087,572.33185,516.59767,504.84256,492.97381,497.96133,488.30425,478.11552,468.4615,459.09616,439.04787,420.4944,401.08351,382.74717,364.40473,345.94749,327.45362,308.79187,290.3444
4.D,RO,697.12808,696.37158,695.67499,694.56297,693.82191,692.69933,691.67616,690.70063,689.7209,688.89322,685.28952,684.37487,682.90324,682.01607,681.40947,681.19524,681.57059,553.29292,527.09237,280.12116,600.44328,654.15939,629.8291,607.42728,538.25984,660.05925,658.19174,650.18195,635.18143,603.8239,598.84052,555.66919,525.56327,549.78723,488.70483
4.D,SE,68.57783,79.52709,79.80875,92.86754,94.48767,106.62496,104.95385,124.24788,157.53588,188.09812,190.90213,198.35869,225.49075,234.5526,470.59112,797.08575,267.94109,290.16494,344.77949,286.76206,353.05031,308.57163,312.35753,342.70894,361.87052,378.62644,501.79048,411.5822,451.6623,440.61409,452.83184,728.53521,547.05374,540.57602,557.11889
4.D,SI,11.64992,9.45853,9.45853,9.45853,9.45853,9.45853,6.3601,6.3601,6.3601,6.3601,6.3601,6.3601,6.3601,11.13017,11.13017,11.13017,11.13017,29.79594,29.79594,29.79594,29.79594,29.79594,29.79594,,,,,22.94014,22.94014,22.94014,22.94014,22.94014,22.94014,22.94014,22.94014
4.D,SK,,,,,,,,,,,,,,,,,,,,,,,,,,,,,,,,,,,
4.D,TR,-0.03293,34.66404,61.52848,153.55289,64.8768,-27.0031,-90.15155,-88.05543,91.77344,-50.23343,-158.57458,-334.57099,-226.83296,-362.62911,-343.98629,-428.09521,-381.0509,-466.3366,-408.27789,-475.99522,-233.17757,-493.16615,-83.93958,-290.10732,-469.30567,-647.59287,-547.32704,-605.80746,-501.393,-531.1506,-263.53927,-522.11832,-101.56499,-354.49333,-557.37
4.D.1,AT,20.74579,20.74579,20.74579,20.74579,20.74579,20.74579,20.74579,20.74579,20.74579,20.74579,20.74579,20.74579,20.74579,20.74579,20.74579,20.74579,20.74579,20.74579,20.74579,20.74579,20.74579,20.74579,20.74579,20.74579,20.74579,20.74579,20.74579,20.74579,20.74579,20.74579,20.74579,20.74579,20.74579,20.74579,20.74579
4.D.1,BE,,,,,,,,,,,,,,,,,,,,,,,,,,,,,,,,,,,
4.D.1,BG,,,,,,,,,,,,,,,,,,,,,,,,,,,,,,,,,,,
4.D.1,CH,117.18923,115.17425,115.22768,115.5825,117.80767,117.53363,117.29821,116.37817,118.71427,117.20881,117.97,115.9895,116.52457,117.05824,117.97952,117.74019,117.01976,115.51797,113.86639,114.13644,117.01477,114.09464,114.42593,114.0216,111.85452,113.57177,114.51152,114.34633,112.29702,113.36672,113.62742,111.94084,116.88725,114.44473,113.62756
4.D.1,CY,,,,,,,,,,,,,,,,,,,,,,,,,,,,,,,,,,,
4.D.1,CZ,,,,,,,,,,,,,,,,,,,,,,,,,,,,,,,,,,,
4.D.1,DE,3527.87022,3739.09007,4098.86371,3176.93353,3652.73138,3779.37718,3984.04506,3877.27566,3230.64523,4184.40776,3896.61951,3509.3257,3033.98963,4414.35525,3528.91634,3659.18292,4096.96849,3378.81999,3764.65201,3924.81594,3408.96529,3711.7131,3694.02491,3625.55836,3618.04828,3599.69056,3853.80766,3171.07474,5004.88516,3977.02642,4211.25363,3536.40668,4315.69645,2881.63144,2889.96874
4.D.1,DK,109.16119,99.86038,99.39534,85.44413,81.25876,76.60835,92.65225,116.36932,94.51242,75.21323,73.81811,83.11892,94.51242,89.39697,96.6051,91.48965,94.51242,72.65551,50.10104,65.44738,56.61161,62.88966,51.72868,44.02146,52.85723,44.4865,46.11414,33.093,57.74015,32.16292,46.57918,46.57918,38.90601,40.30113,40.90569
4.D.1,EE,213.13813,184.21217,869.61747,190.8125,775.07593,699.97968,585.24159,671.65639,316.2751,876.14417,566.78126,663.64031,1023.22734,831.14054,652.37451,880.6057,936.0847,584.10548,652.05283,679.81779,731.54476,744.02252,619.11827,916.11415,740.72082,774.84108,577.32908,829.35769,1076.16724,943.16031,844.61039,1078.27804,1262.37725,1026.33686,1124.32969
4.D.1,EL,,,,,,,,,,,,,,,,,,,,,,,,,,,,,,,,,,,
4.D.1,ES,30.57931,30.14869,24.81341,21.10642,18.36767,21.364,17.66977,18.97882,20.21478,19.20426,19.32095,19.59042,22.25431,24.87418,25.19869,32.22036,38.66038,38.38078,35.76444,25.8367,28.60363,38.11836,27.02599,36.16469,36.4619,34.89482,49.7554,37.32756,40.87208,35.3686,37.69302,37.328,37.54771,38.59786,38.59786
4.D.1,EUA,10341.32825,10558.57756,10134.41242,8618.42931,10095.6477,10173.66529,10105.92747,10118.40385,8401.62424,11161.77308,9945.89089,11124.60252,10779.95094,12409.28706,11158.74451,12552.65488,12376.46502,9977.53179,11088.31241,10965.76052,11476.05159,11376.88426,10391.49079,11760.43962,11088.45972,11664.01204,11170.98694,11681.35008,13491.83665,11821.21771,12115.4733,11317.31306,11766.93803,10088.70291,9808.65373
4.D.1,FI,1278.59233,1235.17167,1396.571,1316.23067,1512.632,1356.674,1412.235,1500.972,1325.58433,1707.52267,1507.957,1722.24433,1762.64733,1637.35733,1566.72633,1742.79967,1979.153,1570.25367,1703.51133,1767.65967,1752.78033,1679.25633,1595.165,1801.52133,1732.874,1705.56833,1745.54967,1765.38633,1942.831,1863.686,1885.488,2035.23833,1891.36933,1833.77333,1674.22567
4.D.1,FR,264.82313,275.22443,284.85514,294.55204,304.30063,313.89087,289.13927,287.27042,283.94472,277.26704,273.62044,269.37164,265.58577,261.7641,257.85754,255.17035,251.30201,234.93256,214.41498,201.28451,187.87991,171.53791,159.94046,149.9365,139.3741,129.86131,120.8556,112.29331,108.39989,100.54831,91.96909,79.2865,69.73991,61.64792,56.68443
4.D.1,HR,,,,,,,,,,,,,,,,,,,,,,,,,,,,,,,,,,,
4.D.1,HU,256.43132,195.77527,148.54301,237.45564,156.61407,175.78558,133.23233,185.43762,185.4724,217.14884,221.34992,225.30415,219.07224,183.48899,194.1526,203.26382,207.8091,180.80631,170.60577,215.3357,164.29659,194.58082,174.53525,201.82807,161.67525,205.7755,184.80475,201.64303,157.23438,157.2052,184.76366,180.50647,195.92614,166.62877,205.06546
4.D.1,IE,1841.18282,1711.2079,1628.04355,2139.84872,1981.39265,2343.9885,2218.7248,2026.32585,1829.36864,1828.76093,1730.66517,2985.63649,2264.71792,3120.3291,2690.40097,2795.4703,2458.86323,2337.27767,2222.10404,2052.28246,3400.82606,2719.84973,2236.46184,2507.18995,2701.97252,2851.57199,2695.1157,3508.8949,2387.5871,2350.04547,2506.4998,1717.34372,1322.51667,1457.20164,1092.29262
4.D.1,IS,,1.53342,1.53342,1.53342,1.53342,1.53342,1.53342,1.53342,1.53342,1.53342,1.53342,1.53342,1.53342,1.53342,1.53342,1.53342,1.53342,1.53342,1.53342,1.53342,1.53342,,,,,,-0.06032,-0.08617,-0.08617,-0.09306,-0.09306,-0.09306,-0.32054,-0.41532,-0.44979
4.D.1,IT,,,,,,,,,,,,,,,,,,,,,,,,,,,,,,,,,,,
4.D.1,LI,1.9822,1.96277,1.96277,1.96277,2.00163,2.00163,2.00163,2.00163,2.05993,2.05993,2.05993,2.07937,2.07937,2.07937,2.07937,2.07937,2.07937,2.07937,2.07937,2.0988,2.11823,2.11823,2.11823,2.14207,2.13767,2.13767,2.07937,2.07937,1.82747,2.2924,2.05993,2.02107,2.00603,1.9822,1.96277
4.D.1,LT,1129.38784,934.87094,414.18785,234.8467,578.98663,349.88815,331.75138,331.63104,69.12604,518.31105,387.03128,389.96476,730.4974,502.7444,540.19165,706.80707,742.33033,412.99416,743.97403,615.93359,371.4991,464.14965,459.62661,597.43648,588.62651,676.09577,541.99519,588.68624,776.62058,750.26107,707.14921,686.92345,703.77573,669.73235,719.85841
4.D.1,LU,,,,,,,,,,,,,,,,,,,,,,,,,,,,,,,,,,,
4.D.1,LV,1027.1631,1480.88619,497.11042,236.00559,347.47448,357.15818,345.55894,388.41753,304.55399,686.94338,495.1205,564.18809,869.37157,750.33798,758.53029,949.23773,1156.6305,707.38324,1031.13159,1008.6113,873.19838,1121.88096,905.35065,1395.5725,1068.92728,1381.6089,975.59678,1149.05402,1622.07801,1314.47768,1308.93075,1369.11509,1585.63376,1585.68845,1634.78558
4.D.1,MT,-0.0033,-0.0033,-0.0033,-0.0033,-0.0033,-0.0033,-0.0033,-0.0033,-0.0033,-0.0033,-0.0033,-0.0033,-0.0033,-0.0033,-0.0033,-0.0033,-0.0033,-0.0033,-0.0033,-0.0033,-0.01352,-0.01352,-0.01352,-0.01352,-0.01352,-0.01352,-0.01352,-0.01352,-0.01352,-0.01352,-0.01352,-0.01352,-0.01352,-0.01352,-0.01352
4.D.1,NL,,,,,,,,,,,,,,,,,,,,,,,,,,,,,,,,,,,
4.D.1,NO,204.35454,204.7747,216.12491,206.83865,203.82286,216.89677,229.78461,226.52376,222.65571,212.94643,214.88047,212.88331,223.74655,234.34725,237.30242,248.66933,256.29792,233.40271,249.52284,235.6541,216.33302,219.82885,209.82926,250.14367,246.91272,246.50679,243.31569,258.15264,261.83569,261.9758,247.79141,262.99222,266.86545,257.46763,238.01275
4.D.1,PL,577.5242,577.5242,577.5242,577.5242,577.5242,577.5242,577.5242,577.5242,577.5242,577.5242,577.5242,488.7256,274.17222,378.33273,415.49041,481.42778,219.38791,241.95172,233.89216,201.65491,225.58246,248.56181,245.60726,260.40929,7.90533,7.90533,13.86257,14.05617,13.91903,13.85047,13.8061,11.76927,11.76927,12.96717,13.9271
4.D.1,PT,,,,,,,-0.04704,-0.09408,-0.14111,-0.18814,-0.23515,-0.28216,-0.32916,-0.37616,-0.42315,-0.47012,-0.5171,-0.56406,-0.6862,-0.80803,-0.92987,-0.93013,-0.93016,-0.93016,-0.93016,-0.93015,-0.87207,-0.80896,-0.75516,-0.699,-0.64105,-0.58352,-0.52585,-0.46801,-0.40741
4.D.1,RO,-3.30087,-3.30087,-3.30087,-3.30087,-3.30087,-3.30087,-3.30087,-3.30087,-3.30087,-3.30087,-3.30087,-3.30087,-3.30087,-3.30087,-3.30087,-3.30087,-3.30087,,,,9.4611,,,,,,-0.00247,-0.00494,,,,,,,
4.D.1,SE,68.03302,77.16403,77.4457,90.22756,91.8477,103.98498,100.75829,119.19746,147.10189,176.07207,178.87608,186.33265,202.79033,198.10003,415.28162,738.00802,177.83842,197.79226,246.0519,187.14612,244.99997,200.52128,203.10375,204.88473,219.2144,231.90982,346.34267,250.56472,283.52491,263.39199,256.63925,518.38958,311.47338,293.93174,297.68764
4.D.1,SI,,,,,,,,,,,,,,,,,,,,,,,,,,,,,,,,,,,
4.D.1,SK,,,,,,,,,,,,,,,,,,,,,,,,,,,,,,,,,,,
4.D.1,TR,-0.03293,-0.03293,-0.03293,-0.03293,-0.03293,-0.03293,-0.03293,-0.03293,-0.03293,-0.03293,-0.03293,-0.03293,-0.03293,-0.03293,-0.03293,-0.03293,-0.07894,-0.0484,-0.0352,-0.0176,-0.0352,-0.0704,-0.37488,-0.1782,-0.1496,-0.3036,-0.1936,-0.1056,-0.1056,-0.1056,-0.1892,,,,
4.D.2,AT,44.19942,44.1775,44.15342,44.12934,44.1516,31.15094,35.78292,35.82547,35.86866,35.89494,35.91597,35.93699,47.29448,47.30548,47.31328,47.29993,38.80786,40.56306,50.5328,82.04971,82.49811,86.25034,83.12457,109.29842,84.10371,73.62469,89.02915,72.89731,72.81281,70.00785,70.01489,68.9754,68.98179,71.18751,71.19342
4.D.2,BE,11.95411,11.81749,11.6803,11.54253,11.40419,11.26527,11.12577,10.98569,10.84504,10.71003,10.57445,10.4383,10.2948,10.15071,10.00604,9.85632,9.70546,9.55346,9.40031,9.24602,-6.0644,-6.70472,-7.34963,22.27057,22.32014,22.08975,8.01971,7.67809,7.32533,14.11388,13.86873,13.62133,9.34429,8.83462,8.33996
4.D.2,BG,40.15676,37.7946,35.43244,33.07027,30.70811,48.62665,51.72161,52.55292,55.10088,57.64965,60.73073,63.74223,66.82118,69.5891,72.52488,75.42879,78.40031,81.45093,86.64787,92.11387,97.31944,102.56751,107.77116,115.44194,103.31174,99.24919,95.18009,91.36607,87.58808,83.83091,80.01653,76.15709,72.24739,68.33944,64.41187
4.D.2,CH,23.9748,20.64352,18.28577,27.38129,31.01982,37.88393,36.59995,39.81664,42.73793,42.7346,41.52254,39.36054,39.03774,44.30429,39.77969,40.7973,45.62517,37.88006,53.60843,52.83825,49.98565,39.59696,55.53684,53.02127,42.5748,36.97329,50.63564,39.62825,45.02721,37.75303,33.49893,31.51072,41.63058,26.53659,28.69149
4.D.2,CY,,,,,,,,,,,,,,,,,,0.43902,0.45403,0.46905,0.48406,0.49949,0.51501,0.44668,0.45966,0.47264,0.47264,0.47264,0.47264,0.48836,0.49612,0.49612,0.49612,0.49612,0.49612
4.D.2,CZ,-14.54608,3.17397,-23.6535,-23.99146,-30.17303,-25.31617,-20.55134,-15.39268,-0.65684,9.52448,12.77193,-15.63828,16.49634,-0.2389,-7.42456,-2.36898,-5.18002,-5.64488,0.40669,-2.26706,28.26543,37.97247,8.76897,25.16977,6.20411,6.2143,10.38736,1.50589,-1.98457,5.02652,26.42921,7.13305,49.23638,-15.21707,11.65434
4.D.2,DE,58.79811,91.72459,126.5438,38.1986,63.34791,100.04798,113.15698,98.53925,18.89233,103.91741,91.51253,51.10704,38.59583,161.4032,74.72958,107.23918,149.87901,44.58037,120.63876,135.88037,71.12225,93.48737,140.02322,152.26534,159.88825,150.80497,370.76285,226.37211,557.06877,418.00011,361.33965,568.06315,838.14262,662.66502,588.56625
4.D.2,DK,0.48912,0.19013,0.19099,0.19185,0.1927,0.19356,0.19441,0.19527,0.19613,0.19698,0.19784,0.1983,0.19876,0.19922,0.19968,0.86951,0.993,1.006,1.05069,1.05359,1.06428,1.10888,-3.233,-1.39616,-0.91516,-2.07341,-12.73203,-7.72807,-4.28188,3.51585,-4.0446,-4.02164,-2.23439,-21.80676,-2.01931
4.D.2,EE,178.22152,17.11825,15.55375,13.97194,12.3736,10.75873,10.70915,10.66108,10.61111,10.561,10.51074,10.46032,10.40974,10.35844,30.23682,22.8132,94.05564,63.74002,53.63098,26.92803,57.0428,28.57279,85.20553,33.92717,25.21304,16.53183,24.93344,76.88951,55.66712,14.35171,13.04102,125.99958,13.70631,136.5801,170.73143
4.D.2,EL,,,0.04242,0.70043,0.25753,0.07633,0.20373,0.56956,2.15703,0.32943,2.5119,0.74204,2.37383,1.36961,26.30323,3.09741,4.23408,3.58419,2.81951,2.81951,2.60854,2.58905,2.85335,2.52156,0.09265,0.07412,0.03106,0.01438,0.21383,1.57322,0.9387,2.21516,0.85174,53.50584,16.37109
4.D.2,ES,-142.65365,-142.58822,-142.52279,-142.45736,-142.39193,-142.3265,-142.26107,-142.19564,-142.12264,-142.04527,-141.96039,-154.92523,-147.80517,-140.68701,-133.56884,-126.44994,-119.33028,-78.0908,-86.70248,-95.31415,-151.28607,-145.52383,-139.76158,-152.02046,-145.86813,-139.7158,-158.90471,-147.80991,-136.7151,-101.51749,-93.92595,-93.54215,-93.15835,-92.77455,-92.39075
4.D.2,EUA,2045.39511,1778.42888,1862.98656,1900.51661,1940.01347,2095.63006,2097.38637,2036.73054,1983.63471,2201.43026,2246.16131,2042.08006,2419.86157,2852.8842,2884.97764,2604.18972,3177.03114,3131.00975,3221.68009,3296.01775,3472.83209,4278.23436,3900.53925,4015.57475,3908.94992,4072.4952,4317.08168,4127.41281,4142.61762,4227.44436,4468.65441,4537.92379,4418.13297,4402.72334,4391.6606
4.D.2,FI,55.02933,80.03967,104.03983,130.69833,150.2875,175.29417,166.15867,149.05367,127.74667,154.5115,160.07383,156.29533,151.99617,199.07067,187.85617,234.531,267.42833,370.64317,376.18533,437.75417,435.31767,437.49017,374.077,382.53417,325.94833,287.66283,267.09833,241.67183,185.141,152.933,138.82367,115.302,101.31,92.906,89.84067
4.D.2,FR,480.60103,359.57543,448.78672,516.71978,563.57865,583.65346,585.71582,592.41548,593.5759,599.13116,607.55606,558.64331,526.59324,492.44828,463.45951,444.23998,438.19111,448.20661,457.28796,624.45961,680.85903,699.98253,804.8672,833.65178,858.29533,886.61758,1015.74272,997.72479,969.32682,1066.96697,1060.93922,1075.10847,1101.54136,1102.26296,1110.68812
4.D.2,HR,76.56394,66.87551,63.86165,60.84779,57.83393,54.82007,51.80622,48.79236,45.7785,42.76464,39.75078,36.01291,32.77383,29.53475,26.29567,23.05659,19.81751,17.38561,14.39762,11.40964,8.42165,8.44752,8.4734,9.3312,9.61587,9.90054,10.18521,10.46988,10.75455,11.03922,11.32389,11.83378,12.34368,12.85357,13.36346
4.D.2,HU,3.01942,3.00448,2.96859,6.1567,6.13425,6.11179,6.09571,6.06688,6.04443,6.04658,6.01042,4.77711,4.7381,4.69229,4.61377,4.67888,4.63182,0.59129,0.5496,0.50792,0.46624,0.42456,0.38287,-1.1135,-0.1462,-1.52033,-1.72862,-1.94979,-2.1484,-2.39124,-2.58985,-2.76889,-2.94794,-3.12698,-3.30602
4.D.2,IE,,,,,,,,,,,50.03532,50.23178,117.93774,118.62707,354.40604,3.83959,251.16002,130.65058,261.84882,300.06645,13.22625,692.24528,210.74106,194.04996,55.44254,19.43025,19.43025,19.43025,19.43025,19.43025,19.23379,19.03733,18.348,20.87671,15.60273
4.D.2,IS,0.51024,4.62685,4.54846,4.54934,4.55051,4.55051,6.10887,6.01819,6.14915,6.14226,6.14226,6.14434,5.91686,5.82207,5.75192,5.36105,5.36105,5.85228,5.85228,5.83784,5.77236,1.59866,1.5797,1.53746,1.65581,1.63685,-0.05852,-0.09807,-0.2704,-0.51011,-1.03883,-1.2982,-1.24737,-1.1724,-1.13793
4.D.2,IT,,4.97892,4.97892,4.97892,4.97892,4.97892,8.16216,8.16216,8.16216,8.16216,8.16216,8.16216,8.16216,8.16216,8.16216,8.16216,8.16216,8.16216,8.16216,129.56936,129.56936,129.56936,129.56936,129.56936,129.56936,129.56936,31.61492,31.61492,31.61492,31.61492,31.61492,,,,
4.D.2,LI,0.66752,0.69388,0.20835,0.22452,0.20509,0.7055,0.18571,1.2138,0.45744,0.22959,0.3023,0.69028,0.19933,1.17733,0.21365,0.22746,0.23072,0.75082,0.22326,0.73423,0.19765,1.10825,0.19126,0.2889,0.5981,0.14435,0.24124,0.66631,0.17114,0.25358,0.15879,0.14731,0.13609,0.11781,0.1148
4.D.2,LT,-0.2956,-0.39414,-20.92593,-20.89308,-20.89308,-29.05982,-29.09266,-29.12551,-29.12551,-29.90153,-29.93438,-29.93438,-42.8598,-49.30588,-55.0891,-61.01163,-61.04447,-61.14301,-61.2087,-62.05041,-62.05041,-66.01882,-45.51988,-51.37672,-51.47525,-43.27568,-43.27568,-42.62034,-42.62034,-44.02361,-45.33732,-39.50619,-24.84435,-19.20714,-15.0118
4.D.2,LU,0.12874,0.12874,0.12602,0.13015,0.13903,0.14255,0.15771,0.16983,0.16983,0.34549,1.37324,1.58367,1.84543,2.03292,2.25426,2.5088,2.73498,2.73704,1.99122,2.00476,2.03122,2.04489,2.03952,2.04934,2.03092,2.07194,2.07158,2.07349,2.115,1.9944,1.7509,1.54105,1.27671,1.08298,0.85588
4.D.2,LV,-0.14087,-0.48002,-0.82021,-1.16097,-1.50227,-1.84415,-3.13219,-4.42119,-5.71118,-7.0021,-8.2941,-19.48278,-30.67403,-41.86752,-53.06289,-64.25961,-75.45742,-86.65582,-97.85397,-98.36585,-98.737,-98.90964,-99.07936,-99.24922,-101.14703,-103.04134,-103.99129,-104.93859,-105.88664,-107.29375,-108.7034,-100.21864,-91.71185,-83.21394,-72.84891
4.D.2,MT,-0.03923,-0.03923,-0.03923,-0.03923,-0.03923,-0.03923,-0.03923,-0.03923,-0.03923,-0.03923,-0.03923,-0.03923,-0.03923,-0.03923,-0.03923,-0.03923,-0.03923,-0.03923,-0.03923,-0.03923,,,,,,,,,,,,,,,
4.D.2,NL,-1.45035,0.31987,2.46558,4.63209,6.56272,7.52763,9.5993,10.65952,12.21121,13.62522,15.06946,15.72492,16.86224,16.8021,35.89212,38.59457,41.84968,44.47277,47.65629,69.4839,68.85949,68.45316,68.66212,53.77479,59.27148,62.23821,67.2566,-5.46861,-5.93261,-7.74731,-9.26729,43.18502,40.1198,36.30451,34.26566
4.D.2,NO,22.75526,21.55761,20.35997,19.16232,17.96468,16.76703,15.56939,63.3969,63.91761,64.43833,64.95904,65.47976,16.97532,36.86148,35.66383,37.10651,35.90887,34.71122,62.69381,63.2256,59.90327,60.12844,59.2985,8.5918,12.81633,12.81633,12.81633,83.27195,85.64823,92.34989,87.54434,97.71189,70.92209,68.371,66.79701
4.D.2,PL,68.10173,16.17,6.41667,40.11333,0.73333,78.43,51.62667,5.02333,23.02667,107.17667,89.06333,26.21667,338.68691,638.43211,489.57785,520.17245,677.23932,846.45978,800.92404,713.05485,889.082,912.78886,910.29511,1030.13161,1216.42693,1328.76737,1371.93613,1402.29907,1214.5584,1408.09827,1719.67253,1514.0268,1193.02043,1241.54287,1319.02837
4.D.2,PT,474.634,473.34731,472.90967,473.0143,473.10775,473.03918,484.71336,492.8203,501.08772,509.29081,517.59218,525.76499,533.89441,541.94494,549.18118,557.22675,564.68797,572.89591,517.28387,505.6506,493.90368,498.89146,489.23441,479.04568,469.39166,460.02632,439.91995,421.30336,401.83867,383.44617,365.04578,346.531,327.97947,309.25988,290.75181
4.D.2,RO,700.42895,699.67246,698.97587,697.86384,697.12278,696.0002,694.97703,694.00151,693.02177,692.19409,688.59039,687.67574,686.20411,685.31694,684.71034,684.49611,684.87146,553.29292,527.09237,280.12116,590.98218,654.15939,629.8291,607.42728,538.25984,660.05925,658.19421,650.18689,635.18143,603.8239,598.84052,555.66919,525.56327,549.78723,488.70483
4.D.2,SE,0.54481,2.36305,2.36305,2.63998,2.63998,2.63998,4.19556,5.05042,10.43399,12.02605,12.02605,12.02605,22.70041,36.45257,55.30951,59.07773,90.10267,92.37267,98.72759,99.61594,108.05034,108.05034,109.25378,137.82422,142.65612,146.71661,155.44781,161.01748,168.13739,177.2221,196.19259,210.14563,235.58036,246.64428,259.43125
4.D.2,SI,11.64992,9.45853,9.45853,9.45853,9.45853,9.45853,6.3601,6.3601,6.3601,6.3601,6.3601,6.3601,6.3601,11.13017,11.13017,11.13017,11.13017,29.79594,29.79594,29.79594,29.79594,29.79594,29.79594,,,,,22.94014,22.94014,22.94014,22.94014,22.94014,22.94014,22.94014,22.94014
4.D.2,SK,,,,,,,,,,,,,,,,,,,,,,,,,,,,,,,,,,,
4.D.2,TR,,34.69698,61.56142,153.58582,64.90973,-26.97017,-90.11861,-88.0225,91.80637,-50.2005,-158.54165,-334.53805,-226.80003,-362.59617,-343.95336,-428.06228,-380.97196,-466.2882,-408.24269,-475.97762,-233.14237,-493.09575,-83.5647,-289.92912,-469.15607,-647.28927,-547.13344,-605.70186,-501.2874,-531.045,-263.35007,-522.11832,-101.56499,-354.49333,-557.37
4.E,AT,1029.20362,1035.92488,1065.98014,1096.0355,1119.30957,1073.25402,1099.24866,1100.9986,1094.30195,1107.55314,1115.3168,1127.27776,1244.80769,1253.58215,1260.37273,1271.31805,1288.53085,1274.78556,1294.88194,1285.38644,1279.47224,1260.1377,1261.35021,1211.91412,1206.70696,1160.03956,1140.47866,1084.04724,1061.96048,1055.27489,1034.31097,1005.83295,979.59465,962.9159,943.32556
4.E,BE,136.75896,151.15108,165.78492,180.38297,194.9457,209.48693,223.99706,234.67163,249.02269,263.42264,277.78742,292.11702,306.41143,320.64132,334.83598,361.81463,376.58479,391.35865,406.12263,408.66068,519.15374,527.32487,535.47246,455.87014,450.8471,447.24345,488.24908,490.3904,492.12698,495.51265,494.18057,495.24496,496.08933,496.88689,497.82107
4.E,BG,104.04963,122.36175,142.03825,103.58767,109.81029,92.96165,92.66197,105.19947,108.95901,131.21998,127.6185,80.30395,108.12463,97.71445,96.30345,167.7187,165.41597,220.06786,383.14003,158.50744,267.09388,175.42382,182.27279,237.99861,144.05363,297.74737,243.97311,249.84975,148.60349,306.08792,166.29398,139.46167,164.1705,328.20037,182.81411
4.E,CH,145.16687,162.30747,178.58787,183.0269,189.14897,203.11636,185.03574,180.98382,191.95662,192.87731,217.13851,186.7762,204.91106,178.93977,187.65607,208.04341,182.51602,197.45314,168.19295,168.51005,182.19615,168.55331,178.19836,173.42522,155.3958,149.82175,143.73188,161.45424,138.11153,135.83763,120.32196,129.1938,78.24888,97.0093,64.5624
4.E,CY,0.53901,0.5652,0.5914,0.61759,0.64379,0.66999,0.69619,0.72239,0.74859,0.7748,0.801,28.87826,29.98057,31.07931,32.17446,33.26604,34.34366,15.13199,15.41603,15.69643,15.94814,16.19522,16.43864,10.40056,10.42778,10.45392,10.5319,10.60987,10.68785,10.69973,10.74412,9.82623,8.90834,7.99045,7.07256
4.E,CZ,469.70228,275.72184,279.14006,499.34573,392.61716,320.88546,377.16977,369.14624,494.77907,524.58623,371.75197,327.66581,380.23672,461.45852,492.74819,437.61648,351.01711,325.4569,318.58605,335.67172,371.20587,345.92043,311.38015,354.83397,368.17557,272.56578,334.19212,418.02624,225.80421,257.00257,270.33292,310.23289,255.51371,252.00511,263.21603
4.E,DE,3141.44766,3246.46211,3268.79819,3127.13804,3266.65679,3314.41628,3421.08779,3466.6767,3246.4023,3536.36732,3493.63586,3506.41628,3468.17863,3695.36804,3785.64228,3785.56916,3920.29699,3783.57139,4045.94444,4106.36642,3989.84753,4225.43443,4331.61999,4527.3466,4749.12373,4652.3292,4383.52877,4275.09956,5066.284,4505.37043,4609.49091,4242.1606,4493.48686,4223.33494,4370.54969
4.E,DK,447.14753,433.12253,430.62182,428.12111,425.62041,423.1197,406.64911,390.17853,373.70794,357.23736,340.76677,324.23389,307.701,291.16811,274.63523,336.95507,315.39586,311.78365,309.56161,305.50562,301.8331,300.1032,298.97886,261.87412,338.97884,386.54996,358.42839,212.89953,281.26714,208.25412,190.52642,282.22975,276.57316,274.38623,248.35932
4.E,EE,471.45637,473.88321,467.00589,460.19617,453.401,446.61933,439.8498,433.01487,426.26254,419.51541,412.76949,406.01938,399.26003,392.46849,427.2807,1008.06989,562.21841,1059.25725,887.95244,590.02926,839.74134,562.74258,465.52336,968.34053,446.63017,546.2739,1239.51049,576.5688,530.27499,607.39588,970.13637,718.61393,642.58797,574.34576,663.3108
4.E,EL,49.73859,54.76395,55.06948,58.80363,62.8993,64.23618,77.94967,72.53635,75.51837,81.95978,89.95901,89.57914,94.25414,111.79369,106.05108,115.06168,115.36793,119.2504,121.07624,122.23622,121.34128,119.8879,131.89436,120.99903,118.98768,120.3741,133.56257,131.48808,131.71487,125.94771,124.6486,124.63229,130.01576,125.12309,166.96066
4.E,ES,775.72916,782.86338,789.99759,797.13181,804.26603,811.40025,818.53447,825.66868,833.2226,841.24552,849.36132,967.85721,980.23143,992.54766,1004.86978,1017.29853,1029.78435,2362.14094,2448.25885,2534.37676,2206.44318,2267.83782,2329.23245,1422.05822,1430.06139,1438.06456,1543.79688,1556.70197,1569.60705,1404.49642,1413.21357,1420.03003,1426.84649,1433.66294,1440.4794
4.E,EUA,23571.6515,23688.89581,22746.84612,24458.85512,22401.84646,22389.70046,22647.25137,22855.41925,22855.76006,22792.83675,23129.03481,23395.81581,23137.53182,24686.71177,25410.78009,25373.49326,25913.41568,28077.43096,28825.59433,30655.70303,31511.49836,29440.98401,29235.60258,28339.6397,29716.34839,29551.20324,32760.46419,27719.81663,28728.51877,27960.68123,29098.24901,27285.24914,28145.70828,36431.00093,35940.25035
4.E,FI,920.87727,955.70456,992.45138,1055.17382,1113.33896,1120.81585,1189.85665,1295.33456,1350.33678,1351.75556,1375.38387,1543.82759,1517.50683,1559.95495,1697.71057,1710.71176,1598.62144,1701.8918,1710.42653,1672.26327,1768.55968,1837.91909,1713.9196,1629.37253,1605.30463,1416.14349,1314.26522,1303.64011,1345.91225,1299.96232,1279.22153,1147.10877,1049.56006,937.15665,835.23067
4.E,FR,6678.83951,6822.1548,6761.22108,6454.32363,6073.08747,5585.87559,5618.41275,5537.9457,5579.35965,5577.98861,5571.30172,6147.47106,6179.81008,6153.67764,6167.27969,6203.63095,6281.45039,6793.13573,6968.81564,7552.18197,7561.14475,7820.13697,7893.13066,7431.74681,7070.08203,6855.78157,6889.27562,6521.97256,6489.80122,6572.2175,6521.93543,6594.6859,6531.90299,6531.63971,6612.19186
4.E,HR,242.51298,220.17792,213.40826,206.63861,199.93112,193.17514,186.46274,178.53203,173.81881,167.22984,163.42442,304.71093,349.25053,390.31137,436.89957,474.09801,512.3093,569.88518,610.50892,701.06062,695.78053,740.25916,779.5022,679.73082,677.17876,693.14297,680.96158,684.50593,687.79108,691.86515,694.84804,651.09669,607.24602,564.8471,520.10351
4.E,HU,90.96161,89.17853,70.6567,79.97059,70.91271,85.34182,82.87283,88.72862,95.19373,114.96422,140.39899,149.27554,169.2574,174.42922,186.65263,156.89184,180.98762,141.2857,121.94893,158.02319,155.79584,141.62632,167.49364,152.68735,207.97491,155.87155,155.82418,124.86069,141.35181,195.84663,157.64558,123.13526,147.16725,212.041,164.28219
4.E,IE,58.93144,51.55203,61.28833,52.24443,76.09229,80.71966,92.15441,102.29184,113.3407,124.38611,143.09785,181.8099,153.95813,192.79083,252.2014,224.91857,395.14319,355.21571,307.72303,170.93872,217.56499,53.2521,48.87776,57.50687,51.22549,147.62633,64.90136,90.16615,351.20767,103.35595,90.89046,91.71754,172.05733,124.5987,99.89173
4.E,IS,30.41095,32.52468,34.6384,36.75212,38.86584,40.97956,43.09329,45.20701,47.32073,49.43445,46.49584,48.2584,50.02095,51.78351,53.33462,55.09155,57.55068,58.59185,60.56023,62.32279,47.18541,45.67033,44.41978,43.02519,41.59674,40.25542,38.89743,37.50219,25.56691,23.48714,37.66183,47.43342,21.06935,23.40768,25.05315
4.E,IT,737.69142,470.99999,471.93894,471.998,472.92091,474.11819,757.47339,757.70807,757.78225,758.29474,758.70363,761.09093,763.74481,765.96849,768.52118,1297.08211,1306.86865,1310.61207,1319.3589,1036.91172,1036.62761,1043.58503,1048.69027,1057.48249,1066.44271,1075.4852,950.78968,942.01012,939.97483,937.04085,933.0733,1050.37184,1046.9853,1046.93323,1048.5671
4.E,LI,1.70968,1.38323,1.51913,2.50624,2.60574,1.91742,1.09898,3.06031,1.58456,2.27372,1.10308,3.71512,2.57064,0.59924,1.18835,2.61839,1.46302,2.7631,1.69841,1.99673,2.56208,3.36031,1.26441,0.74973,0.6032,-0.35935,3.95866,3.13637,0.64575,1.40155,0.73092,1.00403,0.66223,1.39749,0.1177
4.E,LT,-189.08765,-159.95035,-172.08776,-213.74259,-168.67617,-244.38773,-270.20086,-254.9452,-256.56705,-246.78603,-190.39383,-280.31591,-292.883,-290.07827,-287.71551,-244.37078,-248.34136,-266.0497,-252.59736,-194.8005,-198.43586,-297.02613,-267.79864,-155.22565,-233.07611,-219.90673,-282.52824,-252.01597,-249.25155,-199.50714,-229.70003,-181.67939,-238.65144,-144.62998,-170.45395
4.E,LU,42.97578,43.25618,43.44986,43.62975,43.8383,44.11534,44.27197,44.57475,44.37447,44.00562,44.916,44.81214,44.58709,44.39777,44.2081,44.09936,42.93803,41.74346,33.02826,30.18886,30.09506,30.14303,30.25341,45.34431,44.63081,43.7533,32.19791,31.67659,31.57806,32.39795,30.94234,29.37271,27.91871,26.41295,30.57234
4.E,LV,-23.63642,-19.6012,-17.60361,-12.80754,-11.36334,-8.17469,-15.47078,-14.78333,-11.20564,-8.47873,-5.02646,104.55744,114.05492,123.61366,132.91764,142.37509,151.53956,93.5818,101.27606,217.25637,233.0693,241.43474,-444.5036,-430.16385,-310.9759,-293.09801,-271.8513,275.03164,591.17377,345.19053,377.46701,399.0812,647.09202,674.38698,435.37341
4.E,MT,2.21665,1.70343,1.73346,1.76349,1.79467,1.8247,1.85226,1.81596,1.85096,1.14708,1.17368,0.56567,0.56567,0.56567,0.56567,0.56567,0.54372,0.72802,0.67499,0.62117,0.5186,0.49431,0.47001,0.44572,0.42142,0.39712,0.37282,0.20089,0.28227,2.10987,2.03638,1.56081,0.4387,0.38728,0.53396
4.E,NL,892.51868,905.41087,918.75353,933.09595,946.93566,960.19373,973.55088,987.36875,1000.44477,1014.15047,1026.74276,1040.15217,1053.30238,1065.99081,1159.6998,1178.24365,1195.89999,1216.86464,1236.60243,1212.5636,1234.82996,1259.23602,1281.16741,1255.98598,1287.8519,1313.4472,1344.06301,997.65262,1000.79513,1004.11311,1008.97374,1296.48958,1317.69698,1341.447,1359.80528
4.E,NO,1491.40235,1474.81607,1479.88685,1455.42744,1481.26825,1595.9747,1695.17381,1708.75445,1726.13009,1717.39829,1942.82302,1891.58275,1866.61783,1615.56154,1529.09862,1295.25012,1317.32742,1215.47376,1334.93814,1377.3116,1589.79678,1470.54387,1528.10276,1470.4899,1756.79507,2195.22444,2151.62038,2060.19793,2099.16588,2170.16382,1407.15738,1518.8471,1425.4903,1422.48237,1220.76495
4.E,PL,2446.70503,2388.68503,2517.23529,2514.37883,2433.06767,2274.86444,2190.19214,2235.77201,2217.1862,2069.53471,2043.66664,1928.84866,1830.36671,1819.83982,1798.45697,1834.4285,2017.7615,1913.68977,2162.31462,2055.26482,2146.51848,2075.09013,2164.01153,2250.83074,3348.00234,3051.38622,6943.1041,3810.10563,3693.46014,3953.24354,3869.77474,3994.61849,4388.0169,12892.70868,12778.59456
4.E,PT,560.02072,567.93524,567.09601,568.47823,569.83795,570.48084,725.28692,732.53752,740.93744,749.36021,758.3684,760.58939,767.85857,775.23775,774.13085,779.9545,780.59216,775.98302,687.83609,687.9309,687.71626,528.68422,518.57005,505.84178,495.21819,485.19875,451.22751,431.27399,406.82811,387.46004,368.02822,349.21768,329.79152,310.03907,290.99392
4.E,RO,1976.96794,1978.33272,1979.86223,1980.2493,1981.66175,1982.025,1982.66164,1983.4293,1984.18539,1985.35961,1917.65264,1916.12318,1914.22239,1912.71125,1911.38715,1910.329,1931.54706,1650.15274,1608.00742,2877.49495,2911.12315,2153.61747,2211.88689,2207.16394,2300.83766,2271.54546,2097.96004,1913.97676,1894.68225,1767.69637,2020.73733,1734.27446,1643.0414,2530.67163,1717.58949
4.E,SE,1989.65842,2279.58216,1153.23264,3048.9401,1270.27431,2010.79537,1586.37713,1630.64049,1646.68017,1298.61785,1781.46174,1119.45908,746.30668,1732.72848,1932.85337,516.58132,996.89764,1445.42563,1461.28514,1991.44191,2636.85612,1573.02004,1786.39399,1664.59371,2460.01036,2854.93086,2163.61395,1513.91457,1587.44541,1600.17775,2410.28952,980.28599,1340.44884,453.07209,1172.95994
4.E,SI,421.12321,431.55226,433.5964,435.64055,437.6847,439.72884,476.57752,473.52364,470.46724,467.40831,464.34685,461.28287,458.50686,548.5072,547.65896,546.81831,545.98526,406.92296,397.78722,388.65149,379.51575,368.21614,356.91654,317.51225,299.8305,282.14876,269.59284,224.18693,215.60687,207.26792,198.92896,190.59001,182.25105,173.50647,164.76189
4.E,SK,96.60211,85.40172,85.58563,87.51973,60.33745,61.13857,67.07529,76.13109,44.64914,60.01639,54.04777,61.20649,47.92949,68.24339,72.43818,62.44718,63.71559,63.55785,119.65726,235.27299,102.13783,70.28743,82.4576,97.14799,81.39583,85.70741,80.44195,100.97597,81.5484,84.20058,79.27804,85.05629,78.95787,76.93068,95.34327
4.E,TR,,27.86882,69.00011,98.20072,103.3594,130.73847,133.72041,129.94845,158.84663,154.94196,144.2379,146.23082,200.18537,190.94777,266.56343,271.14223,343.73324,350.2818,373.31235,358.3221,423.74036,392.67789,433.39913,396.71998,419.68509,418.65744,472.50025,469.84501,478.30924,453.54964,513.29392,477.67215,509.19482,469.00333,479.96482
4.E.1,AT,63.34202,63.34202,63.34202,63.34202,63.34202,63.34202,63.34202,63.34202,63.34202,63.34202,63.34202,63.34202,63.34202,63.34202,63.34202,63.34202,63.34202,63.34202,63.34202,63.34202,63.34202,63.34202,63.34202,63.34202,63.34202,63.34202,63.34202,63.34202,63.34202,63.34202,63.34202,63.34202,63.34202,63.34202,63.34202
4.E.1,BE,,,,,,,,,,,,,,,,,,,,,,,,,,,,,,,,,,,
4.E.1,BG,,,,,,,,,,,,,,,,,,,,,,,,,,,,,,,,,,,
4.E.1,CH,-49.75197,-46.34025,-38.13581,-29.94305,-31.16584,-21.13422,-18.63459,-21.67527,-22.23886,-26.19265,-23.31863,-19.1075,-14.67533,-26.05013,-18.43083,-3.57856,-16.01794,-7.95492,-20.59183,-20.96421,-15.92571,-13.15025,-14.15827,-13.35975,-35.07246,-16.28534,-41.85811,-13.80409,-42.28214,-19.77397,-18.73807,-19.99752,-74.57696,-53.93154,-78.44892
4.E.1,CY,,,,,,,,,,,,,,,,,,,,,,,,,,,,,,,,,,,
4.E.1,CZ,,,,,,,,,,,,,,,,,,,,,,,,,,,,,,,,,,,
4.E.1,DE,679.42001,703.89778,731.60128,561.50578,659.65973,664.28138,682.68946,684.89496,508.15693,685.42979,627.01556,559.34027,551.76194,719.26094,622.35712,628.91778,684.39813,547.94892,655.35821,661.99573,597.6395,622.97886,633.56823,629.4416,660.55209,666.70459,695.47604,611.05192,1376.64203,724.29013,742.23089,638.33575,816.59177,589.4243,668.64864
4.E.1,DK,,,,,,,,,,,,,,,,,,,,,,,,,,,,,,,,,,,
4.E.1,EE,,,,,,,,,,,,,,,,,,,,,,,,,,,,,,,,,,,
4.E.1,EL,,,,,,,,,,,,,,,,,,,,,,,,,,,,,,,,,,,
4.E.1,ES,,,,,,,,,,,,,,,,,,,,,,,,,,,,,,,,,,,
4.E.1,EUA,637.92099,684.01663,726.81812,525.75516,628.01792,658.63817,698.80971,681.64235,526.93611,710.64519,630.76424,566.65051,563.68569,765.32264,779.10035,895.30908,1022.97249,808.40662,949.31898,1116.91955,1089.81906,1134.87041,476.20911,651.09666,677.64042,571.21605,676.16475,1037.18872,1730.74163,901.09717,896.24585,870.21488,1232.28597,1081.84094,1158.86065
4.E.1,FI,72.16,72.24067,72.325,72.40933,72.622,72.842,73.073,73.304,73.513,73.7,73.89067,73.52033,72.97767,72.43133,71.69067,70.95367,70.77033,70.60167,64.79367,59.19833,54.58933,49.34233,50.31033,51.337,51.92,52.22433,52.31967,51.55333,50.70633,49.896,49.38633,48.95,48.928,48.928,49.335
4.E.1,FR,50.57455,65.44609,77.18509,98.43298,103.90693,109.38088,114.85483,120.32878,125.80273,131.27669,136.75064,142.22459,147.69854,153.17249,269.44452,361.84868,435.15854,493.19296,539.00703,720.27008,715.3781,709.26969,702.35032,693.80904,685.26776,676.72649,668.18521,659.64393,651.10265,642.56137,634.02009,625.47881,616.93753,608.39625,601.56323
4.E.1,HR,,,,,,,,,,,,,,,,,,,,,,,,,,,,,,,,,,,
4.E.1,HU,,,,,,,,,,,,,,,,,,,,,,,,,,,,,,,,,,,
4.E.1,IE,,,,,,,,,,,,,,,,,,,,,,,,,,,,,,,,,,,
4.E.1,IS,,,,,,,,,,,,,,,,,,,,,,,,,,,,,,,,,,,
4.E.1,IT,,,,,,,,,,,,,,,,,,,,,,,,,,,,,,,,,,,
4.E.1,LI,0.04334,-0.36343,0.21297,0.40896,0.23892,0.23722,-0.12723,0.39913,-0.74048,0.1032,0.07674,0.10677,0.82692,-0.61673,-0.30121,0.36189,-0.03427,0.59257,-0.00243,0.49009,0.23459,0.24218,-0.01918,-0.01656,-0.19784,-2.34763,-0.75406,-1.32313,-1.14663,-2.15614,-1.00068,-2.18282,-1.89573,-0.77528,-2.19757
4.E.1,LT,-188.90983,-188.03928,-187.38637,-186.51582,-186.08054,-184.55707,-184.55707,-184.33944,-184.33944,-184.33944,-183.68652,-183.46888,-183.46888,-183.25125,-183.25125,-183.25125,-183.25125,-183.03361,-182.81597,-182.59833,-181.94542,-183.25125,-184.55707,-184.1218,-186.29818,-187.16873,-186.73345,-186.51582,-186.29818,-172.7552,-219.43975,-161.13244,-211.65278,-188.59693,-176.61293
4.E.1,LU,,,,,,,,,,,,,,,,,,,,,,,,,,,,,,,,,,,
4.E.1,LV,-47.94281,-48.24245,-47.85073,-44.7329,-44.41782,-42.2899,-39.90062,-39.61319,-36.44755,-34.17801,-31.13859,-27.66269,-24.10937,-20.50275,-17.01963,-13.48811,-9.9882,-73.61236,-71.37233,-65.67894,-63.11481,-60.86394,-758.37461,-755.4757,-748.79706,-745.85108,-740.17733,-208.99979,91.75621,-129.64572,-110.50819,-97.5797,141.30093,159.39537,169.03317
4.E.1,MT,,,,,,,,,,,,,,,,,,,,,,,,,,,,,,,,,,,
4.E.1,NL,126.40723,132.93812,139.47982,145.77138,151.83806,157.90746,163.71579,169.31974,174.60986,180.04712,185.13939,190.21262,194.97306,199.70837,202.12848,204.27704,206.15767,207.62086,209.08774,211.7617,219.8196,227.5163,234.57665,241.91842,249.86683,257.51279,264.91263,273.16788,281.32016,289.27496,297.27449,305.10861,312.82379,322.11443,325.5707
4.E.1,NO,12.33555,16.59023,20.94726,25.40897,29.97776,34.79812,39.90394,45.28584,50.73837,56.23312,61.69491,67.12808,72.57031,78.12583,83.80161,89.56364,95.42184,101.32758,107.26606,113.24595,113.77467,114.3034,114.83213,115.36085,115.88958,119.44196,126.56324,137.71606,148.86888,159.49297,167.09342,171.12495,172.33441,174.49558,178.32224
4.E.1,PL,-6.43855,-4.42371,-2.40888,-0.39405,1.62079,14.93396,14.85792,13.87767,10.49766,9.19468,13.18489,10.49623,11.27918,9.8927,6.6602,6.82539,5.59203,8.08877,6.0896,7.48348,4.99986,2.51625,0.03263,2.71791,5.4032,-60.6224,10.77376,-54.07394,-226.79408,-229.34603,-207.79907,-200.79086,-193.7972,-188.52304,-177.78637
4.E.1,PT,,,,,,,,,,,,,,,,,,,,,,,,,,,,,,,,,,,
4.E.1,RO,,,,,,,,,,,,,,,,,,,,,,,,,,,,,,,,,,,
4.E.1,SE,-62.91937,-64.64162,-70.23942,-134.10515,-143.78611,-145.78671,-136.18871,-164.73423,-151.80008,-155.76757,-194.01267,-199.97178,-207.7252,-184.04735,-189.9273,-176.15104,-179.60109,-254.39173,-261.07494,-284.01333,-244.30277,-217.39259,-184.45123,-9.21841,-18.89758,-64.86806,-63.4783,-81.87785,-279.28508,-243.12246,-257.2156,-254.80447,-263.84779,-232.7068,-262.7078
4.E.1,SI,-47.77226,-48.50098,-49.2297,-49.95841,-50.68713,-51.41585,-53.07691,-54.73796,-56.39902,-58.06008,-59.72114,-61.3822,-63.04326,-64.68387,-66.32448,-67.9651,-69.60571,-71.35087,-73.09603,-74.8412,-76.58636,-78.58726,-80.58817,-82.65341,-84.71865,-86.7839,-88.45549,-90.10296,-91.75042,-93.39789,-95.04536,-96.69283,-98.34029,-99.93265,-101.52501
4.E.1,SK,,,,,,,,,,,,,,,,,,,,,,,,,,,,,,,,,,,
4.E.1,TR,,,,,,,,,,,,,,,,,,,,,,,,,,,,,,,,,,,
4.E.2,AT,965.8616,972.58286,1002.63812,1032.69348,1055.96756,1009.91201,1035.90664,1037.65658,1030.95994,1044.21112,1051.97478,1063.93574,1181.46568,1190.24013,1197.03071,1207.97603,1225.18883,1211.44354,1231.53992,1222.04442,1216.13023,1196.79568,1198.00819,1148.5721,1143.36494,1096.69754,1077.13664,1020.70522,998.61846,991.93287,970.96895,942.49094,916.25263,899.57388,879.98355
4.E.2,BE,136.75896,151.15108,165.78492,180.38297,194.9457,209.48693,223.99706,234.67163,249.02269,263.42264,277.78742,292.11702,306.41143,320.64132,334.83598,361.81463,376.58479,391.35865,406.12263,408.66068,519.15374,527.32487,535.47246,455.87014,450.8471,447.24345,488.24908,490.3904,492.12698,495.51265,494.18057,495.24496,496.08933,496.88689,497.82107
4.E.2,BG,104.04963,122.36175,142.03825,103.58767,109.81029,92.96165,92.66197,105.19947,108.95901,131.21998,127.6185,80.30395,108.12463,97.71445,96.30345,167.7187,165.41597,220.06786,383.14003,158.50744,267.09388,175.42382,182.27279,237.99861,144.05363,297.74737,243.97311,249.84975,148.60349,306.08792,166.29398,139.46167,164.1705,328.20037,182.81411
4.E.2,CH,194.91884,208.64773,216.72368,212.96995,220.31481,224.25058,203.67032,202.65909,214.19548,219.06997,240.45714,205.8837,219.58638,204.9899,206.0869,211.62197,198.53396,205.40806,188.78478,189.47426,198.12187,181.70356,192.35663,186.78496,190.46825,166.10709,185.58999,175.25833,180.39367,155.6116,139.06004,149.19131,152.82584,150.94084,143.01132
4.E.2,CY,0.53901,0.5652,0.5914,0.61759,0.64379,0.66999,0.69619,0.72239,0.74859,0.7748,0.801,28.87826,29.98057,31.07931,32.17446,33.26604,34.34366,15.13199,15.41603,15.69643,15.94814,16.19522,16.43864,10.40056,10.42778,10.45392,10.5319,10.60987,10.68785,10.69973,10.74412,9.82623,8.90834,7.99045,7.07256
4.E.2,CZ,469.70228,275.72184,279.14006,499.34573,392.61716,320.88546,377.16977,369.14624,494.77907,524.58623,371.75197,327.66581,380.23672,461.45852,492.74819,437.61648,351.01711,325.4569,318.58605,335.67172,371.20587,345.92043,311.38015,354.83397,368.17557,272.56578,334.19212,418.02624,225.80421,257.00257,270.33292,310.23289,255.51371,252.00511,263.21603
4.E.2,DE,2462.02765,2542.56433,2537.19691,2565.63226,2606.99706,2650.1349,2738.39833,2781.78174,2738.24537,2850.93753,2866.6203,2947.07601,2916.41669,2976.1071,3163.28516,3156.65137,3235.89886,3235.62247,3390.58623,3444.37069,3392.20803,3602.45558,3698.05175,3897.905,4088.57165,3985.62461,3688.05273,3664.04764,3689.64197,3781.0803,3867.26002,3603.82485,3676.89509,3633.91064,3701.90104
4.E.2,DK,447.14753,433.12253,430.62182,428.12111,425.62041,423.1197,406.64911,390.17853,373.70794,357.23736,340.76677,324.23389,307.701,291.16811,274.63523,336.95507,315.39586,311.78365,309.56161,305.50562,301.8331,300.1032,298.97886,261.87412,338.97884,386.54996,358.42839,212.89953,281.26714,208.25412,190.52642,282.22975,276.57316,274.38623,248.35932
4.E.2,EE,471.45637,473.88321,467.00589,460.19617,453.401,446.61933,439.8498,433.01487,426.26254,419.51541,412.76949,406.01938,399.26003,392.46849,427.2807,1008.06989,562.21841,1059.25725,887.95244,590.02926,839.74134,562.74258,465.52336,968.34053,446.63017,546.2739,1239.51049,576.5688,530.27499,607.39588,970.13637,718.61393,642.58797,574.34576,663.3108
4.E.2,EL,49.73859,54.76395,55.06948,58.80363,62.8993,64.23618,77.94967,72.53635,75.51837,81.95978,89.95901,89.57914,94.25414,111.79369,106.05108,115.06168,115.36793,119.2504,121.07624,122.23622,121.34128,119.8879,131.89436,120.99903,118.98768,120.3741,133.56257,131.48808,131.71487,125.94771,124.6486,124.63229,130.01576,125.12309,166.96066
4.E.2,ES,775.72916,782.86338,789.99759,797.13181,804.26603,811.40025,818.53447,825.66868,833.2226,841.24552,849.36132,967.85721,980.23143,992.54766,1004.86978,1017.29853,1029.78435,2362.14094,2448.25885,2534.37676,2206.44318,2267.83782,2329.23245,1422.05822,1430.06139,1438.06456,1543.79688,1556.70197,1569.60705,1404.49642,1413.21357,1420.03003,1426.84649,1433.66294,1440.4794
4.E.2,EUA,22933.73051,23004.87918,22020.028,23933.09996,21773.82854,21731.06229,21948.44166,22173.7769,22328.82395,22082.19156,22498.27057,22829.1653,22573.84613,23921.38914,24631.67974,24478.18418,24890.44319,27269.02435,27876.27535,29538.78348,30421.6793,28306.1136,28759.39347,27688.54304,29038.70796,28979.98719,32084.29944,26682.62791,26997.77713,27059.58406,28202.00316,26415.03426,26913.42231,35349.15999,34781.38971
4.E.2,FI,848.71727,883.4639,920.12638,982.76449,1040.71696,1047.97385,1116.78365,1222.03056,1276.82378,1278.05556,1301.4932,1470.30726,1444.52917,1487.52362,1626.0199,1639.75809,1527.85111,1631.29013,1645.63286,1613.06494,1713.97035,1788.57676,1663.60926,1578.03553,1553.38463,1363.91915,1261.94556,1252.08678,1295.20592,1250.06632,1229.83519,1098.15877,1000.63206,888.22865,785.89567
4.E.2,FR,6628.26496,6756.70872,6684.03599,6355.89065,5969.18054,5476.49471,5503.55792,5417.61692,5453.55691,5446.71193,5434.55109,6005.24647,6032.11154,6000.50515,5897.83517,5841.78227,5846.29185,6299.94277,6429.80861,6831.91189,6845.76665,7110.86727,7190.78033,6737.93776,6384.81426,6179.05508,6221.09042,5862.32863,5838.69857,5929.65613,5887.91534,5969.20709,5914.96546,5923.24347,6010.62863
4.E.2,HR,242.51298,220.17792,213.40826,206.63861,199.93112,193.17514,186.46274,178.53203,173.81881,167.22984,163.42442,304.71093,349.25053,390.31137,436.89957,474.09801,512.3093,569.88518,610.50892,701.06062,695.78053,740.25916,779.5022,679.73082,677.17876,693.14297,680.96158,684.50593,687.79108,691.86515,694.84804,651.09669,607.24602,564.8471,520.10351
4.E.2,HU,90.96161,89.17853,70.6567,79.97059,70.91271,85.34182,82.87283,88.72862,95.19373,114.96422,140.39899,149.27554,169.2574,174.42922,186.65263,156.89184,180.98762,141.2857,121.94893,158.02319,155.79584,141.62632,167.49364,152.68735,207.97491,155.87155,155.82418,124.86069,141.35181,195.84663,157.64558,123.13526,147.16725,212.041,164.28219
4.E.2,IE,58.93144,51.55203,61.28833,52.24443,76.09229,80.71966,92.15441,102.29184,113.3407,124.38611,143.09785,181.8099,153.95813,192.79083,252.2014,224.91857,395.14319,355.21571,307.72303,170.93872,217.56499,53.2521,48.87776,57.50687,51.22549,147.62633,64.90136,90.16615,351.20767,103.35595,90.89046,91.71754,172.05733,124.5987,99.89173
4.E.2,IS,30.41095,32.52468,34.6384,36.75212,38.86584,40.97956,43.09329,45.20701,47.32073,49.43445,46.49584,48.2584,50.02095,51.78351,53.33462,55.09155,57.55068,58.59185,60.56023,62.32279,47.18541,45.67033,44.41978,43.02519,41.59674,40.25542,38.89743,37.50219,25.56691,23.48714,37.66183,47.43342,21.06935,23.40768,25.05315
4.E.2,IT,737.69142,470.99999,471.93894,471.998,472.92091,474.11819,757.47339,757.70807,757.78225,758.29474,758.70363,761.09093,763.74481,765.96849,768.52118,1297.08211,1306.86865,1310.61207,1319.3589,1036.91172,1036.62761,1043.58503,1048.69027,1057.48249,1066.44271,1075.4852,950.78968,942.01012,939.97483,937.04085,933.0733,1050.37184,1046.9853,1046.93323,1048.5671
4.E.2,LI,1.66634,1.74665,1.30616,2.09728,2.36682,1.68019,1.22622,2.66118,2.32504,2.17052,1.02634,3.60835,1.74372,1.21597,1.48955,2.2565,1.49729,2.17053,1.70084,1.50665,2.32749,3.11813,1.28359,0.76629,0.80104,1.98828,4.71272,4.4595,1.79238,3.55769,1.7316,3.18685,2.55796,2.17277,2.31527
4.E.2,LT,-0.17781,28.08893,15.29861,-27.22677,17.40437,-59.83066,-85.64379,-70.60577,-72.22762,-62.44659,-6.70731,-96.84703,-109.41411,-106.82702,-104.46427,-61.11954,-65.09012,-83.01609,-69.78139,-12.20217,-16.49044,-113.77489,-83.24156,28.89615,-46.77793,-32.738,-95.79479,-65.50015,-62.95337,-26.75195,-10.26029,-20.54695,-26.99866,43.96695,6.15898
4.E.2,LU,42.97578,43.25618,43.44986,43.62975,43.8383,44.11534,44.27197,44.57475,44.37447,44.00562,44.916,44.81214,44.58709,44.39777,44.2081,44.09936,42.93803,41.74346,33.02826,30.18886,30.09506,30.14303,30.25341,45.34431,44.63081,43.7533,32.19791,31.67659,31.57806,32.39795,30.94234,29.37271,27.91871,26.41295,30.57234
4.E.2,LV,24.30639,28.64125,30.24711,31.92536,33.05448,34.11521,24.42983,24.82987,25.24192,25.69928,26.11213,132.22013,138.16429,144.11642,149.93727,155.8632,161.52776,167.19417,172.64839,282.93531,296.18411,302.29868,313.87101,325.31185,437.82116,452.75307,468.32603,484.03144,499.41756,474.83625,487.9752,496.6609,505.7911,514.99161,266.34024
4.E.2,MT,2.21665,1.70343,1.73346,1.76349,1.79467,1.8247,1.85226,1.81596,1.85096,1.14708,1.17368,0.56567,0.56567,0.56567,0.56567,0.56567,0.54372,0.72802,0.67499,0.62117,0.5186,0.49431,0.47001,0.44572,0.42142,0.39712,0.37282,0.20089,0.28227,2.10987,2.03638,1.56081,0.4387,0.38728,0.53396
4.E.2,NL,766.11145,772.47276,779.27372,787.32458,795.0976,802.28628,809.83509,818.04901,825.83491,834.10335,841.60337,849.93955,858.32932,866.28244,957.57132,973.96661,989.74232,1009.24378,1027.51469,1000.8019,1015.01036,1031.71972,1046.59076,1014.06756,1037.98507,1055.93441,1079.15037,724.48474,719.47497,714.83816,711.69925,991.38097,1004.87319,1019.33257,1034.23457
4.E.2,NO,1479.0668,1458.22584,1458.93958,1430.01847,1451.29049,1561.17658,1655.26987,1663.46861,1675.39172,1661.16517,1881.12811,1824.45467,1794.04751,1537.43571,1445.29701,1205.68648,1221.90558,1114.14618,1227.67207,1264.06565,1476.02211,1356.24047,1413.27064,1355.12904,1640.90549,2075.78248,2025.05714,1922.48187,1950.297,2010.67085,1240.06396,1347.72215,1253.15589,1247.98678,1042.44271
4.E.2,PL,2453.14357,2393.10874,2519.64417,2514.77288,2431.44689,2259.93047,2175.33423,2221.89434,2206.68853,2060.34003,2030.48175,1918.35243,1819.08753,1809.94712,1791.79677,1827.60311,2012.16947,1905.60099,2156.22502,2047.78134,2141.51862,2072.57388,2163.9789,2248.11283,3342.59914,3112.00862,6932.33034,3864.17957,3920.25422,4182.58957,4077.57382,4195.40935,4581.8141,13081.23172,12956.38093
4.E.2,PT,560.02072,567.93524,567.09601,568.47823,569.83795,570.48084,725.28692,732.53752,740.93744,749.36021,758.3684,760.58939,767.85857,775.23775,774.13085,779.9545,780.59216,775.98302,687.83609,687.9309,687.71626,528.68422,518.57005,505.84178,495.21819,485.19875,451.22751,431.27399,406.82811,387.46004,368.02822,349.21768,329.79152,310.03907,290.99392
4.E.2,RO,1976.96794,1978.33272,1979.86223,1980.2493,1981.66175,1982.025,1982.66164,1983.4293,1984.18539,1985.35961,1917.65264,1916.12318,1914.22239,1912.71125,1911.38715,1910.329,1931.54706,1650.15274,1608.00742,2877.49495,2911.12315,2153.61747,2211.88689,2207.16394,2300.83766,2271.54546,2097.96004,1913.97676,1894.68225,1767.69637,2020.73733,1734.27446,1643.0414,2530.67163,1717.58949
4.E.2,SE,2052.57779,2344.22378,1223.47206,3183.04525,1414.06043,2156.58207,1722.56584,1795.37471,1798.48025,1454.38542,1975.47441,1319.43086,954.03188,1916.77583,2122.78067,692.73237,1176.49872,1699.81736,1722.36008,2275.45524,2881.15889,1790.41263,1970.84522,1673.81213,2478.90794,2919.79892,2227.09225,1595.79242,1866.7305,1843.3002,2667.50512,1235.09046,1604.29663,685.77889,1435.66774
4.E.2,SI,468.89547,480.05324,482.8261,485.59896,488.37183,491.14469,529.65442,528.2616,526.86626,525.46839,524.06799,522.66506,521.55012,613.19107,613.98344,614.7834,615.59097,478.27383,470.88326,463.49268,456.10211,446.80341,437.50471,400.16566,384.54916,368.93266,358.04833,314.28988,307.35729,300.66581,293.97432,287.28283,280.59135,273.43912,266.2869
4.E.2,SK,96.60211,85.40172,85.58563,87.51973,60.33745,61.13857,67.07529,76.13109,44.64914,60.01639,54.04777,61.20649,47.92949,68.24339,72.43818,62.44718,63.71559,63.55785,119.65726,235.27299,102.13783,70.28743,82.4576,97.14799,81.39583,85.70741,80.44195,100.97597,81.5484,84.20058,79.27804,85.05629,78.95787,76.93068,95.34327
4.E.2,TR,,27.86882,69.00011,98.20072,103.3594,130.73847,133.72041,129.94845,158.84663,154.94196,144.2379,146.23082,200.18537,190.94777,266.56343,271.14223,343.73324,350.2818,373.31235,358.3221,423.74036,392.67789,433.39913,396.71998,419.68509,418.65744,472.50025,469.84501,478.30924,453.54964,513.29392,477.67215,509.19482,469.00333,479.96482
4.F,AT,501.55408,511.46089,521.34484,531.22868,531.70847,413.23629,409.90475,406.57311,403.24833,404.45393,405.60358,406.75325,368.828,370.11162,361.87954,353.42272,344.96733,336.51204,328.05685,496.22023,495.28646,494.35272,493.34376,492.33484,491.32595,494.42974,497.46771,500.50566,503.5436,506.91569,510.28974,513.66383,516.98029,520.29446,523.60863
4.F,BE,,,,,,,,,,,,,,,,,,,,,,,,,,,,,,,,,,,
4.F,BG,,,,,,,,,,,,,,,,,,,,,,,,,,,,,,,,,,,
4.F,CH,77.89964,71.7012,71.60481,72.83366,91.5836,90.63881,80.98555,92.42106,96.56455,85.16563,83.2802,96.18431,101.18612,96.34982,81.56264,92.29402,94.64614,102.8331,95.04351,89.58893,95.6268,83.42996,95.17938,96.63861,93.38438,91.55334,96.28421,100.73301,103.02335,96.72165,90.04183,85.77662,97.89337,93.66966,95.0577
4.F,CY,0.13249,0.16158,0.19068,0.21977,0.24886,0.27795,0.30705,0.33614,0.36523,0.39433,0.42342,0.32002,0.32002,0.32002,0.32002,0.32002,0.32002,0.32002,0.32002,0.32002,0.29093,0.26184,0.23274,0.20365,0.17456,0.14546,0.11637,0.08728,0.05819,0.02909,,,,,
4.F,CZ,,,,,,,,,,,,,,,,,,,,,,,,,,,,,,,,,,,
4.F,DE,,,,,,,,,,,,,,,,,,,,,,,,,,,,,,,,,,,
4.F,DK,,,,,,,,,,,,,,,,,,,,,,,,,,,,,,,,,,,
4.F,EE,282.77009,231.0852,227.50915,223.89825,220.26353,216.60499,212.92265,209.24322,205.50956,201.75224,197.97135,194.16697,190.33863,186.48539,147.41961,118.02298,164.75448,177.61602,126.51004,97.48133,84.18586,211.29593,99.26023,176.31393,84.47604,118.42826,86.6877,136.76453,401.76936,105.73209,183.14815,73.05232,613.39985,139.70412,308.88997
4.F,EL,19.78686,12.67926,29.99255,23.59909,26.41325,27.89232,39.44125,44.86972,46.20151,51.51774,59.1523,64.2342,69.88898,69.09386,77.69429,69.90773,82.50762,107.502,99.33181,89.71579,86.44736,84.33258,128.23378,82.42538,82.47116,80.14595,81.37759,83.75812,79.01539,75.65175,76.58635,96.7611,89.01341,87.5211,93.34211
4.F,ES,0.773,0.97033,1.16765,1.36498,1.56231,1.75963,1.95696,2.15429,2.35161,2.54894,2.74627,3.89952,4.97225,6.04497,7.11769,8.19041,9.26314,15.65467,22.09517,28.53567,31.31281,34.14241,36.97202,37.86096,38.73726,39.61355,39.92111,40.19735,40.47358,42.62539,44.82308,46.14537,47.46766,48.78996,50.11225
4.F,EUA,2151.13448,1694.54669,1682.49023,1657.79413,1679.33352,1456.81571,1449.61403,1460.87249,1464.03155,1492.10753,1470.23283,1502.26461,1394.79043,1521.16916,1425.99015,1526.61565,1380.93584,1398.73319,1407.30078,1517.34663,1486.84689,1587.36942,1494.82115,1521.62258,1433.53696,1516.30238,1421.70585,1490.1999,1930.48211,1604.28315,1754.61954,1609.74206,2075.61699,1754.27702,1867.8206
4.F,FI,,,,,,,,,,,,,,,,,,,,,,,,,,,,,,,,,,,
4.F,FR,279.01174,213.95334,247.02821,264.65919,271.80021,277.68646,282.7158,282.25556,284.28858,281.77028,280.83891,273.45098,269.17862,264.62557,262.84947,260.72006,259.61217,258.76803,255.82722,261.00708,258.99071,257.36304,257.93929,264.2856,268.22906,268.9845,271.83559,276.23083,278.65695,310.71539,322.28471,333.60305,342.66397,348.06277,354.88754
4.F,HR,,,,,,,,,,,,,,,,,,,,,,,,,,,,,,,,,,,
4.F,HU,,,,,,,,,,,,,,,,,,,,,,,,,,,,,,,,,,,
4.F,IE,0.30169,0.31056,0.31943,0.32831,0.33718,9.17727,9.44589,9.71451,9.98313,10.25175,17.31738,17.96772,2.68815,112.39269,60.76709,117.23269,10.75482,10.75482,65.60709,12.36815,12.35928,12.3504,12.34153,12.33266,12.32378,12.05516,11.78654,11.51792,11.2493,10.98068,10.33034,9.68,9.68,6.45333,4.84
4.F,IS,,,,,,,,,,,,,,,,,,,,,,,,,,,,,,,,,,,
4.F,IT,,,,,,,,,,,,,,,,,,,,,,,,,,,,,,,,,,,
4.F,LI,0.16739,0.19255,0.17327,0.86957,0.22052,0.23745,0.73597,0.88218,1.43256,1.41807,0.94221,1.4787,0.88985,0.51071,1.25593,0.88111,0.46584,1.05134,0.94027,1.51636,0.46176,0.58714,0.40177,0.39674,0.35473,0.95905,1.03027,0.80808,1.43965,0.37822,0.34149,0.29803,0.91432,2.23973,0.54481
4.F,LT,195.6584,195.6584,104.36051,114.2426,141.01826,61.22667,56.06404,59.34387,70.25036,65.20071,65.20071,81.13718,69.3005,86.99402,71.05756,71.05756,71.05756,71.05756,106.44459,118.15828,94.48492,94.48492,84.52829,92.26518,68.41377,49.19747,49.19747,49.19747,127.19423,163.6226,157.76576,169.60243,109.62771,91.93419,88.55219
4.F,LU,0.08486,0.08488,0.08229,0.08811,0.08552,0.08292,0.08033,0.07774,0.07515,0.0665,0.0371,0.03449,0.03188,0.02927,0.02086,0.01826,0.03726,0.04071,0.26139,0.27711,0.31047,0.31188,0.31439,0.19188,0.19847,0.19993,0.16556,0.17021,0.17791,0.06364,0.06364,0.06364,0.06364,0.06364,0.06364
4.F,LV,,,,,,,,,,,,,,,,,,,,,,,,,,,,,,,,,,,
4.F,MT,0.65872,0.88282,0.93646,0.99009,1.04373,1.09279,1.09279,1.10201,1.15565,1.15565,1.15696,0.82832,0.89445,0.90626,0.8554,0.86485,0.89403,1.08687,1.0844,1.08193,1.03895,1.02579,1.01264,0.99948,0.98633,0.97317,0.96001,0.73199,0.71077,1.07394,0.8792,1.26258,1.0109,0.82603,0.8098
4.F,NL,144.30174,140.14159,136.09511,132.78954,129.61997,127.49821,124.74859,123.08443,121.83322,121.28996,120.40226,120.18944,121.1211,121.72031,118.56046,118.98644,119.13201,119.57231,120.90235,123.60548,124.90986,127.31562,129.61241,153.69893,162.68934,170.96421,179.09093,181.73709,186.56964,192.16156,199.04098,184.15555,185.34228,187.43331,190.46292
4.F,NO,,,,,,,,,,,,,,,,,,,,,,,,,,,,,,,,,,,
4.F,PL,,,,,,,,,,,,,,,,,,,,,,,,,,,,,,,,,,,
4.F,PT,,,,,,,,,,,,,,,,,,,,,,,,,,,,,,,,,,,
4.F,RO,195.2224,195.22334,195.22428,195.22523,195.22523,195.22523,195.22523,195.22523,195.22523,195.22523,204.96622,205.30667,205.46147,205.81109,206.25423,206.82902,196.61742,141.07736,133.72551,143.52864,190.01884,172.86679,118.32318,111.16959,113.16231,97.18342,105.47452,115.56231,158.79482,116.81115,153.71662,108.32267,84.55565,251.59764,82.18805
4.F,SE,223.43949,0.09132,33.23547,0.17648,0.17648,0.17648,0.17648,0.17648,0.17648,0.17648,0.17648,-1.13819,-1.10451,-1.10451,-1.10451,-1.10451,-1.10451,-2.46375,-2.44745,-2.37451,-2.35165,-3.27738,-3.67012,-3.94149,-3.94835,-5.26682,-5.26863,-5.25699,-5.25472,-6.36692,-2.75618,-1.8592,-2.97296,-20.57045,57.24482
4.F,SI,14.17413,19.20148,19.5865,19.97152,20.35654,20.74156,9.35588,8.9927,8.62953,8.26635,7.90317,7.53999,7.17682,15.07342,15.20841,15.34375,15.47946,18.21621,18.52001,18.82382,19.12762,19.23858,19.34953,4.53227,4.01799,3.50371,3.54546,3.58721,3.62896,3.67071,3.71246,3.75422,3.79597,3.48983,3.18369
4.F,SK,293.26481,172.6417,165.41711,149.0123,139.474,104.13694,106.17634,117.72347,114.73798,148.03745,106.33673,127.57404,85.69408,82.66518,97.09004,186.80367,106.64303,143.01831,131.06176,128.59761,90.43448,81.30429,117.02747,96.94973,110.2793,185.74467,99.34792,95.40893,143.89411,80.59638,94.73469,71.53452,74.98861,88.6771,109.635
4.F,TR,,43.71021,127.37432,135.27967,168.13949,180.24937,252.43755,172.53994,284.65992,255.3516,186.61297,175.66848,283.0689,221.64115,394.02773,309.87947,484.72985,461.67259,538.10913,431.41098,599.80407,440.38001,646.86573,539.62273,564.23064,763.52254,619.10583,585.65005,649.71402,532.06207,695.05196,533.16012,734.74302,623.66333,642.18
4.F.2,AT,501.55408,511.46089,521.34484,531.22868,531.70847,413.23629,409.90475,406.57311,403.24833,404.45393,405.60358,406.75325,368.828,370.11162,361.87954,353.42272,344.96733,336.51204,328.05685,496.22023,495.28646,494.35272,493.34376,492.33484,491.32595,494.42974,497.46771,500.50566,503.5436,506.91569,510.28974,513.66383,516.98029,520.29446,523.60863
4.F.2,BE,,,,,,,,,,,,,,,,,,,,,,,,,,,,,,,,,,,
4.F.2,BG,,,,,,,,,,,,,,,,,,,,,,,,,,,,,,,,,,,
4.F.2,CH,77.89964,71.7012,71.60481,72.83366,91.5836,90.63881,80.98555,92.42106,96.56455,85.16563,83.2802,96.18431,101.18612,96.34982,81.56264,92.29402,94.64614,102.8331,95.04351,89.58893,95.6268,83.42996,95.17938,96.63861,93.38438,91.55334,96.28421,100.73301,103.02335,96.72165,90.04183,85.77662,97.89337,93.66966,95.0577
4.F.2,CY,0.13249,0.16158,0.19068,0.21977,0.24886,0.27795,0.30705,0.33614,0.36523,0.39433,0.42342,0.32002,0.32002,0.32002,0.32002,0.32002,0.32002,0.32002,0.32002,0.32002,0.29093,0.26184,0.23274,0.20365,0.17456,0.14546,0.11637,0.08728,0.05819,0.02909,,,,,
4.F.2,CZ,,,,,,,,,,,,,,,,,,,,,,,,,,,,,,,,,,,
4.F.2,DE,,,,,,,,,,,,,,,,,,,,,,,,,,,,,,,,,,,
4.F.2,DK,,,,,,,,,,,,,,,,,,,,,,,,,,,,,,,,,,,
4.F.2,EE,282.77009,231.0852,227.50915,223.89825,220.26353,216.60499,212.92265,209.24322,205.50956,201.75224,197.97135,194.16697,190.33863,186.48539,147.41961,118.02298,164.75448,177.61602,126.51004,97.48133,84.18586,211.29593,99.26023,176.31393,84.47604,118.42826,86.6877,136.76453,401.76936,105.73209,183.14815,73.05232,613.39985,139.70412,308.88997
4.F.2,EL,19.78686,12.67926,29.99255,23.59909,26.41325,27.89232,39.44125,44.86972,46.20151,51.51774,59.1523,64.2342,69.88898,69.09386,77.69429,69.90773,82.50762,107.502,99.33181,89.71579,86.44736,84.33258,128.23378,82.42538,82.47116,80.14595,81.37759,83.75812,79.01539,75.65175,76.58635,96.7611,89.01341,87.5211,93.34211
4.F.2,ES,0.773,0.97033,1.16765,1.36498,1.56231,1.75963,1.95696,2.15429,2.35161,2.54894,2.74627,3.89952,4.97225,6.04497,7.11769,8.19041,9.26314,15.65467,22.09517,28.53567,31.31281,34.14241,36.97202,37.86096,38.73726,39.61355,39.92111,40.19735,40.47358,42.62539,44.82308,46.14537,47.46766,48.78996,50.11225
4.F.2,EUA,2151.13448,1694.54669,1682.49023,1657.79413,1679.33352,1456.81571,1449.61403,1460.87249,1464.03155,1492.10753,1470.23283,1502.26461,1394.79043,1521.16916,1425.99015,1526.61565,1380.93584,1398.73319,1407.30078,1517.34663,1486.84689,1587.36942,1494.82115,1521.62258,1433.53696,1516.30238,1421.70585,1490.1999,1930.48211,1604.28315,1754.61954,1609.74206,2075.61699,1754.27702,1867.8206
4.F.2,FI,,,,,,,,,,,,,,,,,,,,,,,,,,,,,,,,,,,
4.F.2,FR,279.01174,213.95334,247.02821,264.65919,271.80021,277.68646,282.7158,282.25556,284.28858,281.77028,280.83891,273.45098,269.17862,264.62557,262.84947,260.72006,259.61217,258.76803,255.82722,261.00708,258.99071,257.36304,257.93929,264.2856,268.22906,268.9845,271.83559,276.23083,278.65695,310.71539,322.28471,333.60305,342.66397,348.06277,354.88754
4.F.2,HR,,,,,,,,,,,,,,,,,,,,,,,,,,,,,,,,,,,
4.F.2,HU,,,,,,,,,,,,,,,,,,,,,,,,,,,,,,,,,,,
4.F.2,IE,0.30169,0.31056,0.31943,0.32831,0.33718,9.17727,9.44589,9.71451,9.98313,10.25175,17.31738,17.96772,2.68815,112.39269,60.76709,117.23269,10.75482,10.75482,65.60709,12.36815,12.35928,12.3504,12.34153,12.33266,12.32378,12.05516,11.78654,11.51792,11.2493,10.98068,10.33034,9.68,9.68,6.45333,4.84
4.F.2,IS,,,,,,,,,,,,,,,,,,,,,,,,,,,,,,,,,,,
4.F.2,IT,,,,,,,,,,,,,,,,,,,,,,,,,,,,,,,,,,,
4.F.2,LI,0.16739,0.19255,0.17327,0.86957,0.22052,0.23745,0.73597,0.88218,1.43256,1.41807,0.94221,1.4787,0.88985,0.51071,1.25593,0.88111,0.46584,1.05134,0.94027,1.51636,0.46176,0.58714,0.40177,0.39674,0.35473,0.95905,1.03027,0.80808,1.43965,0.37822,0.34149,0.29803,0.91432,2.23973,0.54481
4.F.2,LT,195.6584,195.6584,104.36051,114.2426,141.01826,61.22667,56.06404,59.34387,70.25036,65.20071,65.20071,81.13718,69.3005,86.99402,71.05756,71.05756,71.05756,71.05756,106.44459,118.15828,94.48492,94.48492,84.52829,92.26518,68.41377,49.19747,49.19747,49.19747,127.19423,163.6226,157.76576,169.60243,109.62771,91.93419,88.55219
4.F.2,LU,0.08486,0.08488,0.08229,0.08811,0.08552,0.08292,0.08033,0.07774,0.07515,0.0665,0.0371,0.03449,0.03188,0.02927,0.02086,0.01826,0.03726,0.04071,0.26139,0.27711,0.31047,0.31188,0.31439,0.19188,0.19847,0.19993,0.16556,0.17021,0.17791,0.06364,0.06364,0.06364,0.06364,0.06364,0.06364
4.F.2,LV,,,,,,,,,,,,,,,,,,,,,,,,,,,,,,,,,,,
4.F.2,MT,0.65872,0.88282,0.93646,0.99009,1.04373,1.09279,1.09279,1.10201,1.15565,1.15565,1.15696,0.82832,0.89445,0.90626,0.8554,0.86485,0.89403,1.08687,1.0844,1.08193,1.03895,1.02579,1.01264,0.99948,0.98633,0.97317,0.96001,0.73199,0.71077,1.07394,0.8792,1.26258,1.0109,0.82603,0.8098
4.F.2,NL,144.30174,140.14159,136.09511,132.78954,129.61997,127.49821,124.74859,123.08443,121.83322,121.28996,120.40226,120.18944,121.1211,121.72031,118.56046,118.98644,119.13201,119.57231,120.90235,123.60548,124.90986,127.31562,129.61241,153.69893,162.68934,170.96421,179.09093,181.73709,186.56964,192.16156,199.04098,184.15555,185.34228,187.43331,190.46292
4.F.2,NO,,,,,,,,,,,,,,,,,,,,,,,,,,,,,,,,,,,
4.F.2,PL,,,,,,,,,,,,,,,,,,,,,,,,,,,,,,,,,,,
4.F.2,PT,,,,,,,,,,,,,,,,,,,,,,,,,,,,,,,,,,,
4.F.2,RO,195.2224,195.22334,195.22428,195.22523,195.22523,195.22523,195.22523,195.22523,195.22523,195.22523,204.96622,205.30667,205.46147,205.81109,206.25423,206.82902,196.61742,141.07736,133.72551,143.52864,190.01884,172.86679,118.32318,111.16959,113.16231,97.18342,105.47452,115.56231,158.79482,116.81115,153.71662,108.32267,84.55565,251.59764,82.18805
4.F.2,SE,223.43949,0.09132,33.23547,0.17648,0.17648,0.17648,0.17648,0.17648,0.17648,0.17648,0.17648,-1.13819,-1.10451,-1.10451,-1.10451,-1.10451,-1.10451,-2.46375,-2.44745,-2.37451,-2.35165,-3.27738,-3.67012,-3.94149,-3.94835,-5.26682,-5.26863,-5.25699,-5.25472,-6.36692,-2.75618,-1.8592,-2.97296,-20.57045,57.24482
4.F.2,SI,14.17413,19.20148,19.5865,19.97152,20.35654,20.74156,9.35588,8.9927,8.62953,8.26635,7.90317,7.53999,7.17682,15.07342,15.20841,15.34375,15.47946,18.21621,18.52001,18.82382,19.12762,19.23858,19.34953,4.53227,4.01799,3.50371,3.54546,3.58721,3.62896,3.67071,3.71246,3.75422,3.79597,3.48983,3.18369
4.F.2,SK,293.26481,172.6417,165.41711,149.0123,139.474,104.13694,106.17634,117.72347,114.73798,148.03745,106.33673,127.57404,85.69408,82.66518,97.09004,186.80367,106.64303,143.01831,131.06176,128.59761,90.43448,81.30429,117.02747,96.94973,110.2793,185.74467,99.34792,95.40893,143.89411,80.59638,94.73469,71.53452,74.98861,88.6771,109.635
4.F.2,TR,,43.71021,127.37432,135.27967,168.13949,180.24937,252.43755,172.53994,284.65992,255.3516,186.61297,175.66848,283.0689,221.64115,394.02773,309.87947,484.72985,461.67259,538.10913,431.41098,599.80407,440.38001,646.86573,539.62273,564.23064,763.52254,619.10583,585.65005,649.71402,532.06207,695.05196,533.16012,734.74302,623.66333,642.18
4.G,AT,-3122.26586,-2098.46178,-1839.7098,-1667.22516,-2603.77567,-2569.36657,-2964.42689,-2685.7461,-2595.03328,-1943.11417,-1888.83837,-2701.18413,-3635.33837,-4223.32518,-3448.42065,-3461.32885,-3802.88846,-5045.27604,-4755.20577,-1126.42314,-2451.70317,-2687.23151,-2055.0909,-1138.10855,-1371.9201,-1254.20267,-1137.40797,-1719.26178,-1969.31905,-1461.69613,-121.71423,-1889.39503,-1991.82578,-968.4397,-2022.63938
4.G,BE,-1517.05344,-1066.43332,-901.09311,-929.22048,-692.08965,-935.55041,-1157.88434,-713.29972,-1283.26838,-821.87055,-419.61119,-258.4223,-989.3183,-899.90906,-771.84049,-855.12962,-842.97536,-549.63812,-491.62913,-329.77705,-45.94336,-0.81719,14.11827,-116.65672,-159.67571,-210.78688,-203.57826,-77.76895,-72.15504,38.7614,68.3925,166.46179,22.92724,203.29746,37.7316
4.G,BG,354.8694,443.31004,1261.96712,1197.2241,1121.34977,1088.43062,1091.18213,1045.17234,1065.86276,1002.92359,735.94441,614.38982,589.15811,596.58191,351.83067,448.63369,226.61634,-203.59231,47.99802,309.31784,90.27659,-95.8165,-145.51533,-117.13588,-185.04859,-442.62988,-236.64422,-413.97831,-430.01064,-257.91113,-338.15608,-621.64006,-571.66066,-456.59706,-468.28312
4.G,CH,-1172.95871,-776.75961,-556.85729,-459.35388,-339.82538,-447.36322,-268.18686,-237.4071,-269.58543,-357.55551,-704.1272,-409.17081,-278.72203,-349.54414,-520.08154,-625.07848,-386.22441,-677.35532,-296.71668,-294.27889,-347.22527,-263.50199,-70.59657,124.92902,-60.54202,-47.27316,-2.33871,-16.04819,-76.45865,46.72393,-38.18797,-161.42416,-58.30583,32.05972,-45.82959
4.G,CY,2.11848,8.94955,9.58623,-3.29554,0.44068,0.43376,-0.40084,9.3664,2.13809,0.4929,14.28106,22.52648,23.84184,24.0101,24.27365,24.26102,23.40808,18.80091,17.63122,22.49827,22.81209,23.77685,23.76977,23.49327,22.89691,22.72253,22.56058,22.40428,22.22545,21.95057,21.30593,19.91425,20.20322,19.32299,19.67484
4.G,CZ,-1680.47376,-322.67596,770.39355,-275.65448,-419.42714,-827.19345,-765.55545,-835.83669,-659.64192,-795.16171,-1270.88126,-1201.02014,-1099.12474,-1483.07523,-1546.43674,-1433.82007,-2418.49411,-2924.54431,-2047.6609,-1042.11647,-1620.46179,-966.83369,-686.75187,-118.15994,-82.67241,-477.6834,-804.47932,-1046.08873,-1428.12557,-1825.90621,-2792.15699,-2390.08213,-1979.17753,-1245.98332,-1285.43307
4.G,DE,-1294.85803,1118.03809,674.36709,887.97395,-2315.09027,-2750.18596,-2618.96115,-3598.84065,-3980.4457,-5148.31493,-7295.50629,-5253.79293,-7214.18428,-8888.6112,-12261.03416,-14966.42585,-15805.44906,-15663.79018,-5081.87698,-5125.58022,-3580.8065,-3190.10312,-2267.47696,-1077.70633,-1716.99186,-1534.04427,-1475.37373,-2277.81463,-4627.39614,-5769.91907,-8055.02834,-8227.627,-4666.67267,-1414.54409,407.6226
4.G,DK,-2.36607,123.09546,-51.29754,-265.58724,-152.67918,-116.10824,-134.76214,-26.42529,105.89724,244.90625,25.83673,152.67424,207.63642,178.54915,188.11711,113.42595,79.97683,27.01473,-65.61209,-22.02954,-25.05143,-103.39501,-74.25153,-93.65642,-146.53049,-171.56225,-174.00426,-162.22724,-46.19344,-84.55899,-117.57774,-15.2494,-123.2088,-111.44351,7.56553
4.G,EE,-156.274,-22.61777,108.04704,60.19452,19.43011,-28.75247,-148.09616,-411.80902,-434.15864,-670.54042,-947.59002,-1106.31911,-1157.39154,-1100.76353,-820.65384,-608.40637,-627.54212,-453.80516,-533.99365,-509.49149,-848.7522,-819.88312,-652.21675,-686.61793,-764.91945,-918.97474,-1010.92443,-1058.15811,-1095.04775,-967.32167,-902.44324,-938.31007,-609.40528,-379.95876,-557.35883
4.G,EL,-348.98673,-331.53099,-217.34903,-431.15872,-411.29937,-350.80928,-369.91638,198.07899,96.06295,-10.8545,-235.037,-81.68165,-230.43274,-288.56378,-265.63146,-283.85273,-305.34114,-467.98902,-76.04871,-291.13272,-363.87832,-323.94589,35.62107,64.45246,67.31737,65.79263,64.33981,23.58822,-32.12882,-32.47506,28.09621,27.87842,27.66034,27.44083,27.219
4.G,ES,-2015.38278,-2126.29799,-1069.36636,-1700.26941,-1827.26955,-2179.6043,-2069.20167,-1841.96622,-1355.1795,-2965.13454,-3393.78075,-3659.91651,-3832.31518,-3766.26287,-3790.40974,-3305.55038,-3872.04346,-2793.92038,-2242.70105,-392.33176,-365.73246,-239.9781,-31.32095,-40.17382,-865.19953,-1834.55116,-1702.0324,-2559.49185,-2746.77737,-2166.44634,-1917.71086,-2486.82707,-1380.00201,-1270.39934,-1699.18899
4.G,EUA,-27063.26928,-15676.91892,-10853.76948,-16454.85171,-24038.93398,-27348.61291,-26988.82825,-32744.01066,-34663.22298,-38485.18089,-45503.72178,-38692.73729,-43505.00948,-48908.93353,-54019.61164,-55173.83516,-62464.24247,-65275.77404,-43748.63215,-27024.06,-35960.77797,-34927.4515,-31334.86493,-27971.87129,-32372.04345,-34009.82764,-35622.62454,-38327.49042,-39794.62542,-40561.02896,-37883.98711,-46797.19544,-37341.60368,-25315.16064,-24818.35158
4.G,FI,-2951.605,-1087.965,-1506.724,-3854.254,-5424.245,-4900.414,-4112.558,-6779.421,-6725.21,-6483.279,-6605.885,-4203.063,-4549.615,-5097.38,-5400.486,-1971.082,-4762.831,-5609.677,-1785.211,1645.681,-2195.39,-2170.904,-1674.802,-2367.191,-3026.996,-2909.101,-3818.131,-4497.726,-4584.093,-3411.822,-1305.617,-3717.682,-3285.791,-1637.06,-2143.004
4.G,FR,-4668.57304,-4313.95215,-3851.13842,-2583.00763,-3516.64472,-3898.73147,-3298.57,-3920.88071,-4498.51148,-4623.41885,-5291.64845,-4951.67517,-3724.69391,-3575.88547,-4225.61593,-4849.80781,-4995.2728,-5436.30846,-4099.42763,-1898.36714,-3737.65777,-4056.37713,-3344.28348,-2793.5013,-2527.26306,-1934.80144,-1563.56054,-1586.31972,-1470.28074,-1127.22792,213.77743,-2244.99843,-1717.43213,166.625,374.26853
4.G,HR,-317.85236,176.23881,252.82836,66.40291,-45.49256,-55.09376,-12.26795,119.968,3.67831,-58.26009,-69.66266,-306.1248,-302.33416,-190.81975,-180.30407,-348.72022,-322.96489,-309.34934,-325.3374,-178.97016,-249.15591,-268.76298,-319.82762,-426.17955,-538.60589,-764.14667,-780.0746,-1029.34818,-761.65788,-752.1649,-629.53764,-656.28216,-393.25132,-391.42813,-387.7363
4.G,HU,-315.14499,-81.06504,105.90073,56.77478,-55.29075,-148.37713,-365.35565,-460.45738,-437.07543,-406.43423,-436.74511,-398.3273,-304.04734,-190.23551,-182.82709,-398.71343,-701.15572,-756.67816,-831.94276,-415.52374,-572.69386,-245.63004,-252.28153,-61.35192,-253.79811,-116.9682,-143.68339,-598.42885,-720.3811,-697.31237,-618.36434,-933.37499,-915.56451,-493.74207,-408.83177
4.G,IE,-413.04347,-409.63256,-560.58435,-586.39636,-645.75662,-683.03397,-767.60023,-786.29874,-906.28757,-1058.71418,-1114.43691,-1068.06541,-915.25661,-1123.55121,-1020.79963,-1063.87429,-1244.31302,-1206.82407,-697.56674,-704.38616,-838.4225,-749.0585,-675.57645,-672.88868,-761.97395,-746.93158,-791.65565,-864.89704,-823.16891,-870.24226,-826.95143,-976.46007,-943.22951,-936.23488,-786.62074
4.G,IS,,,,,,,0.00052,-0.00729,0.00341,0.00044,0.00317,0.00228,-0.00118,0.00043,-0.00025,0.00308,0.00261,-0.0149,-0.00962,-0.03022,-0.03262,-0.06058,-0.06654,-0.06524,-0.12415,-0.03824,-0.09436,-0.15021,-0.0771,-0.04067,-0.0407,-0.01413,-0.09949,-0.21975,-0.19482
4.G,IT,-389.459,-95.81289,207.93338,-141.83945,141.38362,-706.95532,-800.21547,-691.37588,-1032.27911,-901.51202,-454.0281,-223.47086,-341.57388,-431.69714,-569.13103,-503.07702,-715.4893,-738.7254,-747.70767,-318.56544,-141.98539,119.76575,201.4973,264.95397,186.11865,88.25188,-6.39032,59.05639,219.07846,-1486.04955,-799.43096,-787.43531,-516.03428,-1636.89641,-2001.54456
4.G,LI,-2.68888,-2.47759,-2.27044,-2.06736,-1.86826,-1.67306,-1.48169,-1.29407,-1.11013,-0.9298,-0.753,-0.64747,-0.54401,-0.44258,-0.34313,-0.24564,-0.15006,-0.05635,0.03552,0.12559,0.21389,0.2097,0.20558,0.20155,0.1976,0.19373,0.18993,0.1862,2.40629,2.35911,2.31285,2.26749,2.22303,2.17944,2.1367
4.G,LT,-240.15289,-254.17195,332.29197,-139.96086,-651.40719,-851.12155,-1183.80214,-941.79882,-906.40401,-844.59101,-1302.29955,-1267.30754,-1371.65373,-1553.49117,-1366.15787,-1241.17025,-1204.91297,-1427.56362,-1012.24135,-724.82748,-1266.25629,-1395.84767,-1160.53755,-1339.75094,-1375.58937,-1243.20906,-1009.35043,-974.07208,-1068.48169,-827.34885,-851.97217,-1229.92375,-1893.42522,-1667.94093,-2105.85011
4.G,LU,2.10798,1.97064,2.21198,-0.45123,-2.23269,-12.44171,-15.46269,-19.29475,-25.27219,-15.16501,-18.4046,-13.92013,-10.15756,-6.07829,-23.15598,-17.69022,-10.85674,-4.85616,0.41558,-4.94036,-26.94829,-36.85452,-34.62283,-24.15967,-20.84484,-23.7813,-20.81023,4.41037,6.25989,5.44777,-4.89911,-9.10563,-3.85819,-7.25438,-5.42478
4.G,LV,-540.15453,-532.13307,-303.03598,47.06908,-439.83558,-808.75432,-1017.50338,-1892.10443,-2287.09106,-2612.67521,-2732.44555,-2618.47175,-2643.42666,-2604.27429,-2480.44656,-2516.75585,-2555.65697,-1621.88428,-1298.94181,-1472.53953,-2068.83452,-2275.7034,-2121.76867,-2138.32964,-2066.30269,-2052.79894,-2330.65193,-2724.01127,-2519.98212,-2561.71826,-2360.52145,-2828.09848,-2233.96974,-2518.81572,-1571.16568
4.G,MT,,,,,,,,,,,,,,,,,,,,,,,,,,,,,,,,,,,
4.G,NL,-68.58153,47.29928,77.29424,218.64029,232.15781,107.57152,112.8333,36.80224,116.19798,39.69042,-14.3396,147.84443,135.62263,121.03586,166.39628,103.3402,148.40962,209.71017,111.93055,81.63822,62.08625,99.10612,108.77356,82.07959,87.01153,131.88262,91.9271,114.29402,136.5647,126.35074,131.54233,125.09491,129.96217,124.48043,126.34248
4.G,NO,-921.73091,-590.43505,-494.47315,-727.71168,-1007.90848,-821.64271,-644.15706,-708.29495,-865.23264,-536.89123,-532.35306,-348.12525,-132.28096,-197.53276,-480.89505,-422.09109,-361.64374,-246.67749,62.60225,697.32968,82.40444,163.28886,405.52451,546.30425,211.51771,83.39732,-236.38492,-382.08423,-473.95673,-450.60588,-295.44192,-513.69864,-434.78108,-167.29245,-342.23883
4.G,PL,-459.13552,-320.48586,-668.49268,-922.56645,-1254.0663,-942.23812,-877.5776,-1217.15234,-1603.05113,-2282.83163,-2632.78053,-2349.3529,-2550.79787,-2982.24064,-3630.51621,-3286.00604,-3462.47536,-4097.01874,-3646.0536,-3462.78828,-3831.25006,-3767.77614,-3755.15908,-3840.28357,-3878.84784,-4007.47616,-4319.45387,-4569.02406,-4773.13429,-4730.142,-4826.05092,-5384.08274,-4501.07653,-3680.43051,-3784.17425
4.G,PT,-1731.41864,-1511.3073,-1255.86039,-1040.07032,-1123.25365,-996.85774,-1179.79417,-884.73884,-596.40729,-739.33079,-1012.84446,-925.39295,-941.03747,-1082.75944,-1050.03533,-818.35411,-801.03896,-545.40482,-610.26673,-615.70472,-278.68487,-707.46664,-551.40712,116.25101,-139.89658,-458.36086,-139.22023,-14.76604,-109.38783,-117.09086,28.897,-255.02996,-147.89268,512.77178,-88.04544
4.G,RO,354.45098,1247.05898,825.29593,688.9574,1823.16197,1566.57313,1642.55899,1488.549,1279.86342,662.03339,20.72174,131.16998,-473.85083,-1237.69806,-1620.55513,-1141.45058,-762.43647,-1497.60058,-1545.7243,-1242.32842,-2426.41386,-2660.14047,-4271.66025,-4562.95863,-4298.02993,-4502.05963,-4537.02167,-4315.8121,-3603.98007,-3564.94048,-3190.94279,-2857.61218,-1512.39333,-1864.63045,-1780.20804
4.G,SE,-5006.61333,-4309.75233,-3671.84767,-5318.445,-5762.009,-6319.65033,-5773.81567,-7643.80833,-7266.38367,-7156.64767,-8158.557,-6822.36867,-7479.65167,-8158.645,-8773.765,-10611.23433,-11633.98867,-11854.29667,-9864.91367,-7562.75667,-7736.35867,-7264.158,-7071.66167,-6442.491,-7713.057,-7644.67,-8431.50367,-6899.26233,-6281.94233,-7143.466,-8327.462,-8109.49333,-7707.26367,-5124.691,-3844.67233
4.G,SI,-67.0118,39.53822,76.88192,105.98495,45.37775,28.3838,-42.7655,24.00874,-71.49588,-39.82081,-85.11228,-77.68791,-97.97452,-128.98215,-164.13316,-184.59004,-218.64636,-310.85659,-228.47205,-182.54237,-128.97448,-74.55417,-64.02107,-25.3766,-112.829,-129.0413,-101.84241,-85.74643,-125.92169,-252.86557,-142.17746,-195.1259,-304.86629,-270.7084,-340.77931
4.G,SK,-470.40934,1.87798,337.73031,75.32863,-80.37081,-58.76565,-158.90917,-314.70144,-669.72752,-857.55611,-920.07105,-273.77707,-597.09212,-814.86158,-1157.87328,-1996.45596,-1875.88039,-2011.70047,-1938.07254,-1460.07249,-1334.59721,-1068.86244,-508.41128,-440.42351,-728.3955,-940.69594,-1063.6575,-1077.03999,-889.18845,-644.91384,-247.28376,-382.70913,-144.35553,-291.90047,-537.81547
4.G,TR,-2947.73817,-2601.70817,-3321.54628,-2580.89313,-2359.8361,-3333.14553,-2999.96678,-3448.65563,-3651.38127,-3625.61886,-4304.73842,-3811.23161,-4834.59486,-5071.61063,-5642.5663,-6450.63104,-6305.91079,-7085.02456,-7285.54064,-6959.98989,-8320.70397,-9293.37171,-10075.2375,-10577.93258,-11624.00989,-12198.02806,-12998.32298,-12026.69105,-12134.54709,-11782.62811,-11895.25934,-15744.10331,-13688.66212,-15412.31669,-13585.80881
4.H,AT,,,,,,,,,,,,,,,,,,,,,,,,,,,,,,,,,,,
4.H,BE,,,,,,,,,,,,,,,,,,,,,,,,,,,,,,,,,,,
4.H,BG,,,,,,,,,,,,,,,,,,,,,,,,,,,,,,,,,,,
4.H,CH,,,,,,,,,,,,,,,,,,,,,,,,,,,,,,,,,,,
4.H,CY,,,,,,,,,,,,,,,,,,,,,,,,,,,,,,,,,,,
4.H,CZ,,,,,,,,,,,,,,,,,,,,,,,,,,,,,,,,,,,
4.H,DE,,,,,,,,,,,,,,,,,,,,,,,,,,,,,,,,,,,
4.H,DK,,,,,,,,,,,,,,,,,,,,,,,,,,,,,,,,,,,
4.H,EE,,,,,,,,,,,,,,,,,,,,,,,,,,,,,,,,,,,
4.H,EL,,,,,,,,,,,,,,,,,,,,,,,,,,,,,,,,,,,
4.H,ES,,,,,,,,,,,,,,,,,,,,,,,,,,,,,,,,,,,
4.H,EUA,,,,,1034.0,1217.425,1061.77133,926.02033,807.62367,704.363,614.306,535.766,467.26533,407.52067,355.41733,309.97633,270.34333,235.77767,205.634,179.34033,156.41267,136.41467,118.97233,103.763,90.49333,78.925,68.83433,60.03433,52.35633,45.66467,39.82367,34.73433,30.294,26.41833,23.04133
4.H,FI,,,,,,,,,,,,,,,,,,,,,,,,,,,,,,,,,,,
4.H,FR,,,,,1034.0,1217.425,1061.77133,926.02033,807.62367,704.363,614.306,535.766,467.26533,407.52067,355.41733,309.97633,270.34333,235.77767,205.634,179.34033,156.41267,136.41467,118.97233,103.763,90.49333,78.925,68.83433,60.03433,52.35633,45.66467,39.82367,34.73433,30.294,26.41833,23.04133
4.H,HR,,,,,,,,,,,,,,,,,,,,,,,,,,,,,,,,,,,
4.H,HU,,,,,,,,,,,,,,,,,,,,,,,,,,,,,,,,,,,
4.H,IE,,,,,,,,,,,,,,,,,,,,,,,,,,,,,,,,,,,
4.H,IS,,,,,,,,,,,,,,,,,,,,,,,,,,,,,,,,,,,
4.H,IT,,,,,,,,,,,,,,,,,,,,,,,,,,,,,,,,,,,
4.H,LT,,,,,,,,,,,,,,,,,,,,,,,,,,,,,,,,,,,
4.H,LU,,,,,,,,,,,,,,,,,,,,,,,,,,,,,,,,,,,
4.H,LV,,,,,,,,,,,,,,,,,,,,,,,,,,,,,,,,,,,
4.H,MT,,,,,,,,,,,,,,,,,,,,,,,,,,,,,,,,,,,
4.H,NL,,,,,,,,,,,,,,,,,,,,,,,,,,,,,,,,,,,
4.H,NO,,,,,,,,,,,,,,,,,,,,,,,,,,,,,,,,,,,
4.H,PL,,,,,,,,,,,,,,,,,,,,,,,,,,,,,,,,,,,
4.H,PT,,,,,,,,,,,,,,,,,,,,,,,,,,,,,,,,,,,
4.H,RO,,,,,,,,,,,,,,,,,,,,,,,,,,,,,,,,,,,
4.H,SI,,,,,,,,,,,,,,,,,,,,,,,,,,,,,,,,,,,
4.H,SK,,,,,,,,,,,,,,,,,,,,,,,,,,,,,,,,,,,
5,AT,27.91954,24.36474,11.1272,10.7964,10.788,11.1104,11.4328,11.7552,12.0776,12.4,12.4,12.4,12.4,12.4,12.4,12.4,10.26,8.208,6.156,4.104,2.052,2.052,2.052,2.052,2.052,2.052,2.052,2.052,2.052,2.052,2.052,2.052,2.052,2.052,2.052
5,BE,347.2481,348.9431,360.31693,364.2379,295.75677,286.30871,310.88761,324.19991,297.97923,310.12473,314.90347,326.18533,501.05849,542.06821,629.05291,709.01376,770.21565,896.55495,860.66345,772.54997,862.20292,653.35195,642.66339,482.90086,393.74574,499.76347,451.14509,519.69652,500.05595,470.62635,455.52323,468.85763,364.13461,377.6386,354.61702
5,BG,19.83452,20.17856,18.85681,20.341,20.67645,20.90646,20.59626,20.7697,34.88398,28.32567,62.58,39.70502,38.75199,43.79348,69.65706,54.82625,51.57133,34.22198,42.39344,33.27843,13.45438,9.70748,20.08859,38.90177,11.26379,10.10178,12.27221,14.71641,6.76743,12.59824,123.28915,5.71342,4.17658,6.79006,7.71734
5,CH,40.2329,36.90188,33.65154,30.12774,25.93113,22.36851,20.65303,19.6831,18.65146,17.8612,16.65914,15.1227,13.71721,13.12488,12.6623,12.14016,12.52056,11.99623,11.97122,10.85423,10.97955,10.54101,10.3537,10.12633,10.00108,10.09646,10.11193,9.80523,9.62859,9.40456,9.24543,9.07708,8.55672,8.31313,7.95234
5,CY,,,,,,,,,,,,,,,,,,,,,,,,,,,,,,,,,,,
5,CZ,19.96783,23.73234,27.64246,37.43387,52.63744,58.60599,58.41426,60.70044,60.4664,61.23587,50.0439,67.77228,97.29702,154.90985,145.32074,104.86934,133.79089,86.466,90.27769,77.55065,109.04284,94.68318,93.95285,94.34222,97.17247,96.93828,100.96097,108.68555,109.99169,108.6457,104.40241,96.71882,84.6058,68.93247,70.53428
5,DE,,,,,,,,,,,,,,,,,,,,,,,,,,,,,,,,,,,
5,DK,16.46142,17.015,18.5001,16.2388,16.34306,18.91684,19.13706,17.66084,15.77508,16.97522,16.63466,16.33346,15.84646,17.82336,15.40434,16.0001,16.41684,14.39892,17.40134,17.23825,15.65381,14.53889,14.09156,15.5545,15.75472,14.72503,15.00214,13.57076,17.92164,14.63273,14.72253,13.56429,14.84118,11.97262,12.38809
5,EE,2.25179,2.25179,2.4481,2.21138,2.60404,2.98774,2.45945,2.58306,2.65397,2.80815,2.81628,2.20512,2.37835,2.64177,1.39371,1.45711,0.68895,0.65579,1.09539,0.93949,0.838,0.80434,0.85621,1.04479,0.96698,0.51247,0.59907,0.5262,0.57649,0.56504,0.50303,0.60189,0.33353,,
5,EL,0.22015,0.22015,0.22015,0.22015,0.22015,0.22015,0.22015,0.22015,0.22015,0.22015,0.22015,0.22015,0.48098,0.85467,1.04779,1.97535,2.40789,3.17485,3.68352,12.43385,6.35565,5.6137,3.47615,3.82837,4.48059,5.48143,4.65895,4.26143,3.78436,3.40416,3.56985,3.86604,4.16223,4.25709,4.34591
5,ES,124.37949,100.62015,115.9127,101.79635,91.38345,51.06685,42.10376,27.65277,22.52018,19.31115,14.47209,12.36836,12.36693,6.04926,1.33619,0.84141,,,,,,,,,,,27.59684,,,,,,,,
5,EUA,3436.63123,3468.86173,3552.05527,3501.51843,3503.39236,3373.31104,3272.77318,3088.43021,2921.39631,2742.71056,2651.05147,2627.98928,2797.71772,2994.84995,2964.22094,3114.46992,3204.36409,3072.63228,3067.23232,2995.76064,3090.35251,2856.1167,2782.76298,2662.9989,2716.64419,2504.01751,2466.24821,2452.29349,2385.78593,2727.39939,2607.97559,2773.48277,2408.11064,2121.61057,1961.93602
5,FI,,,,,,,,,,,,,,,,,,,,,,,,,,,,,,,,,,,
5,FR,2110.23842,2129.81693,2185.44105,2182.39188,2241.90702,2194.89957,2071.29428,1871.92706,1746.09145,1624.96625,1692.14448,1628.72499,1602.61982,1607.79279,1480.56689,1540.02392,1606.54468,1487.54967,1542.78243,1518.18953,1602.44493,1645.84408,1536.40777,1536.25571,1784.08841,1533.08671,1540.81322,1464.70894,1423.20116,1793.66449,1596.47498,1846.32061,1627.64476,1343.87949,1234.59395
5,HR,0.5357,0.5357,0.5357,0.5357,0.5357,0.5357,0.5357,1.82435,3.69997,4.38094,6.15113,6.68284,3.77927,0.80312,0.35042,0.16204,0.74255,0.65055,0.66624,0.16295,0.04787,0.05056,0.08193,0.04224,0.04495,0.04558,0.049,,,,,,,,
5,HU,96.87855,96.87855,96.87855,96.87855,96.87855,96.87855,96.87855,96.87855,96.87855,96.87855,96.87855,96.87855,96.87855,96.87855,96.87855,98.34963,94.30173,114.25442,102.33755,102.51773,109.47659,77.10193,79.57092,74.48994,80.35599,27.32646,17.61646,26.05629,28.61923,30.69736,25.31013,24.70147,13.99394,14.70189,15.73533
5,IE,95.58639,95.70157,96.40978,97.14601,97.74356,98.16003,98.18539,82.52946,64.7439,71.99022,76.74755,85.29796,108.25983,153.17601,143.6398,128.49588,126.03621,83.07014,68.01033,69.48106,61.01593,43.82428,47.59521,44.55526,41.12492,41.8491,24.65001,27.03766,23.49071,31.97419,30.75539,34.16209,35.9681,34.66838,14.51067
5,IS,7.29557,7.23709,7.04191,5.99575,5.52625,4.87402,4.3668,4.2089,3.56627,2.91625,2.74092,2.58284,2.4021,2.05424,5.22785,4.7916,4.99432,7.95949,6.30634,6.25784,6.07381,6.78153,6.54274,5.49583,7.50193,6.93433,7.48094,7.84546,5.16054,6.17214,6.42597,6.56238,6.45816,6.09047,6.61978
5,IT,512.00858,537.09584,536.47697,496.14438,499.20898,458.23262,457.77863,482.3488,474.70895,398.13863,208.2625,229.13671,177.19275,202.2404,185.3571,230.15254,243.83684,212.76878,206.20487,247.91103,171.76279,166.58625,182.97215,194.59831,106.3231,87.76164,89.3005,77.05702,76.80905,78.65629,73.11425,90.09895,84.48831,77.59918,76.36191
5,LI,0.01391,0.01373,0.01459,0.01381,0.0087,0.00939,0.00957,0.01017,0.01085,0.01131,0.01155,0.01194,0.01174,0.01177,0.01171,0.01136,0.01145,0.01126,0.01113,0.01096,0.01099,0.01093,0.01068,0.0106,0.01073,0.0108,0.01071,0.01092,0.01097,0.01072,0.01112,0.01103,0.01085,0.01096,0.01128
5,LT,2.65932,2.65932,0.74187,2.1407,0.65747,2.50958,0.85258,0.85425,0.94308,0.40922,1.13396,1.54199,1.38294,3.69846,1.91149,3.6008,3.28645,0.66002,0.64147,0.7001,1.46317,4.44964,1.02419,0.77165,1.95526,5.72143,0.63918,1.26222,0.86853,1.68071,2.10853,2.44826,2.30853,2.14291,2.15052
5,LU,,,,,,,,,,,,,,,,,,,,,,,,,,,,,,,,,,,
5,LV,0.57466,0.59367,0.61269,0.6317,0.65071,0.66972,0.68874,0.70775,0.72676,0.75015,1.1886,2.36451,0.30169,0.36873,0.44555,0.44483,1.52763,1.20058,0.50547,0.34026,0.3413,0.34377,0.32288,0.42743,0.56264,0.1795,0.17313,0.28606,0.39655,0.02893,0.0388,0.033,,,
5,MT,0.37012,0.37012,0.37012,0.37012,0.37012,0.37012,0.37012,0.37012,0.34539,0.34539,0.34539,0.34539,0.34539,0.34539,0.3156,0.3156,0.3156,0.3156,0.35195,0.47792,0.52165,0.68737,0.61513,0.46067,0.64368,0.57102,0.52413,0.50803,0.55497,0.55433,0.64513,0.43837,0.24946,0.24273,0.15971
5,NL,,,,,,,,,,,,,,,,,,,,,,,,,,,,,,,,,,,
5,NO,13.64098,20.26523,20.09162,24.83634,21.69752,20.25197,22.89915,23.53327,25.43615,39.70904,80.53157,90.01699,89.45956,95.63282,104.55344,107.62909,108.31648,112.00758,109.64526,61.70394,196.47893,262.37807,228.77924,245.60773,278.1565,253.83172,250.59457,278.97231,280.54554,240.01759,255.75607,178.06171,205.86934,181.38138,164.44516
5,PL,,,,,,,,,,,,,,,,,,,,,,,,,,,,,,,,,,,
5,PT,6.95911,7.02199,7.08658,7.15293,7.22109,7.29113,7.88062,8.76506,7.41859,6.98924,5.23712,2.8946,1.38197,7.27178,10.73244,11.64072,12.56155,14.48529,5.32796,17.95464,16.49931,14.16844,15.47976,22.40982,25.837,24.17374,23.84475,26.2162,31.9843,27.49684,33.50661,36.90817,36.51962,37.38677,38.04519
5,RO,1.25627,1.27123,6.757,9.44513,12.13773,14.81614,17.50239,20.33378,23.57415,29.97319,35.4357,40.29441,41.13722,45.15471,55.38459,89.86804,23.7617,6.09307,4.29962,3.17712,3.5897,4.17237,3.49707,4.18457,3.55629,2.08145,5.2768,3.92532,6.74761,6.541,6.66631,4.35325,4.89585,4.67193,5.00835
5,SE,43.85451,52.20268,58.32698,48.015,49.08,42.741,49.118,50.603,49.164,48.2,44.439,47.471,60.725,81.31583,94.33023,94.85267,88.86448,98.50229,102.71838,105.47471,100.22906,105.42616,126.31048,123.75713,122.16949,118.80267,123.31128,132.293,127.871,119.819,112.91174,126.812,111.2199,115.899,105.6512
5,SI,1.99546,1.99546,1.99546,1.99546,1.19198,0.65618,0.95243,0.30114,0.93748,2.57294,3.1498,3.07378,2.56845,3.68916,3.42441,3.30877,4.0192,4.95654,5.20712,6.44022,7.32828,7.38206,7.66348,17.15237,20.31703,27.31552,23.59182,27.46396,20.6745,20.56081,19.60709,13.95597,13.97289,16.84276,16.22701
5,SK,5.43131,5.39284,5.39807,5.39501,5.40009,5.42755,5.48439,5.44482,5.58746,5.71493,5.86715,6.09285,20.56462,11.57444,15.27114,11.87113,13.21394,4.44482,6.50809,4.83873,6.03232,5.32825,4.04128,5.26928,4.22914,5.52823,2.17067,1.96993,3.41875,3.20122,2.77445,1.87654,2.54336,1.93268,1.83755
5,TR,26.14485,26.4693,27.97884,30.67541,28.6429,25.96323,27.773,39.22389,23.96527,21.50598,20.97532,20.62484,13.08918,15.16754,6.89603,11.8721,13.795,16.9085,17.37767,15.24082,11.20999,14.09327,14.41635,7.37239,0.47729,1.07431,1.84256,1.53638,1.23991,2.37903,3.62223,4.07238,5.34576,5.81682,3.47607
5.C,AT,27.91954,24.36474,11.1272,10.7964,10.788,11.1104,11.4328,11.7552,12.0776,12.4,12.4,12.4,12.4,12.4,12.4,12.4,10.26,8.208,6.156,4.104,2.052,2.052,2.052,2.052,2.052,2.052,2.052,2.052,2.052,2.052,2.052,2.052,2.052,2.052,2.052
5.C,BE,347.2481,348.9431,360.31693,364.2379,295.75677,286.30871,310.88761,324.19991,297.97923,310.12473,314.90347,326.18533,501.05849,542.06821,629.05291,709.01376,770.21565,896.55495,860.66345,772.54997,862.20292,653.35195,642.66339,482.90086,393.74574,499.76347,451.14509,519.69652,500.05595,470.62635,455.52323,468.85763,364.13461,377.6386,354.61702
5.C,BG,19.83452,20.17856,18.85681,20.341,20.67645,20.90646,20.59626,20.7697,34.88398,28.32567,62.58,39.70502,38.75199,43.79348,69.65706,54.82625,51.57133,34.22198,42.39344,33.27843,13.45438,9.70748,20.08859,38.90177,11.26379,10.10178,12.27221,14.71641,6.76743,12.59824,123.28915,5.71342,4.17658,6.79006,7.71734
5.C,CH,40.2329,36.90188,33.65154,30.12774,25.93113,22.36851,20.65303,19.6831,18.65146,17.8612,16.65914,15.1227,13.71721,13.12488,12.6623,12.14016,12.52056,11.99623,11.97122,10.85423,10.97955,10.54101,10.3537,10.12633,10.00108,10.09646,10.11193,9.80523,9.62859,9.40456,9.24543,9.07708,8.55672,8.31313,7.95234
5.C,CY,,,,,,,,,,,,,,,,,,,,,,,,,,,,,,,,,,,
5.C,CZ,19.96783,23.73234,27.64246,37.43387,52.63744,58.60599,58.41426,60.70044,60.4664,61.23587,50.0439,67.77228,97.29702,154.90985,145.32074,104.86934,133.79089,86.466,90.27769,77.55065,109.04284,94.68318,93.95285,94.34222,97.17247,96.93828,100.96097,108.68555,109.99169,108.6457,104.40241,96.71882,84.6058,68.93247,70.53428
5.C,DE,,,,,,,,,,,,,,,,,,,,,,,,,,,,,,,,,,,
5.C,DK,,,,,,,,,,,,,,,,,,,,,,,,,,,,,,,,,,,
5.C,EE,2.25179,2.25179,2.4481,2.21138,2.60404,2.98774,2.45945,2.58306,2.65397,2.80815,2.81628,2.20512,2.37835,2.64177,1.39371,1.45711,0.68895,0.65579,1.09539,0.93949,0.838,0.80434,0.85621,1.04479,0.96698,0.51247,0.59907,0.5262,0.57649,0.56504,0.50303,0.60189,0.33353,,
5.C,EL,0.22015,0.22015,0.22015,0.22015,0.22015,0.22015,0.22015,0.22015,0.22015,0.22015,0.22015,0.22015,0.48098,0.85467,1.04779,1.97535,2.40789,3.17485,3.68352,12.43385,6.35565,5.6137,3.47615,3.82837,4.48059,5.48143,4.65895,4.26143,3.78436,3.40416,3.56985,3.86604,4.16223,4.25709,4.34591
5.C,ES,124.37949,100.62015,115.9127,101.79635,91.38345,51.06685,42.10376,27.65277,22.52018,19.31115,14.47209,12.36836,12.36693,6.04926,1.33619,0.84141,,,,,,,,,,,,,,,,,,,
5.C,EUA,3420.16981,3451.84673,3533.55517,3485.27963,3487.0493,3354.3942,3253.63612,3070.76937,2905.62123,2725.73534,2634.41681,2611.65582,2781.87126,2977.02659,2948.8166,3098.46982,3187.94725,3058.23336,3049.83097,2978.52239,3074.6987,2841.57781,2768.67142,2647.4444,2700.88947,2489.29248,2423.64924,2438.72273,2367.86429,2712.76666,2593.25306,2759.91848,2393.26946,2109.63795,1949.54793
5.C,FI,,,,,,,,,,,,,,,,,,,,,,,,,,,,,,,,,,,
5.C,FR,2110.23842,2129.81693,2185.44105,2182.39188,2241.90702,2194.89957,2071.29428,1871.92706,1746.09145,1624.96625,1692.14448,1628.72499,1602.61982,1607.79279,1480.56689,1540.02392,1606.54468,1487.54967,1542.78243,1518.18953,1602.44493,1645.84408,1536.40777,1536.25571,1784.08841,1533.08671,1540.81322,1464.70894,1423.20116,1793.66449,1596.47498,1846.32061,1627.64476,1343.87949,1234.59395
5.C,HR,0.5357,0.5357,0.5357,0.5357,0.5357,0.5357,0.5357,1.82435,3.69997,4.38094,6.15113,6.68284,3.77927,0.80312,0.35042,0.16204,0.74255,0.65055,0.66624,0.16295,0.04787,0.05056,0.08193,0.04224,0.04495,0.04558,0.049,,,,,,,,
5.C,HU,96.87855,96.87855,96.87855,96.87855,96.87855,96.87855,96.87855,96.87855,96.87855,96.87855,96.87855,96.87855,96.87855,96.87855,96.87855,98.34963,94.30173,114.25442,102.33755,102.51773,109.47659,77.10193,79.57092,74.48994,80.35599,27.32646,17.61646,26.05629,28.61923,30.69736,25.31013,24.70147,13.99394,14.70189,15.73533
5.C,IE,95.58639,95.70157,96.40978,97.14601,97.74356,98.16003,98.18539,82.52946,64.7439,71.99022,76.74755,85.29796,108.25983,153.17601,143.6398,128.49588,126.03621,83.07014,68.01033,69.48106,61.01593,43.82428,47.59521,44.55526,41.12492,41.8491,24.65001,27.03766,23.49071,31.97419,30.75539,34.16209,35.9681,34.66838,14.51067
5.C,IS,7.29557,7.23709,7.04191,5.99575,5.52625,4.87402,4.3668,4.2089,3.56627,2.91625,2.74092,2.58284,2.4021,2.05424,5.22785,4.7916,4.99432,7.95949,6.30634,6.25784,6.07381,6.78153,6.54274,5.49583,7.50193,6.93433,7.48094,7.84546,5.16054,6.17214,6.42597,6.56238,6.45816,6.09047,6.61978
5.C,IT,512.00858,537.09584,536.47697,496.14438,499.20898,458.23262,457.77863,482.3488,474.70895,398.13863,208.2625,229.13671,177.19275,202.2404,185.3571,230.15254,243.83684,212.76878,206.20487,247.91103,171.76279,166.58625,182.97215,194.59831,106.3231,87.76164,89.3005,77.05702,76.80905,78.65629,73.11425,90.09895,84.48831,77.59918,76.36191
5.C,LI,0.01391,0.01373,0.01459,0.01381,0.0087,0.00939,0.00957,0.01017,0.01085,0.01131,0.01155,0.01194,0.01174,0.01177,0.01171,0.01136,0.01145,0.01126,0.01113,0.01096,0.01099,0.01093,0.01068,0.0106,0.01073,0.0108,0.01071,0.01092,0.01097,0.01072,0.01112,0.01103,0.01085,0.01096,0.01128
5.C,LT,2.65932,2.65932,0.74187,2.1407,0.65747,2.50958,0.85258,0.85425,0.94308,0.40922,1.13396,1.54199,1.38294,3.69846,1.91149,3.6008,3.28645,0.66002,0.64147,0.7001,1.46317,4.44964,1.02419,0.77165,1.95526,5.72143,0.63918,1.26222,0.86853,1.68071,2.10853,2.44826,2.30853,2.14291,2.15052
5.C,LU,,,,,,,,,,,,,,,,,,,,,,,,,,,,,,,,,,,
5.C,LV,0.57466,0.59367,0.61269,0.6317,0.65071,0.66972,0.68874,0.70775,0.72676,0.75015,1.1886,2.36451,0.30169,0.36873,0.44555,0.44483,1.52763,1.20058,0.50547,0.34026,0.3413,0.34377,0.32288,0.42743,0.56264,0.1795,0.17313,0.28606,0.39655,0.02893,0.0388,0.033,,,
5.C,MT,0.37012,0.37012,0.37012,0.37012,0.37012,0.37012,0.37012,0.37012,0.34539,0.34539,0.34539,0.34539,0.34539,0.34539,0.3156,0.3156,0.3156,0.3156,0.35195,0.47792,0.52165,0.68737,0.61513,0.46067,0.64368,0.57102,0.52413,0.50803,0.55497,0.55433,0.64513,0.43837,0.24946,0.24273,0.15971
5.C,NL,,,,,,,,,,,,,,,,,,,,,,,,,,,,,,,,,,,
5.C,NO,13.64098,20.26523,20.09162,24.83634,21.69752,20.25197,22.89915,23.53327,25.43615,39.70904,80.53157,90.01699,89.45956,95.63282,104.55344,107.62909,108.31648,112.00758,109.64526,61.70394,196.47893,262.37807,228.77924,245.60773,278.1565,253.83172,250.59457,278.97231,280.54554,240.01759,255.75607,178.06171,205.86934,181.38138,164.44516
5.C,PL,,,,,,,,,,,,,,,,,,,,,,,,,,,,,,,,,,,
5.C,PT,6.95911,7.02199,7.08658,7.15293,7.22109,7.29113,7.88062,8.76506,7.41859,6.98924,5.23712,2.8946,1.38197,7.27178,10.73244,11.64072,12.56155,14.48529,5.32796,17.95464,16.49931,14.16844,15.47976,22.40982,25.837,24.17374,23.84475,26.2162,31.9843,27.49684,33.50661,36.90817,36.51962,37.38677,38.04519
5.C,RO,1.25627,1.27123,6.757,9.44513,12.13773,14.81614,17.50239,20.33378,23.57415,29.97319,35.4357,40.29441,41.13722,45.15471,55.38459,89.86804,23.7617,6.09307,4.29962,3.17712,3.5897,4.17237,3.49707,4.18457,3.55629,2.08145,5.2768,3.92532,6.74761,6.541,6.66631,4.35325,4.89585,4.67193,5.00835
5.C,SE,43.85451,52.20268,58.32698,48.015,49.08,42.741,49.118,50.603,49.164,48.2,44.439,47.471,60.725,81.31583,94.33023,94.85267,88.86448,98.50229,102.71838,105.47471,100.22906,105.42616,126.31048,123.75713,122.16949,118.80267,123.31128,132.293,127.871,119.819,112.91174,126.812,111.2199,115.899,105.6512
5.C,SI,1.99546,1.99546,1.99546,1.99546,1.19198,0.65618,0.95243,0.30114,0.93748,2.57294,3.1498,3.07378,2.56845,3.68916,3.42441,3.30877,4.0192,4.95654,5.20712,6.44022,7.32828,7.38206,7.66348,17.15237,20.31703,27.31552,23.59182,27.46396,20.6745,20.56081,19.60709,13.95597,13.97289,16.84276,16.22701
5.C,SK,5.43131,5.39284,5.39807,5.39501,5.40009,5.42755,5.48439,5.44482,5.58746,5.71493,5.86715,6.09285,20.56462,11.57444,15.27114,11.87113,13.21394,4.44482,6.50809,4.83873,6.03232,5.32825,4.04128,5.26928,4.22914,5.52823,2.17067,1.96993,3.41875,3.20122,2.77445,1.87654,2.54336,1.93268,1.83755
5.C,TR,26.14485,26.4693,27.97884,30.67541,28.6429,25.96323,27.773,39.22389,23.96527,21.50598,20.97532,20.62484,13.08918,15.16754,6.89603,11.8721,13.795,16.9085,17.37767,15.24082,11.20999,14.09327,14.41635,7.37239,0.47729,1.07431,1.84256,1.53638,1.23991,2.37903,3.62223,4.07238,5.34576,5.81682,3.47607
5.C.1,AT,27.91954,24.36474,11.1272,10.7964,10.788,11.1104,11.4328,11.7552,12.0776,12.4,12.4,12.4,12.4,12.4,12.4,12.4,10.26,8.208,6.156,4.104,2.052,2.052,2.052,2.052,2.052,2.052,2.052,2.052,2.052,2.052,2.052,2.052,2.052,2.052,2.052
5.C.1,BE,347.2481,348.9431,360.31693,364.2379,295.75677,286.30871,310.88761,324.19991,297.97923,310.12473,314.90347,326.18533,501.05849,542.06821,629.05291,709.01376,770.21565,896.55495,860.66345,772.54997,862.20292,653.35195,642.66339,482.90086,393.74574,499.76347,451.14509,519.69652,500.05595,470.62635,455.52323,468.85763,364.13461,377.6386,354.61702
5.C.1,BG,19.83452,20.17856,18.85681,20.341,20.67645,20.90646,20.59626,20.7697,34.88398,28.32567,62.58,39.70502,38.75199,43.79348,69.65706,54.82625,51.57133,34.22198,42.39344,33.27843,13.45438,9.70748,20.08859,38.90177,11.26379,10.10178,12.27221,14.71641,6.76743,12.59824,123.28915,5.71342,4.17658,6.79006,7.71734
5.C.1,CH,40.2329,36.90188,33.65154,30.12774,25.93113,22.36851,20.65303,19.6831,18.65146,17.8612,16.65914,15.1227,13.71721,13.12488,12.6623,12.14016,12.52056,11.99623,11.97122,10.85423,10.97955,10.54101,10.3537,10.12633,10.00108,10.09646,10.11193,9.80523,9.62859,9.40456,9.24543,9.07708,8.55672,8.31313,7.95234
5.C.1,CY,,,,,,,,,,,,,,,,,,,,,,,,,,,,,,,,,,,
5.C.1,CZ,19.96783,23.73234,27.64246,37.43387,52.63744,58.60599,58.41426,60.70044,60.4664,61.23587,50.0439,67.77228,97.29702,154.90985,145.32074,104.86934,133.79089,86.466,90.27769,77.55065,101.64877,88.10783,86.53362,89.96197,89.79282,89.60571,89.26266,102.36129,106.21465,103.3172,99.17951,91.59704,79.59164,64.02268,65.72885
5.C.1,DE,,,,,,,,,,,,,,,,,,,,,,,,,,,,,,,,,,,
5.C.1,DK,,,,,,,,,,,,,,,,,,,,,,,,,,,,,,,,,,,
5.C.1,EE,0.76414,0.76414,0.76414,0.76414,0.76414,0.9553,0.26115,0.2736,0.48505,0.59432,0.59509,0.65301,0.69791,0.88565,0.48834,0.56319,0.11752,0.04107,,3e-05,4e-05,,0.07224,0.14245,0.03944,0.03088,0.11077,0.03439,0.06936,0.05615,0.01017,0.1652,0.00051,,
5.C.1,EL,0.22015,0.22015,0.22015,0.22015,0.22015,0.22015,0.22015,0.22015,0.22015,0.22015,0.22015,0.22015,0.48098,0.85467,1.04779,1.97535,2.40789,3.17485,3.68352,12.43385,6.35565,5.6137,3.47615,3.82837,4.48059,5.48143,4.65895,4.26143,3.78436,3.40416,3.56985,3.86604,4.16223,4.25709,4.34591
5.C.1,ES,89.6272,62.33711,66.82964,54.53244,57.04594,29.13218,29.79289,11.73851,11.54885,12.41206,12.37382,12.36836,12.36693,6.04926,1.33619,0.84141,,,,,,,,,,,,,,,,,,,
5.C.1,EUA,3336.81127,3365.25338,3435.67096,3388.98477,3403.2483,3282.93379,3192.10689,3008.12929,2849.32275,2669.6774,2582.09366,2558.11108,2706.4181,2886.9361,2884.27187,3044.24707,3135.49821,3027.88035,3013.2416,2940.20999,3027.53188,2797.4261,2728.56741,2612.68753,2663.08359,2452.04367,2382.08547,2402.10682,2332.53825,2674.33213,2559.90319,2728.06667,2363.16175,2076.90977,1916.77424
5.C.1,FI,,,,,,,,,,,,,,,,,,,,,,,,,,,,,,,,,,,
5.C.1,FR,2078.20704,2098.30412,2154.4468,2151.91621,2211.94992,2165.46104,2042.37432,1843.52568,1718.20863,1597.60201,1665.29881,1602.11504,1576.24558,1579.55088,1454.12662,1512.28527,1581.36798,1462.29408,1517.44794,1491.00085,1576.49759,1621.17466,1512.77168,1513.94174,1762.21676,1511.48023,1519.18914,1442.75264,1400.64112,1770.77335,1576.45128,1827.51715,1608.72482,1321.62469,1212.33915
5.C.1,HR,0.5357,0.5357,0.5357,0.5357,0.5357,0.5357,0.5357,1.82435,3.69997,4.38094,6.15113,6.68284,3.77927,0.80312,0.35042,0.16204,0.74255,0.65055,0.66624,0.16295,0.04787,0.05056,0.08193,0.04224,0.04495,0.04558,0.049,,,,,,,,
5.C.1,HU,96.87855,96.87855,96.87855,96.87855,96.87855,96.87855,96.87855,96.87855,96.87855,96.87855,96.87855,96.87855,96.87855,96.87855,96.87855,98.34963,94.30173,114.25442,102.33755,102.51773,109.47659,77.10193,79.57092,74.48994,80.35599,27.32646,17.61646,26.05629,28.61923,30.69736,25.31013,24.70147,13.99394,14.70189,15.73533
5.C.1,IE,82.9664,82.9664,82.9664,82.9664,82.9664,82.9664,82.9664,69.4672,52.448,55.55733,58.66667,63.04027,64.03467,96.27493,109.75067,106.27027,102.78987,82.04533,61.3008,62.7088,53.49471,37.004,44.3784,42.372,38.48827,38.98987,21.9648,24.17111,20.08453,27.32107,28.01581,31.65696,35.01682,34.03078,13.83489
5.C.1,IS,,,,,,,,,,,,0.08027,0.08027,0.08027,4.30134,4.78157,4.98291,7.94451,6.29226,6.24297,6.05973,6.78153,6.54274,5.49583,7.50193,6.93433,7.48094,7.84546,5.16054,6.17214,6.42597,6.56238,6.45816,6.09047,6.61978
5.C.1,IT,509.54135,534.52116,533.79741,493.21595,496.31966,455.37149,454.89752,479.39609,471.72943,394.99072,205.18537,226.01172,174.01943,199.04902,182.04714,226.78797,240.38227,209.3109,202.75491,244.49903,166.29656,161.30395,177.92424,189.62126,101.33271,82.79269,84.23264,72.08002,71.73341,73.60342,68.2434,85.1142,79.599,72.6732,71.32424
5.C.1,LI,,,,,,,,,,,,,,,,,,,,,,,,,,,,,,,,,,,
5.C.1,LT,2.65932,2.65932,0.74187,2.1407,0.65747,2.50958,0.85258,0.85425,0.94308,0.40922,1.13396,1.54199,1.38294,3.69846,1.91149,3.6008,3.28645,0.66002,0.64147,0.7001,1.46317,4.44964,1.02419,0.77165,1.95526,5.72143,0.63918,1.26222,0.86853,1.68071,2.10853,2.44826,2.30853,2.14291,2.15052
5.C.1,LU,,,,,,,,,,,,,,,,,,,,,,,,,,,,,,,,,,,
5.C.1,LV,0.57466,0.59367,0.61269,0.6317,0.65071,0.66972,0.68874,0.70775,0.72676,0.75015,1.1886,2.36451,0.30169,0.36873,0.44555,0.44483,1.52763,1.20058,0.50547,0.34026,0.3413,0.34377,0.32288,0.42743,0.56264,0.1795,0.17313,0.28606,0.39655,0.02893,0.0388,0.033,,,
5.C.1,MT,0.37012,0.37012,0.37012,0.37012,0.37012,0.37012,0.37012,0.37012,0.34539,0.34539,0.34539,0.34539,0.34539,0.34539,0.3156,0.3156,0.3156,0.3156,0.35195,0.47792,0.52165,0.68737,0.61513,0.46067,0.64368,0.57102,0.52413,0.50803,0.55497,0.55433,0.64513,0.43837,0.24946,0.24273,0.15971
5.C.1,NL,,,,,,,,,,,,,,,,,,,,,,,,,,,,,,,,,,,
5.C.1,NO,13.64098,20.26523,20.09162,24.83634,21.69752,20.25197,22.89915,23.53327,25.43615,39.70904,80.53157,90.01699,89.45956,95.63282,104.55344,107.62909,108.31648,112.00758,109.64526,61.70394,196.47893,262.37807,228.77924,245.60773,278.1565,253.83172,250.59457,278.97231,280.54554,240.01759,255.75607,178.06171,205.86934,181.38138,164.44516
5.C.1,PL,,,,,,,,,,,,,,,,,,,,,,,,,,,,,,,,,,,
5.C.1,PT,6.95911,7.02199,7.08658,7.15293,7.22109,7.29113,7.88062,8.76506,7.41859,6.98924,5.23712,2.8946,1.38197,7.27178,10.73244,11.64072,12.56155,14.48529,5.32796,17.95464,16.49931,14.16844,15.47976,22.40982,25.837,24.17374,23.84475,26.2162,31.9843,27.49684,33.50661,36.90817,36.51962,37.38677,38.04519
5.C.1,RO,1.25627,1.27123,6.757,9.44513,12.13773,14.81614,17.50239,20.33378,23.57415,29.97319,35.4357,40.29441,41.13722,45.15471,55.38459,89.86804,23.7617,6.09307,4.29962,3.17712,3.5897,4.17237,3.49707,4.18457,3.55629,2.08145,5.2768,3.92532,6.74761,6.541,6.66631,4.35325,4.89585,4.67193,5.00835
5.C.1,SE,43.85451,52.20268,58.32698,48.015,49.08,42.741,49.118,50.603,49.164,48.2,44.439,47.471,60.725,81.31583,94.33023,94.85267,88.86448,98.50229,102.71838,105.47471,100.22906,105.42616,126.31048,123.75713,122.16949,118.80267,123.31128,132.293,127.871,119.819,112.91174,126.812,111.2199,115.899,105.6512
5.C.1,SI,1.99546,1.99546,1.99546,1.99546,1.19198,0.65618,0.95243,0.30114,0.93748,2.57294,3.1498,3.07378,2.56845,3.68916,3.42441,3.30877,4.0192,4.95654,5.20712,6.44022,7.32828,7.38206,7.66348,17.15237,20.31703,27.31552,23.59182,27.46396,20.6745,20.56081,19.60709,13.95597,13.97289,16.84276,16.22701
5.C.1,SK,5.43131,5.39284,5.39807,5.39501,5.40009,5.42755,5.48439,5.44482,5.58746,5.71493,5.86715,6.09285,20.56462,11.57444,15.27114,11.87113,13.21394,4.44482,6.50809,4.83873,6.03232,5.32825,4.04128,5.26928,4.22914,5.52823,2.17067,1.96993,3.41875,3.20122,2.77445,1.87654,2.54336,1.93268,1.83755
5.C.1,TR,,,,,,,,,,,,,,,,,,,,,,,,,,,,,,,,,,,
5.C.2,AT,,,,,,,,,,,,,,,,,,,,,,,,,,,,,,,,,,,
5.C.2,BE,,,,,,,,,,,,,,,,,,,,,,,,,,,,,,,,,,,
5.C.2,BG,,,,,,,,,,,,,,,,,,,,,,,,,,,,,,,,,,,
5.C.2,CH,,,,,,,,,,,,,,,,,,,,,,,,,,,,,,,,,,,
5.C.2,CY,,,,,,,,,,,,,,,,,,,,,,,,,,,,,,,,,,,
5.C.2,CZ,,,,,,,,,,,,,,,,,,,,,7.39406,6.57535,7.41923,4.38024,7.37965,7.33257,11.69831,6.32426,3.77704,5.32851,5.2229,5.12178,5.01416,4.90979,4.80543
5.C.2,DE,,,,,,,,,,,,,,,,,,,,,,,,,,,,,,,,,,,
5.C.2,DK,,,,,,,,,,,,,,,,,,,,,,,,,,,,,,,,,,,
5.C.2,EE,1.48765,1.48765,1.68396,1.44724,1.83991,2.03244,2.1983,2.30946,2.16892,2.21383,2.22118,1.55211,1.68044,1.75612,0.90538,0.89392,0.57143,0.61473,1.09539,0.93946,0.83796,0.80434,0.78397,0.90234,0.92754,0.48159,0.4883,0.4918,0.50714,0.50889,0.49286,0.43669,0.33302,,
5.C.2,EL,,,,,,,,,,,,,,,,,,,,,,,,,,,,,,,,,,,
5.C.2,ES,34.75228,38.28303,49.08306,47.26391,34.33751,21.93468,12.31087,15.91426,10.97133,6.89909,2.09828,,,,,,,,,,,,,,,,,,,,,,,,
5.C.2,EUA,83.35854,86.59335,97.88421,96.29486,83.801,71.46041,61.52922,62.64008,56.29848,56.05795,52.32315,53.54475,75.45316,90.0905,64.54473,54.22275,52.44904,30.35302,36.58937,38.3124,47.16682,44.1517,40.10401,34.75687,37.80588,37.24881,41.56377,36.61591,35.32604,38.43453,33.34987,31.85181,30.10771,32.72817,32.77369
5.C.2,FI,,,,,,,,,,,,,,,,,,,,,,,,,,,,,,,,,,,
5.C.2,FR,32.03138,31.51281,30.99424,30.47567,29.9571,29.43853,28.91996,28.40138,27.88281,27.36424,26.84567,26.60996,26.37424,28.24192,26.44027,27.73865,25.1767,25.2556,25.33449,27.18868,25.94734,24.66943,23.63609,22.31398,21.87165,21.60648,21.62408,21.9563,22.56005,22.89114,20.0237,18.80346,18.91994,22.2548,22.2548
5.C.2,HR,,,,,,,,,,,,,,,,,,,,,,,,,,,,,,,,,,,
5.C.2,HU,,,,,,,,,,,,,,,,,,,,,,,,,,,,,,,,,,,
5.C.2,IE,12.61999,12.73517,13.44338,14.17961,14.77716,15.19363,15.21899,13.06226,12.2959,16.43289,18.08089,22.25769,44.22516,56.90108,33.88913,22.22561,23.24634,1.02481,6.70953,6.77226,7.52122,6.82028,3.21681,2.18326,2.63665,2.85923,2.68521,2.86655,3.40617,4.65312,2.73957,2.50513,0.95128,0.6376,0.67578
5.C.2,IS,7.29557,7.23709,7.04191,5.99575,5.52625,4.87402,4.3668,4.2089,3.56627,2.91625,2.74092,2.50257,2.32184,1.97397,0.92651,0.01003,0.01141,0.01498,0.01408,0.01487,0.01408,,,,,,,,,,,,,,
5.C.2,IT,2.46723,2.57469,2.67957,2.92844,2.88932,2.86114,2.88111,2.95272,2.97952,3.1479,3.07713,3.12499,3.17332,3.19138,3.30995,3.36457,3.45457,3.45789,3.44996,3.412,5.46623,5.2823,5.04791,4.97705,4.99038,4.96895,5.06786,4.977,5.07564,5.05288,4.87085,4.98475,4.88931,4.92598,5.03768
5.C.2,LI,0.01391,0.01373,0.01459,0.01381,0.0087,0.00939,0.00957,0.01017,0.01085,0.01131,0.01155,0.01194,0.01174,0.01177,0.01171,0.01136,0.01145,0.01126,0.01113,0.01096,0.01099,0.01093,0.01068,0.0106,0.01073,0.0108,0.01071,0.01092,0.01097,0.01072,0.01112,0.01103,0.01085,0.01096,0.01128
5.C.2,LT,,,,,,,,,,,,,,,,,,,,,,,,,,,,,,,,,,,
5.C.2,LU,,,,,,,,,,,,,,,,,,,,,,,,,,,,,,,,,,,
5.C.2,LV,,,,,,,,,,,,,,,,,,,,,,,,,,,,,,,,,,,
5.C.2,MT,,,,,,,,,,,,,,,,,,,,,,,,,,,,,,,,,,,
5.C.2,NL,,,,,,,,,,,,,,,,,,,,,,,,,,,,,,,,,,,
5.C.2,NO,,,,,,,,,,,,,,,,,,,,,,,,,,,,,,,,,,,
5.C.2,PL,,,,,,,,,,,,,,,,,,,,,,,,,,,,,,,,,,,
5.C.2,PT,,,,,,,,,,,,,,,,,,,,,,,,,,,,,,,,,,,
5.C.2,RO,,,,,,,,,,,,,,,,,,,,,,,,,,,,,,,,,,,
5.C.2,SE,,,,,,,,,,,,,,,,,,,,,,,,,,,,,,,,,,,
5.C.2,SI,,,,,,,,,,,,,,,,,,,,,,,,,,,,,,,,,,,
5.C.2,SK,,,,,,,,,,,,,,,,,,,,,,,,,,,,,,,,,,,
5.C.2,TR,26.14485,26.4693,27.97884,30.67541,28.6429,25.96323,27.773,39.22389,23.96527,21.50598,20.97532,20.62484,13.08918,15.16754,6.89603,11.8721,13.795,16.9085,17.37767,15.24082,11.20999,14.09327,14.41635,7.37239,0.47729,1.07431,1.84256,1.53638,1.23991,2.37903,3.62223,4.07238,5.34576,5.81682,3.47607
5.E,AT,,,,,,,,,,,,,,,,,,,,,,,,,,,,,,,,,,,
5.E,BE,,,,,,,,,,,,,,,,,,,,,,,,,,,,,,,,,,,
5.E,BG,,,,,,,,,,,,,,,,,,,,,,,,,,,,,,,,,,,
5.E,CH,,,,,,,,,,,,,,,,,,,,,,,,,,,,,,,,,,,
5.E,CZ,,,,,,,,,,,,,,,,,,,,,,,,,,,,,,,,,,,
5.E,DE,,,,,,,,,,,,,,,,,,,,,,,,,,,,,,,,,,,
5.E,DK,16.46142,17.015,18.5001,16.2388,16.34306,18.91684,19.13706,17.66084,15.77508,16.97522,16.63466,16.33346,15.84646,17.82336,15.40434,16.0001,16.41684,14.39892,17.40134,17.23825,15.65381,14.53889,14.09156,15.5545,15.75472,14.72503,15.00214,13.57076,17.92164,14.63273,14.72253,13.56429,14.84118,11.97262,12.38809
5.E,EE,,,,,,,,,,,,,,,,,,,,,,,,,,,,,,,,,,,
5.E,EL,,,,,,,,,,,,,,,,,,,,,,,,,,,,,,,,,,,
5.E,ES,,,,,,,,,,,,,,,,,,,,,,,,,,,27.59684,,,,,,,,
5.E,EUA,16.46142,17.015,18.5001,16.2388,16.34306,18.91684,19.13706,17.66084,15.77508,16.97522,16.63466,16.33346,15.84646,17.82336,15.40434,16.0001,16.41684,14.39892,17.40134,17.23825,15.65381,14.53889,14.09156,15.5545,15.75472,14.72503,42.59897,13.57076,17.92164,14.63273,14.72253,13.56429,14.84118,11.97262,12.38809
5.E,FI,,,,,,,,,,,,,,,,,,,,,,,,,,,,,,,,,,,
5.E,FR,,,,,,,,,,,,,,,,,,,,,,,,,,,,,,,,,,,
5.E,HR,,,,,,,,,,,,,,,,,,,,,,,,,,,,,,,,,,,
5.E,HU,,,,,,,,,,,,,,,,,,,,,,,,,,,,,,,,,,,
5.E,IE,,,,,,,,,,,,,,,,,,,,,,,,,,,,,,,,,,,
5.E,IS,,,,,,,,,,,,,,,,,,,,,,,,,,,,,,,,,,,
5.E,IT,,,,,,,,,,,,,,,,,,,,,,,,,,,,,,,,,,,
5.E,LT,,,,,,,,,,,,,,,,,,,,,,,,,,,,,,,,,,,
5.E,LU,,,,,,,,,,,,,,,,,,,,,,,,,,,,,,,,,,,
5.E,LV,,,,,,,,,,,,,,,,,,,,,,,,,,,,,,,,,,,
5.E,MT,,,,,,,,,,,,,,,,,,,,,,,,,,,,,,,,,,,
5.E,NL,,,,,,,,,,,,,,,,,,,,,,,,,,,,,,,,,,,
5.E,NO,,,,,,,,,,,,,,,,,,,,,,,,,,,,,,,,,,,
5.E,PL,,,,,,,,,,,,,,,,,,,,,,,,,,,,,,,,,,,
5.E,PT,,,,,,,,,,,,,,,,,,,,,,,,,,,,,,,,,,,
5.E,RO,,,,,,,,,,,,,,,,,,,,,,,,,,,,,,,,,,,
5.E,SE,,,,,,,,,,,,,,,,,,,,,,,,,,,,,,,,,,,
5.E,SI,,,,,,,,,,,,,,,,,,,,,,,,,,,,,,,,,,,
5.E,SK,,,,,,,,,,,,,,,,,,,,,,,,,,,,,,,,,,,
5.E,TR,,,,,,,,,,,,,,,,,,,,,,,,,,,,,,,,,,,
5.F.1,AT,22778.81508,23458.60072,24066.5678,24662.11701,25119.2975,25543.19239,25970.83997,26378.01659,26788.91856,27198.55265,27613.89086,28032.24215,28492.82338,29026.56213,29181.13516,29341.3045,29517.6223,29678.60649,29794.48916,29861.73281,29926.26309,29998.18154,30041.78632,30089.86264,30135.3901,30170.21542,30204.64416,30244.25519,30287.07047,30330.20202,30373.01997,30424.27993,30460.38615,30498.61862,30559.34428
5.F.1,BE,,,,,,,,,,,,,,,,,,,,,,,,,,,,,,,,,,,
5.F.1,CH,9326.38148,9678.79077,10031.20006,10349.56435,10605.0631,10829.18191,11021.92079,11215.77892,11410.75631,11605.55063,11724.59524,11796.90613,11822.48331,11839.2604,11847.2374,11852.03319,11853.64777,11854.03834,11854.34818,11854.34818,11854.34818,11854.34818,11854.34818,11854.34818,11854.34818,11854.34818,11854.34818,11854.34818,11854.34818,11854.34818,11854.34818,11854.34818,11854.34818,11854.34818,11854.34818
5.F.1,CY,,,,,,,,,,,,,,,,,,,,,,,,,,,,,,,,,,,
5.F.1,CZ,15558.29816,16328.3078,17129.2726,17949.26193,18775.05535,19691.69639,20641.80898,21624.82201,22645.26754,23623.25235,24677.97219,25759.93214,26870.29429,27986.39554,29113.53334,30258.81209,31436.72414,32684.8675,33937.88505,35219.60465,36422.70816,37553.31421,38634.43201,39680.28439,40680.58323,41699.66427,42772.78032,43884.15313,45040.32245,46221.42214,47428.96827,48667.9652,49915.198,51081.79695,52311.52008
5.F.1,DE,,,,,,,,,,,,,,,,,,,,,,,,,,,,,,,,,,,
5.F.1,DK,,,,,,,,,,,,,,,,,,,,,,,,,,,,,,,,,,,
5.F.1,EE,1767.04972,1776.6997,1863.04129,1885.2771,2107.8043,2279.56615,2329.34017,2415.98212,2194.51658,1884.87411,2023.60874,2069.432,2134.25181,2645.49488,2550.43027,2548.28037,2384.95312,2619.88732,2628.91435,2340.33677,3195.16752,2542.59861,2234.84699,2940.04303,3741.58201,3359.29068,3534.25929,3636.23957,3630.80441,2065.06895,1648.41002,1793.16264,2034.89634,1642.86473,1558.0664
5.F.1,EL,,,,,,,,,,,,,,,,,,,,,,,,,,,,,,,,,,,
5.F.1,ES,,,,,,,,,,,,,,,,,,,,,,,,,,,,,,,,,,,
5.F.1,EUA,125502.86022,130351.76253,135972.25488,140424.00979,145313.67726,149284.18108,153001.57924,156911.22861,160702.79105,164271.0464,168717.39906,173014.49838,176416.72336,180616.66364,183841.18145,187453.82299,190880.70356,194200.20099,197666.89032,200531.68582,204400.70432,206609.92586,208452.38527,211249.39068,214220.47424,215582.48523,217395.92037,219139.9806,221277.17693,221904.44695,223676.67593,225964.90904,228477.84593,230143.2001,232026.63229
5.F.1,FI,37785.2689,39123.7727,40334.0866,41438.7811,42456.8641,43405.854,44279.0457,45103.9155,45860.1058,46554.4883,47266.6258,47943.5766,48569.5225,49175.5671,49760.889,50358.0665,50989.9388,51587.8004,52125.2012,52579.0619,53039.6328,53466.0287,53838.1312,54125.0467,54325.2832,54478.7063,54530.0302,54558.0978,54591.3731,54619.6149,54642.8473,54659.4196,54682.1409,54700.4231,54714.4296
5.F.1,HR,3484.34286,3666.06802,3836.50777,4023.8199,4227.77514,4441.45641,4662.71698,4883.53273,5129.02334,5373.61848,5631.44467,5903.33781,6189.22021,6493.19439,6814.52189,7155.38845,7559.56731,8058.66543,8590.8392,9102.28067,9618.04405,10126.52775,10579.22526,11040.44771,11465.09614,11900.5792,12312.38498,12710.94338,13084.8381,13430.39588,13735.16309,14028.99639,14328.34363,14602.67878,14870.54531
5.F.1,HU,22477.12853,23322.66181,24236.50219,25101.16819,26012.30211,26876.78763,27817.68944,28832.59884,29866.30744,30939.7933,31858.65906,33043.85354,34191.78024,35359.89858,36449.72279,37562.1969,38630.73658,39529.3789,40477.73506,41350.1112,42067.24519,42747.07552,43385.77797,43998.13713,44640.33156,45144.34356,45639.07241,46173.19554,46764.56577,47394.06568,47986.4816,48596.93006,49238.58349,49877.74726,50388.41144
5.F.1,IE,,,,,,,,,,,,,,,,,,,,,,,,,,,,,,,,,,,
5.F.1,IS,,,,,,,,,,,,,,,,,,,,,,,,,,,,,,,,,,,
5.F.1,IT,5888.68159,6295.55322,7547.88285,7851.35593,8571.7751,8457.93643,8167.02068,8026.83614,8056.66301,8006.35902,8458.858,8617.42419,7864.48483,7410.28621,7075.4567,6975.18681,6772.13044,6148.90248,5933.35092,5637.65494,5451.3547,5267.94192,4633.12659,4111.95413,3829.18212,3273.99244,2743.13811,2174.86814,2027.06097,1901.06068,1835.41293,1702.38813,1644.30043,1513.86882,1345.78122
5.F.1,LI,,,,,,,,,,,,,,,,,,,,,,,,,,,,,,,,,,,
5.F.1,LT,2160.50408,2242.62175,2321.9187,2395.62662,2466.94252,2543.7316,2617.71098,2690.76609,2760.22764,2832.03904,2914.19789,2988.26071,3062.05785,3123.09606,3185.76729,3252.57135,3315.74465,3380.92742,3456.88243,3525.71073,3593.45853,3662.46507,3721.85354,3763.16993,3800.99275,3835.82977,3854.24205,3869.40453,3883.61405,3896.94108,3907.10903,3917.1922,3946.70041,3949.95149,3953.28888
5.F.1,LU,,,,,,,,,,,,,,,,,,,,,,,,,,,,,,,,,,,
5.F.1,LV,,,,,,,,,,,,,,,,,,,,,,,,,,,,,,,,,,,
5.F.1,MT,,,,,,,,,,,,,,,,,,,,,,,,,,,,,,,,,,,
5.F.1,NL,,,,,,,,,,,,,,,,,,,,,,,,,,,,,,,,,,,
5.F.1,NO,18073.67954,18694.48406,19290.03214,19860.45504,20405.76346,20926.77885,21441.28361,21940.08076,22429.8871,22871.69238,23289.11823,23660.8149,24033.31194,24390.80904,24758.01364,25105.83701,25468.15264,25838.5664,26191.48917,26426.48492,26543.29517,26595.15829,26602.19829,26602.93163,26603.93996,26607.80829,26612.02496,26615.34329,26621.70496,26628.06663,26611.67663,26623.34856,26625.71466,26627.1037,26627.27713
5.F.1,PL,11465.53914,11902.94537,12295.45264,12668.20888,13006.04235,13322.06007,13624.78607,13898.70111,14172.85097,14450.61873,14694.58876,14913.36683,15105.68651,15269.35304,15410.01548,15520.98157,15599.86126,15645.00909,15656.52527,15665.98027,15676.02912,15685.98707,15696.2559,15705.57089,15713.2142,15721.18942,15728.35755,15736.13347,15744.44569,15754.85169,15763.8299,15774.31939,15785.26826,15794.94089,15803.76268
5.F.1,PT,,,,,,,,,,,,,,,,,,,,,,,,,,,,,,,,,,,
5.F.1,RO,,,,,,,,,,,,,,,,,,,,,,,,,,,,,,,,,,,
5.F.1,SE,,,,,,,,,,,,,,,,,,,,,,,,,,,,,,,,,,,
5.F.1,SI,1094.05606,1155.13965,1221.12755,1289.19823,1367.2008,1477.10151,1594.51867,1706.93608,1827.20977,1949.27293,2064.7684,2173.89,2301.14935,2419.55583,2521.65323,2628.09215,2741.54756,2850.43125,2959.42129,3051.00468,3115.30116,3177.26548,3221.8495,3253.81414,3271.63894,3300.50417,3302.8413,3302.89985,3302.90193,3302.90393,3302.94382,3302.94548,3302.95832,3302.95945,3302.9624
5.F.1,SK,1043.1761,1079.3918,1119.8949,1159.1949,1202.618,1244.7985,1296.1016,1349.1214,1401.7004,1458.1775,1512.7847,1569.1824,1635.4524,1707.2599,1778.0563,1852.9423,1931.8774,2015.7247,2105.6464,2198.2072,2295.5,2382.54,2465.1,2541.06,2617.18,2698.17,2774.17,2849.79,2920.18,2987.92,3052.49,3097.31,3139.07,3177.35,3218.52
5.F.1,TR,,,,,,,,,,,,,,,,,,,,,,,,,,,,,,,,,,,
5.F.2,AT,760.18795,679.78564,607.96707,595.54921,457.18049,423.89489,427.64758,407.17662,410.90197,409.63409,415.33821,418.35129,460.58123,533.73875,154.57304,160.16933,176.3178,160.98419,115.88267,67.24365,64.53028,71.91845,43.60478,48.07631,45.52747,34.82531,34.42874,39.61103,42.81528,43.13155,42.81795,51.25996,36.10621,38.23248,60.72566
5.F.2,BE,,,,,,,,,,,,,,,,,,,,,,,,,,,,,,,,,,,
5.F.2,CH,333.48929,352.40929,352.40929,318.36429,255.49874,224.11881,192.73888,193.85813,194.97738,194.79433,119.0446,72.31089,25.57718,16.77709,7.977,4.79579,1.61458,0.39057,0.30984,,,,,,,,,,,,,,,,
5.F.2,CY,,,,,,,,,,,,,,,,,,,,,,,,,,,,,,,,,,,
5.F.2,CZ,764.52174,770.00334,800.95825,819.98262,825.78666,916.63355,950.10481,983.00499,1020.43718,977.9768,1054.71121,1081.9511,1110.35306,1116.09212,1127.12858,1145.26938,1177.90241,1248.13316,1253.00729,1281.70912,1203.09366,1130.5968,1081.45919,1045.85239,1000.29883,1019.08105,1073.11605,1111.3728,1156.16932,1181.09969,1207.54613,1238.99694,1247.23275,1166.599,1301.22313
5.F.2,DE,,,,,,,,,,,,,,,,,,,,,,,,,,,,,,,,,,,
5.F.2,DK,,,,,,,,,,,,,,,,,,,,,,,,,,,,,,,,,,,
5.F.2,EE,,,,,,,,,,,,,,,,,,,,,,,,,,,,,,,,,,,
5.F.2,EL,,,,,,,,,,,,,,,,,,,,,,,,,,,,,,,,,,,
5.F.2,ES,,,,,,,,,,,,,,,,,,,,,,,,,,,,,,,,,,,
5.F.2,EUA,5261.85029,6091.57564,6244.4889,6809.13287,6515.96905,6190.91225,6096.68665,6131.16527,6100.87019,6498.37029,6583.85301,6068.50422,5611.94002,5329.6619,4740.90785,4598.50084,4053.47547,3752.45028,3422.17688,3011.73163,2579.73572,1786.9148,1008.6003,553.47235,-162.37252,-846.04149,-1544.49262,-1651.27065,-1697.19232,-1734.26288,-1931.75781,-1967.87583,-2066.92116,-2355.08292,-2384.81619
5.F.2,FI,1447.84191,1338.50378,1210.31389,1104.69456,1018.08296,948.98993,873.19168,824.86974,756.19031,694.38257,712.1375,676.95077,625.94586,606.0447,585.32182,597.17753,631.87233,597.86157,537.40083,453.86065,460.57095,426.39585,372.10251,286.91548,200.23656,153.42308,51.32388,28.06765,33.27523,28.24182,23.23238,16.57235,22.72125,18.28222,14.00654
5.F.2,HR,183.07425,181.72517,170.43974,187.31213,203.95524,213.68127,221.26057,220.81574,245.49061,244.59515,257.82619,271.89314,285.88239,303.97418,321.32751,340.86656,404.17886,499.09812,532.17377,511.44147,515.76338,508.4837,452.6975,461.22246,424.64843,435.48307,411.80578,398.5584,373.89472,345.55777,304.76721,293.83331,299.34724,274.33515,267.86653
5.F.2,HU,1033.59215,845.53328,913.84038,864.666,911.13392,864.48552,940.90181,1014.9094,1033.7086,1073.48586,918.86576,1185.19447,1147.92671,1168.11833,1089.82422,1112.47411,1068.53968,898.64232,948.35616,872.37614,717.13399,679.83033,638.70245,612.35916,642.19443,504.012,494.72885,534.12312,591.37023,629.49991,592.41592,610.44846,641.65344,639.16377,510.66418
5.F.2,IE,,,,,,,,,,,,,,,,,,,,,,,,,,,,,,,,,,,
5.F.2,IS,,,,,,,,,,,,,,,,,,,,,,,,,,,,,,,,,,,
5.F.2,IT,406.87162,1659.20126,1962.67434,2683.0935,2569.25484,2278.33909,2138.15455,2167.98142,2117.67742,2570.17641,2728.7426,1975.80323,1521.60462,1186.77511,1086.50521,883.44885,260.22089,44.66933,-251.02665,-437.32689,-620.73967,-1255.555,-1776.72747,-2059.49947,-2614.68916,-3145.54349,-3713.81345,-3861.62062,-3987.62091,-4053.26866,-4186.29346,-4244.38116,-4374.81277,-4542.90037,-4592.63435
5.F.2,LI,,,,,,,,,,,,,,,,,,,,,,,,,,,,,,,,,,,
5.F.2,LT,81.96098,82.11767,79.29695,73.70791,71.3159,76.78907,73.97939,73.0551,69.46155,71.8114,82.15885,74.06283,73.79713,61.03821,62.67124,66.80405,63.1733,65.18277,75.95501,68.8283,67.7478,66.2824,59.38847,41.31638,37.82282,34.83703,18.41228,15.16248,14.20952,13.32703,10.16796,10.08317,8.09903,3.25108,3.33738
5.F.2,LU,,,,,,,,,,,,,,,,,,,,,,,,,,,,,,,,,,,
5.F.2,LV,,,,,,,,,,,,,,,,,,,,,,,,,,,,,,,,,,,
5.F.2,MT,,,,,,,,,,,,,,,,,,,,,,,,,,,,,,,,,,,
5.F.2,NL,,,,,,,,,,,,,,,,,,,,,,,,,,,,,,,,,,,
5.F.2,NO,645.51461,620.80452,595.54808,570.4229,545.30843,521.01539,514.50475,498.79716,489.80634,441.80528,417.42585,371.69667,372.49704,357.49709,367.20461,347.82337,362.31562,370.41376,352.92276,234.99575,116.81025,51.86313,7.04,0.73333,1.00833,3.86833,4.21667,3.31833,6.36167,0.275,0.275,1.0936,2.3661,1.38904,0.17343
5.F.2,PL,455.8701,437.40623,392.50727,372.75624,337.83347,316.01772,302.726,273.91504,274.14987,277.76775,243.97004,218.77807,192.31968,163.66653,140.66244,110.9661,78.87968,45.14784,11.51618,9.455,10.04885,9.95795,10.26883,9.31499,7.6433,7.97523,7.16812,7.77593,8.31222,10.40601,8.9782,10.48949,10.94886,9.67264,8.82179
5.F.2,PT,,,,,,,,,,,,,,,,,,,,,,,,,,,,,,,,,,,
5.F.2,RO,,,,,,,,,,,,,,,,,,,,,,,,,,,,,,,,,,,
5.F.2,SE,,,,,,,,,,,,,,,,,,,,,,,,,,,,,,,,,,,
5.F.2,SI,80.26218,61.08359,65.9879,68.07069,78.00256,109.90072,117.41716,112.41741,120.27368,122.06316,115.49547,109.1216,127.25935,118.40648,102.0974,106.43893,113.45541,108.88369,108.99003,91.58339,64.29648,61.96432,44.58402,31.96464,17.8248,28.86523,2.33713,0.05855,0.00208,0.002,0.03989,0.00166,0.01283,0.00113,0.00295
5.F.2,SK,47.6674,36.2157,40.5031,39.3,43.423,42.1805,51.3031,53.0198,52.579,56.4771,54.6072,56.3977,66.27,71.8075,70.7964,74.886,78.9351,83.8473,89.9216,92.5608,97.29,87.04,82.52,75.95,76.12,81.0,76.0,75.62,70.38,67.74,64.57,44.82,41.77,38.28,41.17
5.F.2,TR,,,,,,,,,,,,,,,,,,,,,,,,,,,,,,,,,,,
5.F.3,AT,,,,,,,,,,,,,,,,,,,,,,,,,,,,,,,,,,,
5.F.3,BE,,,,,,,,,,,,,,,,,,,,,,,,,,,,,,,,,,,
5.F.3,CH,242.15217,254.82857,254.82857,232.64487,189.08377,167.0438,145.00383,145.6664,146.32897,146.32897,79.46275,48.1824,16.90205,11.07209,5.24213,3.15135,1.06058,0.26148,0.20743,,,,,,,,,,,,,,,,
5.F.3,CY,,,,,,,,,,,,,,,,,,,,,,,,,,,,,,,,,,,
5.F.3,CZ,519.22971,522.95258,543.97579,556.89631,560.83817,573.97768,602.61875,631.4697,664.11311,640.97473,702.55611,729.74606,736.91604,726.54211,718.45593,713.43682,725.66904,764.63411,772.51417,754.07795,705.09287,659.92027,683.38772,680.99053,669.90104,718.0242,792.2365,804.24308,820.36217,846.96061,874.94103,899.1633,919.87381,856.7873,908.06057
5.F.3,DE,,,,,,,,,,,,,,,,,,,,,,,,,,,,,,,,,,,
5.F.3,DK,,,,,,,,,,,,,,,,,,,,,,,,,,,,,,,,,,,
5.F.3,EE,,,,,,,,,,,,,,,,,,,,,,,,,,,,,,,,,,,
5.F.3,EL,,,,,,,,,,,,,,,,,,,,,,,,,,,,,,,,,,,
5.F.3,ES,,,,,,,,,,,,,,,,,,,,,,,,,,,,,,,,,,,
5.F.3,EUA,2567.4737,3227.99955,2249.95841,2351.77958,1889.85529,1751.55272,1877.47187,2011.69543,1961.182,2238.21364,1948.75364,1606.1378,1747.36102,1778.93862,1831.49892,1740.88705,2048.46171,1623.83712,1562.09056,1497.8147,1388.66261,1015.47394,1041.84961,1085.46713,898.49429,860.2379,624.13827,1094.93451,1163.31244,1237.77337,1188.50941,1286.05566,1297.19218,1180.10835,1185.1331
5.F.3,FI,910.85481,831.65156,730.99618,654.71426,595.48402,559.00484,509.46137,503.75426,470.63852,426.97601,441.75595,425.06764,368.73146,371.66444,361.01569,371.75058,413.39249,398.84509,356.18882,302.50222,311.97906,283.53843,248.30481,191.04265,135.00649,105.41792,37.0849,22.57165,28.27364,23.28117,16.89447,13.07678,18.74826,15.30016,11.83378
5.F.3,HR,,,,,,,,,,,,,,,,,,,,,,,,,,,,,,,,,,,
5.F.3,HU,553.1025,436.74351,470.89614,431.39793,476.93781,443.06545,514.92579,553.53476,535.71336,594.9852,410.23581,561.38459,591.30083,590.33228,562.91139,524.90961,518.93235,387.10234,419.47212,381.00158,327.28388,310.15045,300.25377,284.3016,348.71376,267.31539,263.64361,290.42265,329.87716,353.68543,321.41129,372.54201,397.56646,370.50972,264.68771
5.F.3,IE,,,,,,,,,,,,,,,,,,,,,,,,,,,,,,,,,,,
5.F.3,IS,,,,,,,,,,,,,,,,,,,,,,,,,,,,,,,,,,,
5.F.3,IT,187.81412,1077.12705,160.62059,381.8447,-60.68382,-154.11032,-75.13008,14.84717,-27.91197,238.97807,83.43589,-399.27447,-240.66569,-177.37361,-53.83194,-108.25457,165.63919,-131.33845,-180.17164,-113.51512,-111.75573,-386.80187,-317.55757,-172.29693,-338.28499,-323.45715,-528.42573,-77.68044,-66.21977,-34.50134,-69.91153,-30.52814,-68.54867,-88.33887,-26.13782
5.F.3,LI,,,,,,,,,,,,,,,,,,,,,,,,,,,,,,,,,,,
5.F.3,LT,40.69893,40.77479,37.90977,36.01829,34.81844,38.89908,35.04209,35.0011,30.95452,30.58885,30.37413,29.01306,27.98669,25.5788,29.49232,35.09158,32.25604,33.84324,40.1634,37.67582,37.87973,38.11164,34.83341,23.14246,19.16005,15.82446,7.03579,5.84361,4.96316,4.77077,3.55514,3.56012,2.45572,0.96649,1.00043
5.F.3,LU,,,,,,,,,,,,,,,,,,,,,,,,,,,,,,,,,,,
5.F.3,LV,,,,,,,,,,,,,,,,,,,,,,,,,,,,,,,,,,,
5.F.3,MT,,,,,,,,,,,,,,,,,,,,,,,,,,,,,,,,,,,
5.F.3,NL,,,,,,,,,,,,,,,,,,,,,,,,,,,,,,,,,,,
5.F.3,NO,541.68668,516.81768,491.40233,466.11823,440.84485,416.39291,417.633,403.8088,394.56802,353.45315,334.97513,299.65496,298.92871,286.43422,294.75586,276.66205,289.38866,296.81307,284.55489,188.95462,93.24125,42.70623,7.04,0.73333,0.73333,3.04333,3.94167,3.04333,3.77667,,0.78833,,2.365,1.38967,0.17233
5.F.3,PL,264.73489,250.26994,229.87363,215.32244,197.72271,185.53714,174.84878,160.69051,169.59647,184.84113,164.47537,146.98856,128.68408,109.01038,92.91567,72.77285,50.72499,28.15357,5.70523,6.26099,7.04565,7.38038,7.9975,7.55901,5.90414,6.22682,5.3761,5.5954,6.074,6.02475,5.3491,5.76992,6.33377,5.88242,5.22549
5.F.3,PT,,,,,,,,,,,,,,,,,,,,,,,,,,,,,,,,,,,
5.F.3,RO,,,,,,,,,,,,,,,,,,,,,,,,,,,,,,,,,,,
5.F.3,SE,,,,,,,,,,,,,,,,,,,,,,,,,,,,,,,,,,,
5.F.3,SI,55.55641,41.7511,46.03811,47.04581,53.44492,76.923,82.14116,78.60854,85.32379,86.57073,83.29905,79.33171,94.37401,89.65155,77.38355,85.28154,93.29752,90.74751,92.31507,72.06748,51.19715,50.77463,35.89996,25.90781,13.15378,23.20624,2.33711,0.05855,0.00208,0.002,0.03989,0.00166,0.01283,0.00113,0.00295
5.F.3,SK,35.48233,26.72902,29.64819,28.53982,31.29304,28.25585,33.56402,33.7894,32.7542,34.29892,32.62133,33.88066,40.03361,43.53267,43.15632,45.89864,48.55008,51.84971,55.9034,57.74377,59.94,52.4,48.73,44.82,44.94,47.68,44.85,43.88,39.98,37.55,36.23,22.47,20.75,19.0,20.46
5.F.3,TR,,,,,,,,,,,,,,,,,,,,,,,,,,,,,,,,,,,
6,AT,,,,,,,,,,,,,,,,,,,,,,,,,,,,,,,,,,,
6,BE,,,,,,,,,,,,,,,,,,,,,,,,,,,,,,,,,,,
6,BG,,,,,,,,,,,,,,,,,,,,,,,,,,,,,,,,,,,
6,CH,12.76265,14.14386,14.57917,14.01154,14.07736,13.58038,16.38648,15.06728,13.73944,14.93758,15.04296,16.48136,15.10947,16.20621,14.86165,13.99153,12.69954,12.55741,10.72905,11.61349,9.72674,10.84397,9.61134,8.89904,9.73684,8.97027,8.88579,9.84132,8.99543,7.82455,7.60558,8.42139,8.34161,8.17502,7.81048
6,CZ,,,,,,,,,,,,,,,,,,,,,,,,,,,,,,,,,,,
6,DE,,,,,,,,,,,,,,,,,,,,,,,,,,,,,,,,,,,
6,EE,,,,,,,,,,,,,,,,,,,,,,,,,,,,,,,,,,,
6,ES,,,,,,,,,,,,,,,,,,,,,,,,,,,,,,,,,,,
6,EUA,,,,,,,,,,,,,,,,,,,,,,,,,,,,,,,,,,,
6,FI,,,,,,,,,,,,,,,,,,,,,,,,,,,,,,,,,,,
6,HR,,,,,,,,,,,,,,,,,,,,,,,,,,,,,,,,,,,
6,HU,,,,,,,,,,,,,,,,,,,,,,,,,,,,,,,,,,,
6,IE,,,,,,,,,,,,,,,,,,,,,,,,,,,,,,,,,,,
6,IT,,,,,,,,,,,,,,,,,,,,,,,,,,,,,,,,,,,
6,LI,,,,,,,,,,,,,,,,,,,,,,,,,,,,,,,,,,,
6,LT,,,,,,,,,,,,,,,,,,,,,,,,,,,,,,,,,,,
6,LU,,,,,,,,,,,,,,,,,,,,,,,,,,,,,,,,,,,
6,LV,,,,,,,,,,,,,,,,,,,,,,,,,,,,,,,,,,,
6,MT,,,,,,,,,,,,,,,,,,,,,,,,,,,,,,,,,,,
6,NL,,,,,,,,,,,,,,,,,,,,,,,,,,,,,,,,,,,
6,PL,,,,,,,,,,,,,,,,,,,,,,,,,,,,,,,,,,,
6,PT,,,,,,,,,,,,,,,,,,,,,,,,,,,,,,,,,,,
6,RO,,,,,,,,,,,,,,,,,,,,,,,,,,,,,,,,,,,
6,SI,,,,,,,,,,,,,,,,,,,,,,,,,,,,,,,,,,,
6,SK,,,,,,,,,,,,,,,,,,,,,,,,,,,,,,,,,,,
6,TR,,,,,,,,,,,,,,,,,,,,,,,,,,,,,,,,,,,
Sectors/Totals_excl,AT,62247.00106,65869.68436,60171.39702,60739.57988,60825.72777,63797.77919,67195.83616,67030.2621,66661.51959,65382.87378,65933.58045,69950.94535,71744.3778,77130.99066,77433.06751,78833.86398,76530.59481,73864.05523,73280.27479,67128.16405,71860.16876,69818.71703,67116.11945,67661.29564,63974.84121,66163.66448,67012.98615,69422.41324,66482.75601,67792.58869,61995.89414,65530.5238,61214.0613,56647.34816,54826.40904
Sectors/Totals_excl,BE,120377.64365,123438.1777,122690.94922,121643.29476,124930.04739,126079.57926,129636.0368,124157.68638,130395.70298,124867.41115,126879.48352,126197.93951,126963.43804,128376.25,128935.63671,125720.20752,123962.51923,120545.55553,120258.24175,107868.05885,114623.04117,105188.25783,102525.58375,102872.46146,97134.09102,101398.15761,99878.6707,99358.66894,100321.24934,99838.14076,91328.77313,94904.03215,88859.15274,84606.92258,85499.46227
Sectors/Totals_excl,BG,76735.38876,61615.84044,57449.56239,58485.41611,56453.16808,57991.30098,58533.81922,55884.03949,53204.55044,46465.09389,45591.26091,49113.15272,46230.80122,50581.03511,49609.12452,50669.48106,51907.43015,55734.99087,54096.85539,45829.12988,47896.39724,53198.04474,48355.61248,42662.23651,45243.12501,48189.03924,45403.57835,47504.89079,43561.08135,42251.36536,36628.51994,42419.59561,46976.74486,34574.79392,32698.16309
Sectors/Totals_excl,CH,44540.88548,46506.26953,46365.0261,43930.05687,42974.26928,43697.64783,44373.49236,43293.98679,44852.0692,44662.28305,43825.02572,45275.17003,43644.00862,44815.14082,45381.51076,45920.42051,45507.12801,43498.76428,44836.09303,43656.66038,45165.93803,41101.69212,42364.00666,43299.09236,39356.92906,38863.54622,39332.66433,38341.58868,37045.20222,36925.92348,34444.15796,36010.928,33059.80716,32088.85022,31426.30191
Sectors/Totals_excl,CY,4652.09684,5140.88117,5514.93356,5758.70974,6002.58209,5872.7548,6222.70916,6309.77366,6602.2618,6869.58763,7114.66349,6988.39044,7181.08641,7571.19577,7799.87275,7966.79175,8199.23097,8491.44992,8706.33499,8452.51109,8087.77641,7802.82825,7271.96058,6591.10703,6942.5454,6967.2423,7359.36893,7481.30266,7334.00921,7331.71091,6911.93716,7065.98491,7096.41028,7110.56655,7141.13148
Sectors/Totals_excl,CZ,165932.67875,150399.27952,147112.32751,141557.16817,134048.66448,132964.33741,136342.89702,132234.4886,126972.88112,117837.91687,128313.89271,128166.57442,124963.77543,128546.0907,129231.9679,126679.9184,127537.38011,129320.28015,123861.31942,115807.06044,118259.88992,115950.94061,112008.50925,107383.83138,104909.16842,105645.47581,107246.56204,108329.39501,106902.55841,101537.34819,92216.90893,97173.56545,95547.58465,83680.76615,77608.25972
Sectors/Totals_excl,DE,1054795.85679,1016929.57176,969464.52703,959385.31065,943226.82139,939932.59916,959689.12171,931507.13544,923497.66894,895441.16972,898974.46639,915253.64422,898833.17969,899538.09586,883451.06392,866909.92752,884925.25898,845671.93678,851006.145,789244.97431,829787.02606,805770.60157,814786.86234,834504.38434,794687.8533,798770.58151,800432.1121,788560.85235,758195.20751,709773.2544,646682.83549,679946.26393,670016.66381,591373.01508,573924.94488
Sectors/Totals_excl,DK,54541.49299,65242.97887,59425.87875,61657.46083,65708.64807,62669.68445,75923.97659,66389.35528,62184.20831,59541.68329,55131.02193,56695.72478,56287.13316,61377.23534,55827.17818,52230.67393,60134.43636,55294.07555,51829.67881,49365.6208,49668.60859,44638.56741,40234.72079,42110.2285,37891.68102,35409.14899,37196.08823,34916.5538,34879.65263,31194.6678,28499.65401,29754.24167,28492.62911,25893.35223,23519.16969
Sectors/Totals_excl,EE,36906.18789,34135.42871,24413.12293,19433.16693,20038.91689,18053.45074,19032.88288,18673.22679,16933.11372,15929.5128,15470.97235,15869.93195,15358.01483,17250.74923,17322.0941,17089.64942,16438.02624,19929.86585,17814.17234,14404.41036,18964.17435,18947.40045,17761.1947,19633.58132,18783.48171,15779.31617,17432.86383,18615.42682,17800.5962,12288.86082,9199.31861,10391.93408,11971.4887,8748.13102,8092.58776
Sectors/Totals_excl,EL,83436.78964,83406.24889,84973.9922,84283.29006,86429.00462,86962.36598,89114.10771,93801.12014,98621.37573,97934.3886,102972.76102,105361.45543,105000.27004,109066.5568,109484.84617,113888.8127,112419.36462,114545.45185,111080.03782,104319.4827,97354.13809,94505.35141,91394.37124,81715.25778,78639.84542,74932.22331,71364.76979,74847.37967,71785.00576,65742.56086,55584.17844,57532.73127,57580.70826,51964.97812,53712.53464
Sectors/Totals_excl,ES,227352.65643,237057.16295,245034.51354,236729.60088,249294.68829,263015.29501,251379.28478,264382.93538,273099.44309,296893.91913,309245.61623,311015.35825,331014.39464,335530.91352,352138.15008,367449.07893,358861.76319,366463.3945,335271.02735,296108.3523,282562.70872,282316.58804,275682.16911,249842.49855,250280.6517,266809.36335,256499.96992,270522.30818,265836.62473,248279.74426,209435.22987,226324.21992,230964.1941,211737.05457,208652.17724
Sectors/Totals_excl,EUA,3879337.73649,3814061.43416,3686756.98196,3617969.73163,3599181.05449,3645763.6727,3731595.62016,3666117.31077,3656592.91482,3601539.76695,3613030.93692,3669628.07417,3670040.26505,3754256.05199,3763537.00778,3747409.62411,3764110.4162,3709623.97323,3625909.39224,3346354.1486,3436009.46066,3332094.54252,3262552.79727,3183412.40101,3043033.57043,3096019.15351,3100586.3485,3126304.0104,3052580.20763,2910293.59155,2628416.26943,2806374.20903,2736841.47694,2479030.32174,2418407.96777
Sectors/Totals_excl,FI,57086.09985,55349.58293,54419.57021,56461.18474,61880.21084,58254.12941,64157.13665,62818.56661,59470.55798,58982.5168,57124.71562,62627.56301,65145.43398,72755.67612,69040.82229,57151.55592,68461.44122,66854.37837,58701.39595,55990.43563,64158.46498,56712.76146,51214.56624,51778.57637,47678.25237,44247.08404,47307.32033,44711.943,45787.52851,42493.48935,37783.68702,37879.09556,36379.92777,31917.11292,29944.94152
Sectors/Totals_excl,FR,400654.67066,425329.83228,414895.38121,395686.02157,388884.24616,394232.6235,410719.28045,403683.58455,422387.9849,421367.25652,416030.3939,420394.88311,415997.88213,422191.97467,423692.24718,426203.19314,416550.89838,406582.98446,400048.66893,381914.1805,387770.43514,365348.80016,368081.14592,370013.98451,337876.39166,342156.61396,346044.49304,348660.96803,333110.82976,326768.48331,290814.25005,317083.43263,304364.71293,279015.17344,269857.85891
Sectors/Totals_excl,HR,22885.21975,16999.43241,16379.16428,16811.03989,16054.55352,16814.48916,17338.43377,18569.16782,19040.02739,20082.22434,19652.68188,20775.93473,21915.51935,23226.18933,22852.68982,23295.55212,23496.19792,24801.75924,23515.65589,21752.31661,20978.13359,20614.65917,19050.01966,18401.34301,17649.93764,17793.8906,18079.27943,18713.1248,17694.51182,17820.42234,16870.10453,17402.97147,17585.16408,18467.47752,18253.22245
Sectors/Totals_excl,HU,73427.06173,69824.67027,62280.74146,62991.36413,61880.35391,61464.32253,63083.30132,61668.47659,61248.02976,61566.56006,58235.60715,59819.44297,58835.205,61604.59104,59978.70726,60142.01494,59528.59038,58441.15523,57181.49388,51453.10146,51984.29049,50148.53387,46714.20361,43478.89855,43634.62384,46563.66513,47033.81409,49424.54731,49367.41595,49159.85156,47106.09608,48327.08243,45266.09253,40337.53282,39482.35386
Sectors/Totals_excl,IE,32944.379,33864.61489,33677.46382,33886.96158,35021.29664,36026.68414,37612.89838,38942.96529,40833.06268,42560.57683,45357.54407,47704.81325,46166.05314,45754.84591,46221.85136,48124.95196,47568.89751,47607.75932,47309.80923,42129.5736,41741.71045,38006.6375,38177.62586,37240.69802,36808.19622,38660.12014,40311.87782,38983.51792,38853.44962,37145.16755,35002.7802,37420.95657,36622.57122,33488.24496,32744.71114
Sectors/Totals_excl,IS,2221.06386,2102.15068,2248.34991,2399.12086,2348.27834,2468.30371,2522.39401,2617.83148,2638.04731,2840.94321,2933.05481,2865.38834,2992.39455,2985.90802,3108.00596,2977.34749,3155.78665,3496.19267,3812.77119,3730.88178,3626.89248,3503.76061,3499.48535,3489.10829,3464.69915,3546.78302,3504.89443,3614.8937,3671.70684,3563.20575,3337.37096,3490.84479,3597.21801,3508.44907,3676.92989
Sectors/Totals_excl,IT,439599.52415,439142.47952,439366.46081,431660.3312,425861.55729,449891.73496,444096.42206,449824.73934,462036.23611,466722.05858,470771.49497,470844.80705,478296.90145,496249.11391,501837.17711,502520.3868,497244.60149,490947.19136,479235.47267,425073.01509,435549.87393,424284.48884,403569.751,369270.9905,348877.69352,360473.89298,357053.43897,351686.49599,347985.51794,338525.94148,301582.45272,334952.4494,337586.29854,310164.34637,299361.59389
Sectors/Totals_excl,LI,198.972,206.33018,206.95131,215.03507,201.11154,204.20199,205.96086,218.30678,229.18783,226.52238,216.8017,214.61016,219.97092,229.30304,229.32593,228.88309,231.0148,200.68418,219.44342,205.31305,190.74303,176.75203,185.30072,192.52916,161.24556,159.76042,149.87419,155.9268,143.1793,149.21279,142.13646,145.94655,128.60368,131.25313,114.69891
Sectors/Totals_excl,LT,35772.01939,37855.004,21203.23892,16354.61571,15802.01364,15092.36031,15775.03547,15197.99099,16032.26668,13484.87363,11878.38389,12629.13195,12701.4834,12694.94524,13289.646,13900.65762,14234.3803,15518.53006,14957.79729,12860.72476,13834.27005,13991.40076,14083.85933,13175.59727,12877.76691,13080.20964,13137.13716,13313.48479,13434.10948,13677.94061,13470.10996,13759.49725,12907.46315,12546.08731,12919.11399
Sectors/Totals_excl,LU,11811.12562,12422.26941,12191.16787,12338.38417,11524.3845,9134.85902,9186.11454,8548.60086,7656.34313,8122.23505,8705.11365,9210.1743,9979.75929,10454.75168,11816.39953,12075.60751,11906.03369,11303.78674,11164.12642,10616.45528,11188.06335,11086.04493,10854.22556,10320.14839,9803.69257,9335.57342,9077.07971,9250.76098,9557.4693,9751.57894,8072.79167,8414.16502,7268.60279,6823.20181,6525.40299
Sectors/Totals_excl,LV,19702.59798,17958.48443,14229.55582,11955.75108,10403.67011,9166.43074,9242.8829,8709.20283,8333.7886,7744.92604,7100.90039,7515.37297,7540.03209,7741.82963,7747.42575,7828.99253,8323.30272,8652.90788,8213.70173,7471.23567,8568.97827,7817.87076,7531.35488,7383.43361,7192.11409,7279.03005,7228.15278,7234.34323,7854.93451,7646.16354,7012.59543,7231.41008,6620.59897,6604.06715,6309.99388
Sectors/Totals_excl,MT,2427.57868,2272.02603,2293.77879,2885.77189,2658.53125,2452.31437,2534.13343,2556.43292,2525.11628,2573.0429,2468.33607,2736.74384,2747.42616,2961.05044,2849.28336,2649.98661,2655.52806,2727.97752,2721.45281,2560.94314,2619.33779,2608.22026,2749.0842,2429.7131,2417.38632,1697.5177,1375.92858,1537.277,1547.77402,1649.28728,1600.97992,1611.49619,1774.33232,1738.69253,1701.04183
Sectors/Totals_excl,NL,163555.69524,171963.16916,171675.06149,171576.93749,172261.45925,173741.94416,182822.10246,175711.83331,176663.11259,171211.66031,172356.08697,177422.48879,176771.49326,180229.98371,182101.83364,178223.70038,173409.52853,173225.74107,176235.14315,170951.91857,183042.54682,169916.27922,166349.25567,165700.419,158267.86056,164369.03097,165173.57339,162690.1167,158645.94838,153119.37222,137337.01664,140364.97844,127079.89415,117205.63608,115564.29703
Sectors/Totals_excl,NO,34991.79984,33449.55254,34384.87112,35929.61777,37843.2862,38449.25243,41519.10067,41622.73591,41816.49473,42588.76798,42110.93982,43501.28006,42552.99805,43891.84224,44241.24266,43261.41325,43845.46216,45595.5273,44686.51839,43087.36962,45641.106,44753.11266,44234.92044,44512.70821,44959.40004,45518.11365,44702.93672,44164.56002,44440.73236,42844.70598,41224.39745,40970.31482,40795.80649,38876.47586,36966.23711
Sectors/Totals_excl,PL,376544.21725,373606.33457,364547.98572,365276.06108,360336.02629,362804.60876,377463.33923,367548.26264,339335.33919,329561.09107,317733.33019,313712.31606,306346.5262,319215.33986,324183.14708,323133.82185,337037.99406,336381.04164,330250.02182,316536.85081,334592.68435,333981.87225,326309.81743,322218.4762,309911.29934,313097.66206,323860.95424,337012.70858,336125.57335,317831.07929,302545.02624,331144.97353,315150.63913,284108.58768,278945.43119
Sectors/Totals_excl,PT,45383.74728,47017.61993,51029.96136,49547.02785,50368.7667,54655.47123,51958.68791,54846.18499,59382.27505,67046.64532,65648.62825,65315.92479,69704.59899,64619.44328,67434.48672,69778.69532,65004.20633,62527.10796,60115.85935,57232.64053,53047.18267,51913.09661,49976.87586,48220.68273,47958.97179,52290.38503,50371.09809,55230.31468,51385.55997,47642.13328,41785.53084,40356.76417,40718.05346,37718.71075,36224.78149
Sectors/Totals_excl,RO,176535.10522,142258.0913,132002.82338,122709.18384,120868.52291,125675.41253,129117.08839,118114.61387,104783.73767,88898.64076,93206.29169,98928.3229,99068.98688,103715.33535,103242.87616,101348.17197,104302.92717,102925.36473,98573.60819,90236.87075,79917.43125,83998.25602,82421.66714,72938.25191,72944.5269,73425.60966,71969.05217,75152.70887,75521.93759,72358.08526,68289.85747,72501.60934,68414.96601,64386.5914,64574.26113
Sectors/Totals_excl,SE,57318.56783,57566.88665,57413.76721,57425.81104,59893.83863,59386.31553,63261.39631,58269.6397,58693.75056,55870.35636,54823.74432,55732.29415,56579.78093,57175.5814,56387.36293,53738.75303,53601.17919,52838.85066,50721.42598,47106.71236,52983.81267,49069.39483,46566.30332,45066.50826,43329.78599,43251.12813,43251.92673,42293.28767,41836.36651,40750.51701,36595.48695,38546.79314,36073.14894,35418.55177,38832.14222
Sectors/Totals_excl,SI,15097.2726,13976.49231,13885.88323,14254.19163,14639.0818,15356.94083,16002.56689,16512.45953,16044.53066,15418.62156,15059.72814,16309.16269,16570.89609,16278.06786,16710.69963,16941.96342,17184.14661,17349.09162,18284.66738,16209.49946,16465.63967,16364.40826,15765.40786,15137.14597,13568.76789,13659.19257,14469.62874,14639.88015,14565.45158,14054.52641,12873.62781,13076.83538,12723.36265,11997.11981,12701.6864
Sectors/Totals_excl,SK,61615.06145,53419.18967,49013.77222,46476.09474,43884.27199,44273.88454,44154.128,44224.56565,43954.02987,43162.92396,41250.23677,43335.58054,42095.81545,42418.21955,42917.35013,42913.21376,42684.55797,41077.28914,41475.00389,37729.9096,38502.67589,38094.52027,36000.53002,35660.65112,33749.01862,34574.33465,35014.62323,36209.33924,36207.0882,33869.3101,31190.62616,35256.60566,31586.01048,30756.25903,28790.29406
Sectors/Totals_excl,TR,155053.98634,161583.27952,167591.05505,174630.76202,170938.26641,185036.68167,203535.16166,215842.60963,216019.20447,211696.11475,233402.26824,217309.4381,224634.67926,240170.08967,248146.7812,267879.68795,285527.77154,316553.18669,312516.77841,318655.82869,318554.30708,343876.11154,358360.36292,350183.30071,366456.77539,389896.3046,408756.5036,433253.89121,427531.44468,407722.64346,418520.48274,458924.41178,445117.53026,445055.94975,467814.15577
Sectors/Totals_incl,AT,48304.71325,46610.84855,46491.72842,44904.09056,47549.07257,45208.38904,52066.21752,44529.93771,45844.53553,43229.00262,47687.80853,45341.88385,55673.94128,65984.39892,61436.11967,63421.16845,67863.45786,65671.64926,63297.31821,57435.93467,59938.94547,58602.251,57773.98957,62458.74182,53971.43123,61902.4267,58714.9107,64780.4119,68086.13665,73082.20425,60377.83347,61453.90465,60257.13284,63144.32018,58033.56934
Sectors/Totals_incl,BE,117525.92772,121039.47258,120460.52697,119389.51284,122916.08109,123825.93187,127165.80191,122131.96296,127802.91487,122704.16193,125123.49972,124599.35587,124758.77586,126263.85709,127087.82616,123815.75761,122069.71198,118943.12111,118718.54713,106481.71593,114087.95678,104686.84084,101965.54541,101903.55134,96117.54263,100493.82414,99029.47769,98622.12643,99617.23599,99365.15528,90837.40015,94469.50876,88245.26377,84183.03031,84845.65181
Sectors/Totals_incl,BG,60344.2289,45214.95988,41705.99191,42366.22023,40260.54029,41838.10348,43215.67936,40477.55716,37982.30459,31601.45568,29560.16971,35885.7313,32909.29044,37576.80208,36144.54424,36362.47192,40373.12898,43568.74087,43012.25483,34796.60193,37311.7771,45988.74072,41478.28076,36737.6232,38060.77347,41440.66776,36976.76902,39145.55128,34993.37616,33913.66512,28336.0124,33900.08091,38302.54,26786.26568,24585.81321
Sectors/Totals_incl,CH,42466.31596,40277.92741,41977.60198,39240.76648,40520.3958,40031.60729,37577.88766,39053.36586,41763.94878,42408.01095,48619.36758,44497.54584,41259.42694,42269.62442,41478.0314,43148.13395,44611.34153,42418.95001,42787.25293,41509.13513,42375.37395,38761.13169,41336.85677,41964.01571,37119.75138,38315.5019,36118.48976,37562.49728,37752.28972,35346.58405,34096.96746,35317.69878,33464.07724,32919.38889,32560.59585
Sectors/Totals_incl,CY,4574.88228,5094.82337,5460.50267,5709.8543,5954.87674,5814.32538,6171.85336,6261.00158,6577.14365,6790.11728,7079.12155,6978.70413,7127.33227,7502.11746,7728.33628,7893.87534,8122.55745,8448.71452,8604.42593,8329.50681,7963.89745,7641.46176,7117.00325,6435.00336,6783.80689,6807.2358,7295.62026,7312.88054,7171.35617,7168.82606,6749.37985,6972.34211,6934.5358,6942.39622,6969.33037
Sectors/Totals_incl,CZ,156369.60046,139043.09064,135371.60882,129052.50046,122896.99262,121519.1107,125096.44159,121990.18726,117122.42941,107773.93487,117352.10633,117156.72164,114093.80622,118119.59686,119137.06011,116457.68259,118442.24804,120550.94495,113782.70711,105928.20436,109116.34249,106068.46024,101778.07864,97749.81095,95319.49768,95981.20025,98734.82753,101709.98032,105982.05702,107645.42983,101598.52695,102957.56643,97724.9779,79892.01646,72947.01243
Sectors/Totals_incl,DE,1081618.0363,982470.44605,946419.90848,918883.57595,922548.12731,926712.202,929776.02165,914223.74016,899780.19606,875423.82228,897408.35554,882468.94824,883287.47441,902515.5122,887461.39532,869064.68337,895737.05666,857007.4152,840171.57356,783503.42566,831510.95761,806762.90607,803705.00125,829931.88396,799293.20223,796508.14529,803345.00318,792052.85809,808986.16428,742429.65998,686157.95831,715588.1544,719866.75207,654005.10396,622131.97394
Sectors/Totals_incl,DK,60525.15932,70527.46032,65624.70839,66533.88254,70110.14676,67271.34525,79822.96281,70773.54978,66492.28922,64169.8486,59613.63196,60672.3726,61337.46357,66188.87794,60443.68167,56657.21609,64990.1405,60303.74514,55328.26536,52135.05257,51430.6511,45676.81672,40643.83451,42139.57184,38229.10171,34808.50048,37499.0573,35059.06517,36830.44981,32122.18935,29174.69811,29385.50454,27352.98795,24691.67596,22923.56521
Sectors/Totals_incl,EE,32701.04121,29985.70316,21009.8716,15119.97604,16202.64865,14018.44402,14656.46639,14140.68373,12864.50624,12959.13852,12963.24355,13996.57243,14578.40321,17212.47031,16134.12715,15450.93286,12299.91789,16130.34316,13890.06893,9770.78421,14639.87335,15768.01588,15981.55326,19460.72779,18518.66206,16104.18254,19153.3816,19755.16626,20876.69969,14939.13424,10411.56876,11190.49261,12590.22908,11066.75425,9821.10363
Sectors/Totals_incl,EL,81045.00003,80918.68542,82257.31645,81092.24032,83506.27978,83827.18533,86677.13581,91529.56878,96206.43478,95168.65749,100148.74216,102623.87129,101993.1778,106305.28085,106734.27096,110312.17653,108767.50126,111967.49433,107670.91948,100809.9291,93908.89218,90949.7577,87768.01268,79124.80475,76607.47777,71433.83968,67263.24712,71010.37542,67104.61865,60553.71337,50401.29879,52306.33104,52382.20836,47343.45409,49130.4218
Sectors/Totals_incl,ES,189683.75193,198982.80651,207150.31423,197723.65819,210615.31754,222783.43856,210576.81897,223468.84715,231372.26269,251700.13332,261737.3265,261770.19739,281786.22518,286337.81649,302220.88854,315919.07195,305044.80225,315885.42652,284879.47366,247782.90103,231155.65723,230541.97062,225504.60891,200126.32481,197970.9529,211158.23698,200670.35189,213966.59486,208904.45721,192782.13171,154953.99431,171205.50045,178041.10634,158761.77939,156277.3173
Sectors/Totals_incl,EUA,3590753.54762,3429321.94646,3333430.80132,3240314.44583,3222066.50453,3242550.31841,3313694.01085,3259881.17267,3248085.97466,3189718.53466,3241821.68733,3244745.37069,3254111.97455,3373319.92046,3352746.69755,3336837.27523,3346779.88276,3342938.82008,3214073.47358,2936626.20812,3029753.7701,2941284.35788,2859648.76716,2790210.2193,2673602.72258,2732838.18398,2746109.19298,2820639.58859,2787670.50704,2647137.86674,2365009.11936,2552064.7254,2491011.40808,2232569.60818,2157635.66535
Sectors/Totals_incl,FI,25155.39539,11029.16894,15907.00538,16724.54051,28400.18019,26161.30932,24893.24513,27113.77204,26424.0911,25914.74721,24078.39716,29273.02381,30872.01507,37492.15642,31724.0342,19770.30553,27127.74136,35099.23893,23882.67012,10153.39966,30301.19742,23570.8307,16433.2975,24084.29971,19079.45146,20784.03369,28974.40514,31446.02617,45024.19847,38407.46885,32831.43321,43045.08094,41933.67362,36429.91904,37332.71964
Sectors/Totals_incl,FR,371848.19958,395246.61189,384646.30994,362082.38749,354657.19207,356630.39657,367625.34048,359388.41469,375535.88852,370437.48726,379292.03303,371671.65161,359179.82268,361175.6008,360480.50409,363432.00325,354005.03165,348570.9869,343478.33713,335931.47083,339531.44411,316585.65563,315980.7624,312405.58067,288083.09774,295200.1825,305134.97095,312847.02339,283593.76329,280968.14623,241496.08289,275374.31167,264717.63604,238072.13067,227046.9394
Sectors/Totals_incl,HR,16490.75282,9423.30993,8693.02945,8945.37464,7938.19118,8211.61302,9085.13179,10924.19508,11566.90578,11846.69203,12790.86936,12732.87036,13601.79616,15707.07209,15035.96421,15233.27964,15614.88244,18039.26108,16560.60434,14688.10094,13959.93468,14843.34939,13688.30298,12105.82711,11496.1603,11926.3207,12204.63905,13585.72032,12043.79454,11928.97913,11018.70936,11468.49415,12508.75568,12770.02328,13697.37574
Sectors/Totals_incl,HU,70112.94012,67361.64965,59285.51157,57381.95559,55631.68311,55200.03874,60462.45274,58594.66358,57098.08306,59667.35339,57188.66336,57136.39079,56841.3103,57225.9763,56561.96567,54187.83611,55529.72018,54130.83303,51167.08175,46850.91826,47273.03636,45978.36181,41825.10869,39411.43666,38485.4992,40771.31449,42323.82898,43611.48208,44317.78133,43486.58968,40011.12681,41041.08576,40002.32379,34924.89183,33079.98317
Sectors/Totals_incl,IE,34987.01792,35667.37802,35460.63686,35836.0791,36799.42454,38604.7613,40227.32985,41072.31177,42879.26548,44165.35822,47568.3703,51625.86578,49788.4854,49144.40606,48649.7477,50275.03102,47997.34334,47682.81712,46537.99436,41279.37195,41689.4206,37477.60649,37237.03651,36515.60362,35897.60056,37874.68472,39301.23236,38927.72786,38049.35116,36276.62163,34479.76223,36512.76054,35283.63566,32553.38375,31423.03566
Sectors/Totals_incl,IS,8346.39707,8219.97286,8344.69981,8500.06734,8436.82324,8538.3874,8581.82314,8668.25311,8684.52167,8890.40223,8980.62947,8919.19915,9058.04345,9044.95287,9167.29081,9034.50138,9250.4966,9502.25771,9859.39974,9738.0528,9574.29103,9394.81315,9361.89803,9317.3534,9252.67768,9292.40304,9197.03194,9244.33699,9243.79758,9112.93381,8876.27991,9009.98604,9110.38798,9049.65361,9270.47037
Sectors/Totals_incl,IT,425332.58222,408376.5149,410633.5698,415124.28257,396687.98214,414342.26871,409213.54073,422996.04849,437542.58916,433292.0124,439979.4471,430239.84406,433512.70348,458960.19028,458423.53745,457989.75309,448819.21375,461928.97685,436547.28015,380765.35296,388035.71782,383500.97796,370424.05548,323605.11858,302678.69955,312660.81256,308780.85966,316718.76489,295160.17091,287081.25363,257302.08075,289653.47202,291976.96094,251946.45677,234751.90894
Sectors/Totals_incl,LI,202.75847,193.23972,205.37923,210.9628,216.52193,206.29694,197.97699,228.76211,229.42093,225.34293,238.48592,218.46284,222.59161,233.39528,233.49972,236.35737,241.25754,222.41561,240.75089,223.47808,208.01048,186.79615,192.8304,192.75732,162.99683,157.17906,151.759,157.47061,151.46156,149.35289,134.77646,135.04382,119.10667,126.36394,103.9609
Sectors/Totals_incl,LT,31507.23302,32461.86026,16009.33731,9735.59686,9415.99319,10185.40123,16483.4069,14478.82635,7419.08792,5690.0904,1833.05456,5030.28633,6847.57516,7369.69027,8804.25753,10302.37968,11528.55008,11029.23551,9814.89545,6208.06251,2722.0317,4229.83915,4978.19106,4366.3419,4958.80083,5611.79534,6170.51288,7163.43287,7132.56538,7818.36468,7388.37786,7505.36796,6132.21591,5861.92984,4716.38414
Sectors/Totals_incl,LU,11812.76836,12356.12291,11719.43583,11739.89375,11073.62086,8605.06485,8620.66306,7897.28435,7113.15614,7514.95507,8090.31826,8619.31832,9369.80511,9866.85297,11184.89045,11490.30533,11402.6712,10893.75071,10737.31526,10177.65314,10967.45259,10767.99271,10441.28864,9743.3939,9295.84848,8874.34224,8511.88737,8770.92787,9214.9821,9289.13789,7525.76754,7707.9596,6520.9367,6145.14702,5887.93628
Sectors/Totals_incl,LV,6497.86574,4789.87409,601.48419,-2517.207,-6208.80108,-5672.734,-6548.73529,-4844.21628,-4237.49443,61.52915,-3898.34523,-3990.74493,-3194.11727,-3581.32347,-735.07915,-239.89763,-498.88571,860.34731,838.95415,2455.08252,4672.34583,3009.42951,1178.3557,2087.95795,5979.25235,4320.98011,2705.2496,1516.53612,4605.9034,2120.98679,2904.84955,4784.81496,7328.40374,6525.45465,7449.71079
Sectors/Totals_incl,MT,2412.44344,2252.585,2281.76441,2873.41048,2644.99139,2440.13478,2521.30734,2543.6891,2513.26105,2560.51646,2455.7471,2729.50586,2765.99093,2980.06455,2847.37069,2648.39572,2654.21861,2728.41433,2736.86774,2578.02007,2638.00202,2613.77434,2754.84876,2435.57858,2423.98542,1704.44531,1382.71195,1544.52952,1553.43299,1651.34202,1602.4896,1612.82547,1772.766,1735.75804,1702.06127
Sectors/Totals_incl,NL,166674.39788,175058.26548,174820.65401,174556.14268,175593.78933,176732.67237,185641.18082,178096.05757,179473.29232,173774.98936,175059.60695,180926.09553,180558.97204,183303.29935,185193.19693,181067.41132,176063.99173,176224.94701,179405.34594,174060.98248,186321.10039,173395.23156,169458.07508,168529.95909,161924.6535,168165.70721,168636.85057,165489.08247,161226.42505,155468.28027,139381.80258,142771.10382,129241.77531,119772.74354,118542.6032
Sectors/Totals_incl,NO,24375.62816,22115.3321,23388.89864,23182.96457,26277.59353,24825.86363,32258.37388,29534.24518,28536.63448,24687.58677,26525.50343,23475.16978,21441.366,23414.96094,23014.35138,20362.35189,25711.29586,25748.24132,19830.98522,19853.21828,19775.878,20016.39826,20386.47908,24069.14787,26356.87001,30760.79759,30718.65103,28920.55385,34023.76985,35212.34383,24884.81666,35970.35181,31283.72862,26103.00038,21059.28941
Sectors/Totals_incl,PL,332987.31091,341106.56428,343128.51376,338439.43876,318601.63468,299866.38192,317037.31568,304147.23639,286749.5848,279823.94813,271403.70684,275648.49128,260193.17046,271157.94925,264742.27929,264217.24546,277444.41476,290071.97283,284147.53009,260785.69424,271434.77687,276714.58102,265676.57547,268081.39424,262970.83655,270077.98407,273479.70569,286424.72385,286420.45972,284785.53804,268083.91864,296688.20045,268380.56339,241682.65853,251317.61059
Sectors/Totals_incl,PT,49726.8345,45558.84588,45579.11181,44399.64857,46077.88551,50222.25319,49003.33524,51038.19569,56257.29326,63252.17999,67607.28947,62830.02654,67222.07493,72205.78152,65877.18974,74193.11169,63427.64288,60635.8597,54602.83584,53082.77882,50331.23312,48961.29827,48013.74791,47451.15218,44606.48871,50134.8764,50597.6504,69787.84756,48379.14922,45177.73593,39399.19951,39716.75323,42142.02223,37079.04898,36501.57987
Sectors/Totals_incl,RO,153772.63085,119244.9985,107724.6189,97350.67587,96027.44732,101112.84958,105306.10136,93738.13021,78454.01919,62785.99296,66967.29797,71911.23943,73674.85333,77697.08456,77249.13557,74467.24828,77784.45991,75254.91166,70328.94311,65310.44089,55266.60242,58357.59141,53588.065,40536.19842,38005.89682,38098.23043,34927.13098,38498.81302,44605.45317,41478.51986,34606.22153,40521.14021,36142.97426,31434.31334,31645.24838
Sectors/Totals_incl,SE,-3975.83757,-2756.76102,-2041.64372,1796.91441,2835.04816,2161.3859,3852.80687,-2486.11406,-2546.96215,-5798.54213,-8067.09535,-8148.09093,-7064.78533,-4752.59541,-2000.94799,-5987.61322,-11172.94473,-12772.46067,-12814.64845,-15928.99495,-9726.66479,-13944.12625,-14593.05715,-15968.97683,-16387.80555,-13848.95702,-10836.37824,-5906.9328,19.90803,-1496.58829,-4853.39619,-2933.51888,-8735.04788,-12296.25588,-17090.21064
Sectors/Totals_incl,SI,10409.50563,8984.32338,8750.37687,9137.58387,9377.10132,10005.37938,10153.68222,10471.3314,9883.23962,9202.12069,8738.99885,9942.5846,9106.67421,9170.18266,9452.77814,9657.67283,9964.31036,9735.91391,10935.04519,8938.86638,9273.09075,9274.18508,8769.48265,9702.12778,13926.95431,14119.30038,15096.65403,15383.91036,15397.65014,9389.33164,8397.73486,8616.86088,8398.89366,7556.60959,8211.55878
Sectors/Totals_incl,SK,52309.1654,43272.33787,38278.60703,35932.21625,33953.05725,34922.66593,34890.5066,35184.31002,33915.65681,34006.8315,32059.32204,35072.65349,33289.73766,34190.80208,34727.62295,38777.77045,35376.99806,34346.21882,35810.86721,32314.95114,33998.09745,33260.55756,30078.72222,29049.18192,29304.85378,29723.87123,30034.63532,31414.96276,32372.96652,29304.04955,24434.28752,28548.62674,25565.18494,23558.59866,23753.4611
Sectors/Totals_incl,TR,88482.39772,94095.23801,100025.7317,107820.40306,102542.59872,117025.40291,136099.41621,145306.94214,145347.62586,140397.6656,164943.37147,146490.49876,155198.17121,168802.22271,178175.40651,195590.81763,213818.43599,244416.14651,244255.39902,247745.75418,246372.56845,268150.72094,284708.71708,273505.38085,289437.82449,316871.6429,334836.85528,357003.17511,356986.05886,343190.79854,360556.88234,409689.34469,388721.78194,375677.29735,400499.77414
ind_CO2,AT,,,,,,,,,,,,,,,,,,,,,,,,,,,,,,,,,,,
ind_CO2,BE,,,,,,,,,,,,,,,,,,,,,,,,,,,,,,,,,,,
ind_CO2,BG,94.99707,94.0165,92.54702,94.7125,69.12671,73.16818,72.11725,77.01014,89.67157,92.79723,91.17695,92.88124,89.10412,89.23584,71.28867,68.6878,69.68867,65.58349,70.82405,78.8047,76.20229,77.50845,78.97759,79.07365,73.75985,61.76639,59.73276,58.96943,57.831,56.477,57.588,54.651,45.047,47.51362,35.99862
ind_CO2,CH,392.27899,375.62844,347.05932,320.47014,306.356,283.96275,266.73137,247.72864,229.63538,215.77564,204.54767,190.29746,176.94561,164.34026,150.28454,144.1775,142.19792,139.37833,135.21901,130.82271,132.52813,128.47164,121.79175,115.99991,112.47295,107.11947,107.51767,107.15004,99.8495,103.3912,99.88496,95.21812,94.14214,93.14524,91.48617
ind_CO2,CY,7.4206,6.79297,7.06595,7.09585,7.56007,6.97231,7.01384,7.38592,7.16978,7.31863,7.75155,7.50416,9.09874,10.35051,12.11064,12.69862,13.05825,13.67895,11.83238,11.2127,11.95442,6.98429,6.82647,9.9549,9.78113,10.77145,5.90881,8.18605,7.32129,6.93593,8.87006,8.18402,6.19902,6.7719,6.55587
ind_CO2,CZ,1594.81882,1430.42417,1330.42514,1360.2747,1315.59654,1279.71539,1260.06966,1231.23486,1201.64555,1121.38583,1026.26752,945.51359,922.85416,899.95711,865.83845,913.81579,951.8613,903.53266,882.50782,786.17681,750.8227,721.31431,686.66001,622.96015,635.56457,622.29275,585.01978,551.83671,539.10038,500.17851,507.8534,516.2769,477.91882,421.35219,386.36511
ind_CO2,DE,,,,,,,,,,,,,,,,,,,,,,,,,,,,,,,,,,,
ind_CO2,DK,1233.12002,1301.02853,1277.59471,1249.52372,1221.04173,1193.48838,1204.0382,1117.33258,1084.84494,1023.81083,965.92629,926.3442,874.61885,846.84543,821.01429,795.48566,742.41856,701.74819,689.38453,609.83225,584.3588,520.28695,492.83065,468.52451,425.50258,404.52481,385.78071,376.906,361.38892,350.00122,323.37466,323.16422,292.72442,282.23271,291.24308
ind_CO2,EE,,,,,,,,,,,,,,,,,,,,,,,,,,,,,,,,,,,
ind_CO2,EL,,,,,,,,,,,,,,,,,,,,,,,,,,,,,,,,,,,
ind_CO2,ES,,,,,,,,,,,,,,,,,,,,,,,,,,,,,,,,,,,
ind_CO2,EUA,7647.89812,7497.19057,7321.04647,7192.8583,7089.58426,6913.20709,6811.35672,6698.05189,6633.1054,6406.93944,6271.97329,6044.68773,5932.66188,5774.30554,5697.3836,5694.96755,5801.63371,5591.80244,5508.35473,4986.5995,4864.16691,4779.91357,4514.87454,4308.45898,4258.75302,4156.21278,4014.65608,4083.36226,3948.15178,3891.00981,3989.77521,3983.1951,3680.19344,3606.08467,3648.31932
ind_CO2,FI,163.97391,152.98837,146.63611,140.05901,139.45246,130.28372,116.15927,115.21383,112.27977,107.90517,105.87171,105.71208,96.05775,95.92829,93.2412,86.27645,87.31679,87.40686,77.7777,69.23763,67.1367,65.77117,60.60412,59.21624,55.20735,54.86108,55.08396,54.10335,53.62586,53.30032,65.59552,56.39216,47.08082,43.31359,42.09202
ind_CO2,FR,1657.15327,1603.51538,1580.6956,1490.65686,1496.52957,1502.39766,1488.26915,1491.9752,1519.42343,1481.69548,1531.27843,1470.47167,1406.37363,1319.00851,1265.38273,1247.32628,1262.02745,1151.18511,1022.88306,934.32117,997.87662,977.47501,884.12405,883.72978,917.23572,825.53766,821.10536,863.24295,814.63666,802.19252,831.2935,768.80345,810.84838,785.83916,780.41057
ind_CO2,HR,,,,,,,,,,,,,,,,,,,,,,,,,,,,,,,,,,,
ind_CO2,HU,,,,,,,,,,,,,,,,,,,,,,,,,,,,,,,,,,,
ind_CO2,IE,73.31732,73.30209,73.59321,73.92052,74.94804,75.07918,74.95763,75.20718,75.52497,73.39309,68.95016,72.43276,77.72656,78.1807,80.69721,76.13102,77.80626,81.76203,79.83681,78.39968,78.35195,77.99801,80.47951,82.97405,78.08612,79.73431,81.68227,92.52958,94.71619,98.10464,91.14953,96.90297,104.56827,105.42961,105.46606
ind_CO2,IS,,,,,,,,,,,,,,,,,,,,,,,,,,,,,,,,,,,
ind_CO2,IT,1391.49,1400.65,1429.95,1392.56,1354.85,1295.92,1253.5,1253.78,1211.87,1214.22,1173.22,1165.55,1160.58,1155.33,1149.94,1154.92,1169.99,1153.54,1103.51,1040.96,976.49,1002.35,950.62,931.85,867.09,815.43,766.31,821.57,847.73,866.81,876.32,857.77,790.02,843.16,871.48
ind_CO2,LI,,,,,,,,,,,,,,,,,,,,,,,,,,,,,,,,,,,
ind_CO2,LT,34.34641,34.62712,34.79779,34.90265,34.97139,35.01753,35.07251,35.1446,35.21406,35.27791,35.3492,35.39524,35.45434,35.51447,35.50258,38.11231,39.11549,45.02648,39.00624,31.59927,32.37774,31.75179,29.7226,27.42277,31.96354,34.98955,35.61881,36.08642,37.94325,41.69347,37.76989,40.26559,38.49118,38.57015,36.8145
ind_CO2,LU,,,,,,,,,,,,,,,,,,,,,,,,,,,,,,,,,,,
ind_CO2,LV,40.99517,38.89847,36.02289,34.07687,33.48878,32.48932,31.22343,29.28688,27.766,27.06618,23.51767,22.97374,23.82866,18.95407,18.60504,20.54161,15.64574,17.59418,17.29388,16.4496,15.80314,10.48467,12.278,15.18413,20.33176,16.86357,17.60607,19.02874,11.66599,12.54411,12.942,12.74722,11.05561,11.5419,10.78566
ind_CO2,MT,,,,,,,,,,,,,,,,,,,,,,,,,,,,,,,,,,,
ind_CO2,NL,917.19155,885.98859,803.16645,769.79875,714.70842,651.94064,625.85535,591.04568,600.10266,552.97096,531.55925,481.06305,462.6198,448.42682,420.13007,438.23183,426.41097,437.87406,423.39413,429.69874,458.20335,456.66954,453.0311,449.35281,429.35456,451.71965,450.72803,453.04583,440.40173,431.12829,419.31841,502.65612,457.45591,432.73137,439.41149
ind_CO2,NO,560.89706,588.51222,689.10617,752.46186,797.6735,851.30235,868.00251,879.13577,878.47566,914.88572,971.675,1018.13304,873.06444,724.02659,638.38007,489.9719,405.42464,393.8979,305.10338,261.66687,248.78472,221.12673,216.6641,228.73753,276.31239,269.94707,257.26552,252.03245,244.36593,224.57761,239.59109,224.81846,225.09524,210.07483,201.38265
ind_CO2,PL,258.09798,297.13742,325.71121,364.24046,396.41689,371.46566,389.57094,394.53894,396.60667,399.1291,462.62823,459.29375,510.04376,500.03165,573.48812,571.83208,671.45395,668.0866,840.65922,669.35034,579.57458,598.37536,551.14642,466.36461,508.41427,561.12454,544.39781,541.35599,488.29345,463.45269,572.16349,518.29368,432.14236,422.8515,467.55067
ind_CO2,PT,93.20673,91.29314,97.41575,96.78569,147.72218,183.18362,172.53628,199.06309,192.27988,193.16906,183.03248,194.03374,192.53905,208.55421,214.46593,203.97897,203.27085,207.82599,186.75096,171.71757,185.81336,175.32897,181.09001,165.43837,156.92107,160.25331,153.16502,159.02069,140.38283,162.89023,139.66177,183.42176,127.14164,123.69797,128.03167
ind_CO2,RO,,,,,,,,,,,,,,,,,,,,,,,,,,,,,,,,,,,
ind_CO2,SE,,,,,,,,,,,,,,,,,,,,,,,,,,,,,,,,,,,
ind_CO2,SI,,,,,,,,,,,,,,,,,,,,,,,,,,,,,,,,,,,
ind_CO2,SK,87.76927,86.52782,85.42465,84.25073,83.17146,82.08549,80.97322,79.833,78.70611,76.79997,65.44386,65.51851,71.76245,67.9879,75.67868,66.92914,71.56942,56.95785,62.69394,58.83902,49.20127,57.61506,46.484,46.41299,49.54051,56.34372,52.51668,47.48052,53.11422,45.3009,45.875,43.666,39.5,41.079,46.114
ind_CO2,TR,,,,,,,,,,,,,,,,,,,,,,,,,,,,,,,,,,,
