tes_sector,tes_subsector,tes_category,1990,1991,1992,1993,1994,1995,1996,1997,1998,1999,2000,2001,2002,2003,2004,2005,2006,2007,2008,2009,2010,2011,2012,2013,2014,2015,2016,2017,2018,2019,2020,2021,2022,2023,2024
Electricity supply,Power stations,Power stations - coal,184.1427767129309,185.0012968193968,172.88754475703212,143.93484872834733,135.8621430409858,127.88179218663052,120.24226644631483,103.37688344412598,107.39639070831825,90.57548614173875,102.12928909318747,113.87538993387669,107.3710687807309,117.65940017286496,113.20232449828771,114.72211384278182,126.79349852793185,115.62796630261424,104.42417661105898,85.6706142392896,90.34948707678215,91.09481726626723,121.45033272775458,112.57921920209982,86.25326326675443,65.75386585205221,27.319347202140968,19.691049441422866,14.74990035921708,6.506485080047054,5.238030901534375,5.780038268601984,5.073003411140859,3.240265436240605,1.4604622670292962
Electricity supply,Power stations,Power stations - petroleum,19.68078405134144,15.371799329301034,12.760248448191744,12.147797462143933,9.565110975284538,9.253213470520008,8.39392004263628,4.0326985077465585,2.9847727637767405,3.2208729743252755,3.1770513588852687,3.621787786858852,2.9520388564711064,2.9456993279486667,3.476474478133043,2.825514249901336,2.975447741257086,2.0463469910493757,3.0439685729400505,2.294850991251759,1.6752434158721587,1.1498332875402721,1.1330138436288448,0.7810403630408855,0.7327461421364415,0.7876166078493522,0.8572132362607309,0.634706671382134,0.5948569831392705,0.484593285138796,0.43096203541055556,0.44851366977286933,0.3239124881441142,0.2535121878288791,0.22194882063923876
Electricity supply,Power stations,Power stations - gas,0.0162828952073835,0.03710130045623781,2.6312048055386663,14.618896940542323,20.790566582877293,25.89457973886022,33.99737710056541,42.39156732490512,44.34880017652767,52.912718140844206,52.77509322715339,51.36925551572696,54.090882487485835,52.85774479704126,56.475659170092634,54.55269842556872,51.045038693066516,58.642061894602044,63.289554663693465,60.18434914414791,63.20759339575672,50.66884905311733,33.73528368637597,32.121368536752286,34.75996453199427,34.058639233777484,49.726164193493204,47.29871147918772,45.1869238651879,44.93124814653691,37.77438835186106,41.73520501079001,42.89853810838257,33.89935375213369,28.270326964304843
Electricity supply,Power stations,Power stations - municipal solid waste,0.15105875691116052,0.15260699232313055,0.18593783507528647,0.257896924836342,0.41582303531395537,0.43007630491228815,0.44465301755136466,0.6092484776125102,0.7505781980922464,0.747349033285134,0.8796873979692653,0.9665064273760846,1.0506175392130623,1.008034254625728,0.9718133670284625,0.964738005327437,1.0815034930539857,1.0986375845500578,1.1428916557214401,1.3468262709053804,1.4548704000946335,1.5230446445369608,1.902649300898916,1.8720159759336263,2.5068786656297832,3.3194633107769973,4.092349275308801,4.337024902859229,5.010082756088751,5.5807786055412265,5.730340653199199,6.421063953647142,6.762620148223345,7.214965193026837,7.340904009644335
Electricity supply,Power stations,Power stations - other fuel,0.0,3.455222633858267e-05,0.001250358690627461,0.0037633133187106307,0.09833840305759071,0.09836647674149081,0.14986858715672766,0.24147190894513182,0.11945162794676469,0.097622039225713,0.04182954939585163,0.01943305862328281,0.016917922827593267,0.017447653399979716,0.019833247995298314,0.3492171823453989,0.44190015675738337,0.6307837667518188,1.042136460495311,1.659455662198346,0.7582287951076583,0.24825117425868948,0.46300981478862824,0.3181577697018091,0.19978490727629017,0.37266095565166923,0.26530545302219777,0.26834463644193235,0.31030964328633115,0.3481163399946562,0.35644975736811224,0.3773974458181433,0.31909342414390984,0.29757635975718305,0.36650319793619224
Electricity supply total,Electricity supply total,Total,203.9909024163909,200.56283899370356,188.46618620452844,170.96320336918862,166.7319820375192,163.5580281776645,163.2280851942246,150.6518696633353,155.5999934746617,147.5540483294191,159.00295062659123,169.8523727224619,165.48152558672848,174.48832620588058,174.14610476153715,173.4142817059247,182.33738861206683,178.04579653956753,172.94272796390922,151.156096307793,157.44542308361332,144.68479542572047,158.68428937344694,147.67180184752843,124.45263751379122,104.29224596010772,82.2603793602259,72.22983713129389,65.85207360691933,57.85122145725864,49.530171699373305,54.76221834863015,55.3771675800348,44.90567292898719,37.6601452595539
Fuel supply,Oil and gas supply,Gas platforms,2.5094647360320286,2.693980389668745,2.8451883843657355,3.0557055397249027,2.5765852298575913,2.7973795418587133,3.189628977322172,3.435724592327388,3.59508187001283,3.6247370743575984,3.746740038297608,4.586547049070906,4.672847088168818,4.409512424197065,4.5629224685698775,4.289303735954895,3.9957842957996785,3.7197037624579954,3.6661309801379307,3.7294357814274735,3.6189330809066886,3.2461372846927468,2.802005678240805,2.9491099242941368,2.9153740956972234,3.084268979300643,2.7689323934705334,2.6684456266148673,2.437307328181866,2.595001021036799,2.5300865998582474,2.0077716663109535,2.2696871062068764,2.183312671285562,2.0210167211961902
Fuel supply,Oil and gas supply,Gas - venting,0.3527918097692303,0.3923068298712459,0.39720255914267677,0.46398258680290905,0.49415510170136423,0.6280619944573362,0.5515717432943836,0.625455929081953,0.6534257310299999,0.48829679652003044,0.5544514984193619,0.611313523536407,0.3398095207599038,0.36175525000000003,0.2837392843374783,0.2895810895707964,0.28756575540425267,0.5169777555460261,0.43633771000000005,0.40098902000000003,0.539133059837654,0.45129721208068485,0.6688931998402994,0.48919323389256314,0.5034180079314504,0.4719799758993466,0.3768517985390096,0.31260304422245944,0.3745159786399398,0.30278972062682996,0.24538633431587442,0.2704769694399291,0.16060159254339287,0.12676497796451003,0.12358517042173886
Fuel supply,Oil and gas supply,Gas - flaring,0.24522099262158048,0.2726873684969625,0.27609032615726686,0.32250825371871056,0.34348077589298787,0.43588675370853947,0.4385236472176818,0.3794069026310844,0.3728051748251536,0.28483429742574984,0.7405628235515052,0.8905193693283748,0.559302326366967,0.44797193232558363,0.5814943278218448,0.6136070610926828,0.5722475592594387,0.5905393824811516,0.6792168338321853,0.5391556859620883,0.5683816067206535,0.48591583376073083,0.38874050732954457,0.41822873071172506,0.41308381775611414,0.4438744316992925,0.49776393343333925,0.4952388118746375,0.43345370532861804,0.7123168483392613,0.5378894345892766,0.5217491534561254,0.4222319905652724,0.40803772046003256,0.39142891602047064
Fuel supply,Oil and gas supply,Gas processing terminals,0.7006865418422028,0.7489950103236106,0.6722298379965999,0.7279383452125148,0.7558874632383967,0.9518783606634229,1.0298381900668117,1.4756694482376735,1.6396397125138853,1.879771178413582,2.250777748513092,2.3947405280808645,2.224747745665271,2.1564541537339905,2.070566590228413,2.080825263406808,1.6498187269819686,1.546173092415034,1.701315308233005,1.5054411309504285,1.5473995242030512,1.4239330196648967,1.421939920984778,1.5169589901600622,1.5602442601688675,1.428780746869071,1.5540654884463128,1.4700627988563721,1.485534929945237,1.4683852429134534,1.3522722477325473,1.2358226811858684,1.2937694786901262,1.1914644497205638,1.1851323853193714
Fuel supply,Oil and gas supply,Gas terminals,0.7409234880167901,0.698378277101672,0.9737878191566822,0.9634896529676917,0.7313955336771757,1.015015036387276,1.0450718984147276,0.6430281639918657,1.110080396871636,0.8764540075597499,1.266295843239114,1.2722611327071411,1.3864069160617971,1.3257669756004613,1.1599151396864325,1.0932530323654779,1.0205063267292394,0.8554098287304268,0.737935202023202,0.6750569678013998,0.5282377062432008,0.4905362309255187,0.4350243087692025,0.51489045717969,0.5645622230591888,0.49982190211941513,0.4657578561025779,0.3068231910170171,0.3742331700230814,0.4458421709478051,0.4355815453702476,0.3852080081117325,0.40589947999180087,0.3393350943006891,0.34320957839664135
Fuel supply,Oil and gas supply,Gas distribution - combustion,0.6434993787754555,0.7834934485964268,0.7282765588166336,0.7407433832792711,0.7708833824220914,0.8375840918259941,1.1112846449025486,1.0311825874541212,1.3012314661593107,1.6062643300903197,1.7064401356635353,1.6728775336371902,1.6695278455590974,1.7781610439607611,1.4071240184030238,1.5747797524920784,1.423340909497788,1.212417321467929,1.3125657694874822,1.2830090468465338,1.834727517756279,1.615781631861922,1.1726409787269731,1.1247049347425058,1.0970274471500678,1.257071414597024,1.2653558979362973,1.269679142624154,1.0615488546997958,1.2219830805299705,1.1979008925768573,1.1220879826735324,1.4206906988672314,1.1578777758953456,0.719375972388337
Fuel supply,Oil and gas supply,Gas distribution - leakage,10.441777780425104,10.311711221919175,10.173592410091093,9.853495047038235,9.532562954456312,9.213868575910793,8.900563940713647,7.8434348774589475,7.552542702644198,7.260244590169475,7.012057070903465,6.610620282347411,6.3993281412503284,6.110194001764723,6.343086008099914,6.310768186610709,5.966382424083044,5.923881666913414,5.554691264898133,5.430966002122428,5.328287659656442,4.994062631179597,4.849022823623848,4.6583848843733,4.316195125322468,4.1758329591780035,4.060446258592905,3.9870455831702847,3.823289611408547,3.6974088518414003,3.5658567198716478,3.4141250595092942,3.1924410953487214,3.0477564685587946,3.0173539145331576
Fuel supply,Oil and gas supply,Gas - exploration drilling,0.36060288914678806,0.34298723076892784,0.3129369900066954,0.29014025563534673,0.31915428119888145,0.3633813079052494,0.36573207341541436,0.38068776151784267,0.4386863683631583,0.13517465155475009,0.04996535575197504,0.04620961451517902,0.07620142540808655,0.11262729617368009,0.11501892846467508,0.08054650774282504,0.056710511518832246,0.05885099975920764,0.04622883000000003,0.09338098000000006,0.07289684519530006,0.05099032907800004,0.15136284840550013,0.1484362820467001,0.19204185296000015,0.07728337771200006,0.19427103458030015,0.04123746549175003,0.05187283033200003,0.042931326112000026,0.0016664880020000011,0.03756000407665002,0.0016282424127000011,0.005615972806700003,0.0035586767079500018
Fuel supply,Oil and gas supply,Oil platforms,10.168787953394487,9.925863953830813,10.90702639370126,11.456191746384802,11.78185558255184,11.646990729066225,11.561257194499529,12.261858460781795,12.677038853784175,12.7218278719176,12.31734415222102,12.244784326097424,11.943712415300826,11.691020597024874,11.08723833545786,10.604938528124672,10.199685267677648,9.942504081495096,9.72376998239014,9.60121440326793,9.415466053491539,8.495176810720048,8.046681183394101,7.4543981906475825,7.338429267333607,7.932436279188906,8.013756925912553,8.042129627400847,8.183552893237211,8.502562314789724,8.161350267577426,7.143986003719043,6.860679507640649,6.567593606636193,6.158979030203413
Fuel supply,Oil and gas supply,Oil - venting,0.2600764567889837,0.25071196716389627,0.2570243268371034,0.2720768768270589,0.3449721149070475,0.30051029487266406,0.36283623268838644,0.3880039482277072,0.42454981694,0.4214052748032279,0.22188684483355042,0.261864791378292,0.28863138743616146,0.3229577495,0.5432691401683469,0.2209113663347939,0.2028353025,0.20603702,0.24855869,0.33568394,0.25058186,0.3429517848370164,0.33728914546456384,0.3444848356558933,0.3025380180176542,0.28522609255584463,0.2853805178428715,0.42929033588326476,0.5324446906092313,0.3890176436396856,0.28965726358821314,0.18395656793224907,0.22369708425576917,0.18525834058612822,0.19324207742964725
Fuel supply,Oil and gas supply,Oil - flaring,4.647931181908621,4.475116385774102,4.583504986095036,4.846812889850161,6.150843539556723,6.361447848809844,6.42963084925617,5.866544905681567,5.945275652949878,5.284333843044008,4.965245976013248,4.8620189682146675,4.472471678200384,4.005618465760674,4.0278642321320675,4.526206143127423,3.860824384480899,4.096187570283093,3.3974033059344713,3.6057113603875375,3.7253988331398347,3.6291781557488165,3.1779994630688355,3.512246647255523,3.299032162315362,3.655654821979425,3.5593808990924667,3.582171857126091,3.673921776192581,3.3547024035788384,2.598438321087428,2.0795277940468697,1.6137912138056998,1.6271233589236331,1.5352701960657404
Fuel supply,Oil and gas supply,Oil processing terminals,0.9581055256596026,0.8938820903738628,0.830489984676392,0.8273210811388052,1.0281132430104425,1.1802171146180969,1.094982003092419,1.4367212885998442,1.5755670699998037,1.5144288955218177,1.468593724645958,1.590233202358277,1.509398727242647,1.4132608853298807,1.321590761547657,1.3091561696221945,1.152309561252078,1.2021192434550105,1.1985027427455959,1.2537490057888157,1.1168152197867987,0.9750975253456184,0.8648139160189434,0.8848232579376265,0.8301288820973176,0.8744190842687254,0.8705645013968584,0.9068371816682291,0.8433069587457883,0.7806502272713595,0.775394007060953,0.7362053013453691,0.7182842912965705,0.6667014975420129,0.6435164518099836
Fuel supply,Oil and gas supply,Oil terminals,0.29815518478926917,0.26600618071939786,0.2668733214113621,0.2263503849287341,0.2489091031820856,0.6652331331491644,0.9747651430037092,0.07696750060707949,0.16094942734000012,0.06229062454702286,0.06979067917116644,0.06302644146761803,0.06405762520267604,0.05326495700000004,0.05105710604134854,0.03532785361473552,0.023532943410073615,0.031061890176148025,0.0130636306616628,0.011317570460272,0.01588391728051077,0.0511443808142404,0.04622929816757998,0.02154505425312192,0.056754784778550546,0.007960474294896,0.006930565479942419,0.0041571739356698854,0.00401855358572204,0.002768544881344476,0.003963091839583394,0.004535482475259903,0.003789270537686632,0.0065739539110768125,0.009343962430426067
Fuel supply,Oil and gas supply,Oil refineries,17.86920289195521,18.646298118639272,19.056681439184878,19.960036397373514,19.47333625692332,20.20940226669297,20.65372903232086,20.50310382255151,20.035288766308675,18.11929945477076,17.331644082186685,17.13907714803416,19.265770042097056,18.68095524349672,18.366304306874905,19.878218871433667,18.036376309285604,17.83974806482355,17.29441737675604,16.295171816930996,17.010273094869756,17.40465355313874,15.746009337943832,14.699804256772524,13.504691150765995,13.52313083814799,13.615752920595831,13.581391448692159,13.068566733570506,12.64741474718847,11.126145971882183,11.097833751384156,11.95962169161808,11.934305370298313,11.509736428153207
Fuel supply,Oil and gas supply,Oil - exploration drilling,0.4267820602772429,0.40538084377117073,0.36989758363140046,0.3428973368029541,0.37729355549824944,0.42885428294475103,0.47540950089958617,0.45010613456515797,0.42043478552465036,0.14656059624578516,0.12785741333715012,0.09488449120195007,0.11722462526363109,0.06928242197750006,0.059678005891611444,0.08127263651835008,0.04808157243116784,0.04674236344079244,0.03858283325000003,0.1309952901000001,0.040823639941200036,0.053030111401150035,0.043619528705000035,0.05052331304280004,0.13070150691080012,0.08235838550380005,0.10960463830000008,0.05233692877250004,0.045218262685150036,0.07149089265400005,0.01478416518470001,0.038320977807500024,0.030513610533650024,0.03570625894790003,0.020359099323350015
Fuel supply,Solid fuel supply,Coal mining and handling,26.491620224931204,26.882864301934077,26.497482445693773,24.474721884534908,16.418891689570856,17.72496562719268,16.271243683979186,15.734019243345017,13.154608217391155,10.897664989534233,9.439211328526529,8.477308279856002,8.26076651191805,6.838522100069856,6.227148210072358,4.57917039395388,4.182985799366614,3.507058925792443,3.6295081756308445,3.4116993195779224,3.197184711274274,3.1093249373591263,2.9849304726162464,2.170164020707433,2.232073867333596,1.9404120107372154,0.9172821867224079,0.9016947385820264,0.876124025479609,1.052974979964873,1.0660739175034761,0.9022739566436327,0.905578571773607,0.8264100980831471,0.9494610262381322
Fuel supply,Solid fuel supply,Nuclear fuel production,0.07659792756858784,0.09020389010495554,0.09256455280479842,0.10314905074497191,0.10060363309943275,0.08561497101853685,0.1605920010069031,0.17002741281555292,0.0,0.0,0.0,0.0,0.0,0.0,0.0,0.0,0.0,0.0,0.0,0.0,0.0,0.0,0.0,0.0,0.0,0.0,0.0,0.0,0.0,0.0,0.0,0.0,0.0,0.0,0.0
Fuel supply total,Fuel supply total,Total,77.19222702390239,78.08086750905832,79.24084991976939,78.92756071296549,71.4489234407448,74.84629193108225,74.61666075609415,72.70194297987611,71.05720601265851,65.3235884764757,63.26886471527496,62.81828668183188,63.25020402190171,59.77732549791577,58.20801686379781,57.56786659196598,52.67898764967832,51.29541296923732,49.678228635980695,48.30297732162382,48.810424330303185,46.81921143260885,43.137202611300054,40.95789701367319,39.25629646959827,39.7405117740516,38.56209781644421,38.05114495593232,37.268910302664885,37.28824001631581,33.90244726804066,31.181441360118164,31.482904926087834,30.3098376159206,28.824569606637755
Domestic transport,Road,Passenger cars,72.27040666611653,72.00665982933964,73.58399611743907,74.52653094616873,73.9157297973898,73.08986848487048,75.91750230434269,76.15508260872801,75.79074229343529,77.16052657751588,76.71377145742018,76.74708116622195,78.47529685288026,77.25009384464813,77.7704502316819,77.71392165426832,77.30083067257154,77.25387529947902,75.91407846666914,73.76432923512458,71.7167800420012,70.80676440891327,70.49209260132372,69.58202502046812,70.2084607507656,70.06647519485998,72.02657760275707,72.27040115169694,71.11997067519592,69.5935193326857,53.12832161825105,57.90036082101459,59.70333367777393,59.56729236280252,59.48857018748282
Domestic transport,Road,HGVs,21.291264900732184,20.220090414667172,20.15570589626622,20.415201704568716,21.0930123663354,20.856884526171065,21.490610270009814,21.575247638608307,21.045799534820976,20.934584476986167,20.61041297825206,20.567555696859383,21.044900644171687,21.221247730407566,21.594636065576736,21.695145575334163,21.66124804769264,21.822703860397432,20.17946235889557,18.59113045409924,19.076655070761532,18.499953794838426,18.3640856323973,18.26987883023926,18.748232404619632,19.16642127898423,19.76481516205084,20.041706666960778,20.04269943356328,19.091921912285624,19.03197367553759,20.29010507509912,19.18459709103222,18.42288098087247,18.401660964377328
Domestic transport,Road,Light duty vehicles,11.264443987354774,11.680427742834933,11.788757514051504,11.94094701625584,12.403903296841788,12.329420053905709,12.885260719045988,13.308348481458168,13.426437881962576,13.462153851612737,13.388473331068537,13.465984599185376,13.65334271390495,14.088158990739222,14.489603430748563,14.83518715739353,15.141990578690818,15.671047027267477,14.893435546745437,14.696881831696858,15.105276758464125,15.083197899791397,15.564383463610662,15.597955221504598,16.39318502915591,16.895739980990758,18.21499412860098,18.54775113519232,18.643079234409157,17.90882469489502,17.037964050725524,18.726453334706633,18.62899703424058,18.27831667689156,18.597773924682706
Domestic transport,Road,Buses,5.2806838095242785,5.393380881496499,5.326034046891772,5.3112039287670125,5.396742276036135,5.496726471435242,5.564830829563825,5.570047726945799,5.342479257750078,5.238449445634445,4.914330557530761,4.759169923853322,4.7355390185439585,4.836780270197456,4.593004362633094,4.542893658127224,4.597242616189721,4.659443285486236,4.130114957341727,4.125257012798294,4.225780817152555,3.8857196251672628,3.945706459507394,3.7695903418057686,3.7723598376218144,3.578472304668584,3.508506672023552,3.3707951612952916,3.219220762987627,2.9571471005095002,2.1649884132791537,2.352573944557257,2.383923938656792,2.2714654423400105,2.292525124924972
Domestic transport,Road,Mopeds & motorcycles,0.6785332940141287,0.6520603193398359,0.5558112825160199,0.46751727997276116,0.4559107287070685,0.44465865296727547,0.45693427620908306,0.48765841872098026,0.5034710811020549,0.5545515325452641,0.5476290508311934,0.5603981952609708,0.5891180850177326,0.6404233045456422,0.5835329491084003,0.6083597727969882,0.571315236657588,0.6179246051496711,0.5784614041878161,0.5706242245613979,0.5039767342715712,0.5048902303695293,0.4473300058346861,0.4517670828559557,0.4720083610573935,0.4723968438318835,0.4859954247680223,0.4791262080495933,0.45590299448617444,0.44861352598549076,0.35842315943968983,0.41117310313918864,0.44416718125321625,0.4447298634158972,0.4611963300524442
Domestic transport,Road,Road vehicle LPG and biofuel use (all vehicles),0.0,0.0,0.0,0.0,0.0,0.0,0.0029745796304533334,0.005957425181265225,0.011988430560241561,0.023949480003214223,0.06556944420319627,0.1601143678271546,0.2575553215263692,0.3127090615826271,0.3346467902397553,0.36179668215722194,0.3963412944852818,0.39892140727797554,0.4864550520573186,0.4554577527675747,0.453873905455229,0.4135316526683814,0.46865493061834135,0.48541072749463615,0.38668414693449593,0.33095626431021785,0.3031616833000216,0.29196185233290955,0.34605754131026906,0.4071256451085544,0.3953452176497102,0.3447119334496649,0.3643392893133025,0.45187604413219234,0.4691340660176174
Domestic transport,Railways,Railways - mobile combustion,1.467186987859927,1.5023270083919826,1.5148409484792884,1.4526015998354842,1.3945955584682008,1.4747945161038123,1.5543424586989976,1.6290991553925576,1.6634718004771991,1.669396013497859,1.692806585490112,1.7588356766621946,1.7279437306070098,1.7480736377176078,1.823231118563111,1.8687248715752336,1.9141050958963297,1.9651518757956192,1.9449437929636955,1.9648636669779564,1.9760394434171462,1.897970168494643,1.9520484713538517,1.9512551989966194,2.00288997418952,1.9273033966541417,1.908046122296159,1.8799559706426268,1.7780362762563198,1.8497662732188909,1.4397442688205055,1.5622380982085344,1.5222457564083074,1.5796692552944231,1.651836665561554
Domestic transport,Railways,Railways - stationary combustion,0.4829507937815016,0.46421584648607755,0.4806811437997176,0.48756265882131017,0.5105222123730702,0.5037573922373351,0.5414009788012146,0.5179612948146072,0.5108138635626696,0.5019630025262615,0.4442500435585225,0.4528398486456777,0.37071424966641375,0.05530323747684722,0.042979735326500866,0.007074570220215409,0.00444505159004795,0.0038394606127238064,0.003918993896326166,0.002996456226357851,0.003354477116427536,0.0026699401178117543,0.0023749772122678148,0.0019006259747169874,0.0017818549047017023,0.0013214764711954765,0.002523437185844079,0.002040815695531715,0.0023391371545702978,0.0029702968255470113,0.00217083117292838,0.002878964029654314,0.0025016867032675973,0.0012235302162231158,0.000515501637954299
Domestic transport,Waterborne,Fishing,0.2498571260916433,0.2509729863361524,0.25390332889192624,0.2570983219158357,0.22246003002794346,0.22281756337522365,0.2240200843249826,0.19016424949679742,0.19470383101334304,0.14441516436709095,0.13179051697868419,0.1222458289981043,0.09734685797024069,0.1641723681992119,0.17353970793920934,0.21856247996840822,0.2675460635947897,0.24026197614978795,0.15599173072535513,0.15672733979192602,0.14779993592661145,0.14175528589921813,0.16146534859235262,0.1697538410871362,0.20708133703856418,0.19602719685982006,0.2197615108349354,0.21811217082839485,0.21292797692488372,0.18578009523122427,0.1307540658932852,0.13191549108507314,0.13975205420133754,0.16507696300586286,0.18124365028722336
Domestic transport,Waterborne,Shipping - coastal,3.332743464717196,3.495809981160874,3.5059117794953645,3.412684439870378,3.392151214570681,3.243316831920224,3.6019165283568424,3.3354383273361394,3.815221888337028,3.178598645956169,3.0604401411178497,2.969267656121407,2.293532953358664,3.0961888834633062,3.2615610789241023,3.5465783061503178,4.7581289482938285,4.263286501420126,2.7275092570083337,2.8393324943575307,2.5505294889679737,2.586081778647821,2.772169507890225,3.0476525983683285,3.4207154782720877,3.356541982674853,3.528505909698336,3.491943766080402,3.456212962186617,3.3848145825395473,2.3927494748685816,2.529427093327092,2.560379351586758,2.6510262105074163,2.767842668209673
Domestic transport,Waterborne,Shipping - other,0.2498718833426377,0.2573019392354396,0.2727647261960079,0.2892344061541434,0.29657003085570155,0.30825888647544786,0.3337618503403203,0.3468650332270802,0.3646069386568789,0.3751299004526898,0.39310212134655786,0.40030695302430813,0.422428357745519,0.47890847507572476,0.4871607187704248,0.5206267162230012,0.5697815340751005,0.5803403255911976,0.601572623133934,0.6329706054377076,0.6515978868733652,0.66832533909374,0.6684036636590336,0.7230155224698387,0.7595536908446708,0.7692069689555632,0.7849903254250943,0.8454011805836701,0.8616790408941605,0.9051062259606232,0.7171268755015288,0.8120033983385933,0.9395350402297227,0.9628647928420133,1.0109227747940157
Domestic transport,Civil aviation,Civil aviation,1.4948009751064137,1.50982016583888,1.5096155633362558,1.4800412679799149,1.3789728102198433,1.462232544922578,1.6165381924249016,1.6410613556912006,1.732711614182688,1.9389974499632534,2.094659784701643,2.1924118319285997,2.229900785140088,2.3574457641050497,2.3184895230765883,2.731414931641603,2.4399344199116055,2.281222081257196,2.18281465764444,1.9470224230837916,1.8452504553361397,1.702107807203557,1.6086257209950765,1.6628473738373644,1.510254914800376,1.5299305834874597,1.467114261118206,1.5631656319482248,1.4264995702133203,1.3414219386790838,0.5712555497438072,0.7625360436839774,1.0710801899871596,1.1322487689010758,1.1827131779402276
Domestic transport,Other domestic transport,Military aviation,3.92442346576315,2.8628413936359487,2.7669578944671755,2.9724170857333356,2.8783170368160023,2.7842169878986693,2.6901169389813355,2.4383357270133352,2.3556802786400017,2.221269803362135,2.0059841509066683,2.0886395992800013,2.301636331626668,2.3142607938438133,2.1099102213837035,1.995493545845398,2.6499323227486506,2.915962550396915,2.4208082253538112,2.1416108864179773,2.041791049462194,1.9642464949063416,1.8077940110013277,1.633296406578208,1.4609788067545064,1.2201015768743637,1.1197425467747875,1.1280889732522723,1.131832898069668,1.1559827380009526,1.0060441431092793,1.0431561613052318,1.0703603051071449,0.9913653045373509,0.753117337648704
Domestic transport,Other domestic transport,Military shipping,1.4221939268621846,1.4826417202446662,1.369993035376288,1.2178391221839198,1.1283388346114247,1.1482997615202883,1.160558823993552,1.235691239230646,0.8748079536757691,0.9651186634415618,0.9447525254360492,0.8671503200288876,0.7895481146217258,0.8841726931616445,0.9787972717015628,0.8797401496143874,0.8584226130507338,0.8885250391549565,0.8792157864801289,0.877481776193797,0.8917497725546717,0.8176988714417318,0.7431268852666972,0.6785620972042757,0.5782580207215422,0.4586919073751348,0.443479354875243,0.47273351424561877,0.5025021432069958,0.4685950792108686,0.3579326144112681,0.5326290774263267,0.43708404383054716,0.48245849738745267,0.39472789233769023
Domestic transport,Other domestic transport,Aircraft support vehicles,0.09932694312822049,0.09182937669050155,0.10140784898916433,0.10736209886077033,0.11766464791171438,0.12611012033402244,0.1348246823181013,0.14941160478727972,0.1670389666073753,0.18356089311373674,0.20442147964162483,0.21446535041277545,0.2335843466035338,0.2593035108477634,0.2944395835835665,0.32857111009822326,0.35810314529307763,0.3860638528264031,0.3945529218381073,0.3835135764032319,0.3804565007918448,0.40652333089449944,0.4185142200643778,0.4425430173360248,0.47167757216030093,0.5080224519394474,0.5650679435334297,0.5990322443072895,0.6200625182417905,0.6616995122139705,0.15702199181015103,0.13115008311325005,0.4190120901536675,0.42437161427690984,0.45893514832998294
Domestic transport,Other domestic transport,Mobile air-conditioning - F-gases,0.0,0.0,0.0018049705441175702,0.007307722557043123,0.017649627420758172,0.03693939859422588,0.06340704163375202,0.09403815047780704,0.12966301606765043,0.17154850221793336,0.22120474372024612,0.27738475663198703,0.3391124833993363,0.4120394137413028,0.49446075037726356,0.5834050025400648,0.6848978844531867,0.7779865625076923,0.8626369670146637,0.9386630075717126,1.0122099885755598,1.0798268561879358,1.146159619623295,1.2086366793197052,1.262633381597205,1.3024620029209792,1.3241974375840673,1.31443529908272,1.2883167838158842,1.2550143533387446,1.2150903832244573,1.1710865302578357,1.122046847759427,1.1439792968766698,1.1104676038498131
Domestic transport,Other domestic transport,Transport refrigeration - F-gases,0.0,0.0,7.545028395132104e-05,0.00027932039696223284,0.0014961674618810547,0.007073525137878889,0.019791386721247133,0.04067501825551719,0.06775578403768576,0.09938867296550492,0.13408087714941394,0.17092400293295082,0.20761190350189623,0.24268020900662537,0.27614907802047833,0.30862850011007126,0.34046979965777924,0.37117117196622257,0.3998192553486576,0.42590798086901216,0.45420834054277404,0.48378916993361165,0.5101398899259109,0.5347101822976221,0.5559576164449304,0.5718495541607803,0.5817800905658462,0.5817670835665394,0.5694598805439597,0.5470754391838996,0.5161259508908993,0.4796825825230173,0.44150220272100804,0.4013865224261236,0.3606018996107046
Domestic transport,Other domestic transport,Lubricant use in engines,0.20623266350174063,0.20582300880414162,0.20818481004689646,0.21015040891253628,0.216394166558552,0.21657087404783237,0.21794772363451465,0.22044173819448618,0.21729797993273536,0.21989490180096888,0.2160088278048803,0.21878605603541743,0.22191275177612363,0.23002358835067838,0.22630844080037096,0.22243065125085054,0.22784111657349848,0.22818489438924178,0.2218037065042624,0.2210262702661188,0.21971272104288234,0.22032287364748776,0.219340868756321,0.22042004822319602,0.22879907985762915,0.2310509075319902,0.23817071714414903,0.24140526912596386,0.24267176424099166,0.24528014204333573,0.19502640521292175,0.2152842410430687,0.23028978677002354,0.2315780456409558,0.23064640057035113
Domestic transport,Other domestic transport,Urea use in transport,0.0,0.0,0.0,0.0,0.0,0.0,0.0,0.0,0.0,0.0,0.0,0.0,0.0,0.0,0.0,0.0,0.0018085913364766907,0.008310731346430828,0.015520670528686773,0.020801406853977734,0.02772469858297114,0.03463236868585389,0.04191237580146937,0.04705558876612914,0.051106084058554865,0.05393477024223315,0.05695057097852325,0.058471761072612545,0.0587947587527494,0.05587525572688638,0.05390885330809326,0.057704749735165005,0.05494463612232927,0.05257415234125948,0.05251721721530918
Domestic transport,Other domestic transport,Refrigerated transport machinery,0.06452475639969073,0.06388388884667433,0.06324302129365789,0.06288913115351903,0.06253524101337983,0.06374336448875198,0.06638175273344936,0.07223568377261484,0.0761287045507512,0.08240775517105764,0.08964149508682383,0.0941470311595437,0.09815773685050774,0.10325519075903004,0.11205538489677466,0.12262761888878222,0.1347317866547624,0.1428436135542756,0.1467171703347713,0.14903828709209832,0.16048956339324,0.16893494697048586,0.17390965641635853,0.18437051652293698,0.20300852977021108,0.22488313154135817,0.24643306064682402,0.2623154337185947,0.2640596024083784,0.2756761173473113,0.29039105214911126,0.3216540867496041,0.31694727143377033,0.3236636495712334,0.35056254099011736
Domestic transport,Other domestic transport,Seaport machinery,0.411723562514429,0.4124484178443856,0.3905564533647796,0.3771155323635651,0.29232517326763746,0.2522488253992309,0.3134477061880551,0.2994506552114008,0.3173835225339107,0.26986321592116486,0.2821045689867856,0.25565257641912686,0.22728622413005864,0.519061269094367,0.3691802486818623,0.4433479435693134,0.6542561460736911,0.43867353599989756,0.36483799328479993,0.40774312897707665,0.3552097763013425,0.3691554520450945,0.3591317873424278,0.35994473064031623,0.42941955111908947,0.3692966305743109,0.2913292815960635,0.25308069408164025,0.2519331165433351,0.24526106677927023,0.14544724832647649,0.15496534212714724,0.15671393522554836,0.17657161115456285,0.16889020727269505
Domestic transport total,Domestic transport total,Total,124.19116920681061,122.55253492119381,123.85024583172915,124.99598399247178,125.17529121688699,124.06793878180531,128.85656912795312,129.313211532544,128.60820462190685,129.3957679490551,128.1554346812318,128.34336143748914,130.31646946304275,131.21430223696365,132.33413669203398,133.5345308977733,135.5333729654911,135.91573965802647,129.50467153795697,125.31337981756825,123.80046742699137,121.73809829591812,121.8673700971931,121.02259165199075,123.12504642268874,123.23108640590928,127.082143243758,127.91369198375993,126.49425907140608,122.98747132777008,101.30780584332601,109.93369015491999,111.1937534105101,110.15661958543419,110.3864012837939
Buildings and product uses,Residential buildings,Residential combustion,80.03706858625668,88.92732489534774,86.0790413526788,90.25490207769576,85.6342271521047,80.82089023269675,92.00989883987067,84.75926579978142,86.65886406633145,86.49087117302463,86.54253147670279,88.58244326939737,84.954765287771,85.74587368036269,87.33942540433866,82.75671081999106,80.00968449891138,76.40929235126126,78.2502365205644,75.18779265130712,84.88181783728675,68.04790369737144,74.4162510081859,75.35213672766592,62.85833584522603,65.35253944147507,65.95268793073078,64.44595506747483,65.8996779127473,63.534360415067106,64.60198003241888,67.82486851760102,55.448967825538794,52.087210240037415,54.25283709140338
Buildings and product uses,Commercial buildings,Commercial combustion,12.473368199081674,14.381214349723827,13.103238569535922,14.030387368169768,13.713748945799463,14.216497013885041,15.17776208131539,13.423470971305584,14.580263617137598,15.92564893715791,16.241009072964232,16.79276117614066,14.213513683985987,15.032224260734974,14.701800567342739,14.810995533160341,13.743246976630541,13.01293895426037,15.649437667656816,13.077035856037261,13.671809330619386,11.598383160227833,13.200586805499498,13.543109254033016,12.533314992463811,12.784025708996259,12.458748914439425,11.937840308545406,14.073720338295232,13.346141834209558,13.134891168584081,14.118867356118946,13.208619029354683,12.693438459057884,13.354013821265482
Buildings and product uses,Public sector buildings,Public sector combustion,16.14507664478872,17.144734855177354,17.722034605233347,16.40774128892173,16.0766802647799,15.871292891148,16.87253191050932,16.42873396462737,15.345666352519832,15.441227330407992,14.617972823510588,14.737993455165872,12.393445459827442,11.863518768538368,12.892201342871806,12.980856721328639,11.80840833210081,10.960042112557312,11.168155255600167,10.071666874152264,10.756585857056052,9.06296646969308,10.098022019312973,10.195967020260234,8.988151970086765,8.834691908141913,8.707287728078592,8.642549234995437,9.519626574485363,9.282141938275531,8.731089698168235,9.59023666491769,8.650209891669688,8.335906002501684,8.989492729420386
Buildings and product uses,Other buildings and product uses,House and garden mobile machinery,0.31341252634328776,0.3169798233910974,0.31985347934627756,0.3230668778774395,0.32666248680658116,0.3300457566257341,0.3316717453999578,0.33292334219882525,0.33477631976328515,0.33663879592255197,0.3388002869493617,0.34048423806740125,0.34380865760140733,0.3453146268315774,0.3460196946140784,0.34866484490624183,0.35056669097813636,0.3532875259899168,0.3564691471794757,0.3583018554065124,0.3606089480361228,0.3625850872191759,0.36515269588592314,0.36547062382920115,0.3662331290380578,0.37039316284291934,0.37120055119453277,0.37276916157391843,0.3775552755345546,0.38095074157089653,0.38189545121610924,0.38498971759028316,0.386687456662839,0.38826197273819313,0.3916985252157051
Buildings and product uses,Other buildings and product uses,Anaesthetic use of N2O,0.46167313240698493,0.4632959956389619,0.4644720068677008,0.4655157369980081,0.46671110643627345,0.4680234317237619,0.4691494342445571,0.47035770915584013,0.4716539026020564,0.47334371297531275,0.47497060916760786,0.47680089561466205,0.47883883918849174,0.48102458269205695,0.483554878127433,0.48728868958091687,0.49062629494683635,0.49459479242714716,0.4986656383744092,0.5021881388390693,0.5062127912588485,0.5104529570121029,0.513886603295036,0.517337833284956,0.521215702081,0.5249951101838395,0.5291819924653721,0.532076456151546,0.5346812242321547,0.5374379945871502,0.538352347350455,0.5402834981350633,0.5452841511495687,0.550621757998646,0.5557908879304373
Buildings and product uses,Other buildings and product uses,Commercial refrigeration - F-gases,0.0,0.0,0.0,0.0,0.005538595700740144,0.017327368328434862,0.05301915352414771,0.12603932666057366,0.27071722850747393,0.5005419048189891,0.811732602755204,1.1781758736543715,1.5692521653279488,1.9572406487653187,2.3268280927210654,2.6997699896082175,3.0702111207150224,3.414304430615879,3.709213619208069,3.9765683513158487,4.259481045122932,4.545928975028733,4.6839330549905345,4.54536894092065,4.013946898643999,3.7636762627588096,3.450325942541681,3.057820006316881,2.7702415406361935,2.449242408678066,2.113334781378544,1.885503571583404,1.6475098458860948,1.424042682437329,1.2259902280044213
Buildings and product uses,Other buildings and product uses,Stationary air-conditioning and heat pumps - F-gases,0.0,1.7900999999999988e-10,9.148092157619999e-10,3.764654018959613e-05,0.00017506363848446532,0.0008961629046565572,0.0025938694915081956,0.005401510064145592,0.010609661149840658,0.020736194610283844,0.03869015005486107,0.07407826513801231,0.14282644322483107,0.2352765691381168,0.338836905617665,0.4499973042827276,0.566813774616573,0.6891225937136055,0.8150396862343156,0.9397522765817452,1.0712825830802826,1.2070588898811927,1.3518927527468556,1.4809447371878117,1.5713766361757588,1.6284822059959034,1.6895131744861511,1.7362601563465836,1.7574823272810678,1.7471691129345097,1.7149271426789892,1.7030189261154658,1.6775875783484278,1.6435083189677457,1.6052729147568765
Buildings and product uses,Other buildings and product uses,Residential refrigeration - F-gases,0.0,0.0,0.0,8.250561412941236e-05,0.000310304860600881,0.0006435855428646464,0.0010418661437828682,0.0014641619428927984,0.0018906152022329758,0.002323518945775818,0.002756700879745313,0.0031842189437970236,0.0036020110035243046,0.012163547836087755,0.035051587014718055,0.06830573858119895,0.10378381605805423,0.13820233565182646,0.16954809496777978,0.1979630412471727,0.22288023085548975,0.24701891690858274,0.26785221727999,0.2789688326112831,0.27607475863518427,0.26274910064291135,0.24258424926113492,0.21872974431719133,0.1931009554643258,0.16617914786915503,0.1387474721594924,0.11832341506263869,0.09833001694080992,0.07927202987384797,0.06183279688887479
Buildings and product uses,Other buildings and product uses,Metered dose inhalers and other aerosols - F-gases,0.0,0.0,0.0,0.08001255555555556,0.24016300400175494,0.40503640616982395,0.6044473737117793,0.8819047390201562,1.2220534452423717,1.5554814409904276,1.8391682953619601,2.090005976581903,2.10673250334464,2.08048511607488,2.1095834408870395,2.15811977778112,2.2532371267571203,2.1407934132753996,2.0591114940482,2.0210184312520005,1.9026005981524803,1.8192344170315202,1.7883703379182403,1.7565284801920003,1.71620867007984,1.6828043379406399,1.63852762816,1.5853170928536002,1.5103891809255998,1.3310156896799998,1.079748867808,0.9352601572800001,0.9085806282720003,0.8880942584640003,0.8397324180479999
Buildings and product uses,Other buildings and product uses,Firefighting - F-gases,0.0,0.0,0.0,0.0,0.0,0.0014631599999999998,0.005536309999999999,0.01007821978,0.014182405167480002,0.01706480818430568,0.03461664880173361,0.08504865882474974,0.154464869908206,0.22702535614428623,0.2328351560194416,0.19908634247526655,0.20319868979867248,0.20667302365673612,0.20838494026058563,0.20929952399326965,0.21870829563271788,0.23978010713920023,0.2574434012035292,0.26936453772224256,0.2862700143590152,0.29717648656307344,0.29732627340903367,0.2950899546774406,0.29062973605610914,0.2851120133574276,0.2789665221200501,0.24891303391977526,0.20655711918837266,0.13400411149659136,0.07409920494665408
Buildings and product uses,Other buildings and product uses,Foams - F-gases,0.0,0.0,0.0,0.055614,0.111228,0.16684200000000002,0.222456,0.1902744,0.16355246250072683,0.14618399519405947,0.137777687878429,0.19364714799337895,0.26518621973705486,0.40150293914514273,0.43267983151332273,0.4540342216028897,0.4801109301613533,0.5064919548098412,0.3732054245442922,0.3060808957786174,0.31253349481688925,0.31644181991048514,0.32688403960558854,0.3381604802381024,0.35758445525825766,0.37816346377632715,0.40030587674737617,0.42381060115110747,0.4360375909611115,0.4148623268020041,0.37778352149228994,0.3512403692316713,0.31435261462601594,0.28038217427666323,0.27587647330170045
Buildings and product uses,Other buildings and product uses,Other product uses,0.06196206176033492,0.058648661008482816,0.055137215472068735,0.05371135392345816,0.05238903802781367,0.048228698498452904,0.045945910351725544,0.04650444118551625,0.03014622351468147,0.04274053351842343,0.041542889890100146,0.05152321334928253,0.06108680275198198,0.07259713414605669,0.06468940372401744,0.07517150075647179,0.06484686378121295,0.05748240506714682,0.0602749354880307,0.05712629559090379,0.05545481052413845,0.04764141000915766,0.21008566543082596,0.2503021559003249,0.25978457369934693,0.2678898023437424,0.2649138156520232,0.25204221225588164,0.2494137105360984,0.26593167151724584,0.2357575956074489,0.21084085362005223,0.1689312599835207,0.14303917596749482,0.14792835262492712
Buildings and product uses total,Buildings and product uses total,Total,109.49256115063768,121.29219858046645,117.74377723004892,121.67107141129605,116.62783396215632,112.34718670752353,125.79605449456282,116.67641858572233,119.10437629963901,120.95280234575067,121.1215692449166,124.60614638887147,116.68752294367256,118.45424723040956,121.30350630479201,117.4890014840551,113.14473511545573,108.38322589328645,113.31774242412654,106.90479419150178,118.21997582244207,98.00539590743251,107.48036060135489,108.89365962384575,93.74849764574705,96.14758699166141,96.0026040771661,93.5002599966598,97.61255636715511,93.74054529454867,93.32747460098255,97.912346081176,83.26161741762083,78.6477811838175,81.77456544380686
Industry,Industrial fuel combustion,Industrial off-road mobile machinery,5.201086670220634,4.943473865871162,5.013612971858789,5.061663958906058,5.262630089642289,5.243448210067061,5.220950976418974,6.218455012573987,6.391422043211735,5.681097799676552,6.16439902024824,5.955969436030551,5.7923083288229416,5.84609496209832,6.360856196185089,6.490791646903492,6.797766827168806,7.565012768334771,5.592897936880057,4.628913087211593,5.185715869589286,4.980499368486083,5.161120222388724,4.794925149399866,4.327207803832901,4.990205931262674,5.105859010763653,5.2843760753587885,4.890123059071761,4.943502087771789,4.527908501369505,4.9333889497578,3.913190510962621,4.404666776680849,4.67097548808394
Industry,Industrial fuel combustion,Iron and steel production,21.525990291664762,21.212475224024,20.712267288259234,21.275298789625396,21.87086874720293,21.66040382411927,22.22665156195932,22.804117086111088,20.674981795201695,21.722380349503815,17.867063607954535,16.665859487191348,14.648117314006079,16.406640360302177,16.528543819117264,16.137023335068193,17.377254512472593,17.312781272196258,16.313200520856523,13.210695714169649,11.705326261766123,10.899627443195595,11.902706076818022,14.328353095205788,14.67071951112755,13.230759824425773,9.93182359133787,9.354989603255218,8.872169378030593,9.336412008389296,9.520438674336248,9.016694349404878,8.86994506160503,8.397913775680513,5.976615279831417
Industry,Industrial fuel combustion,Iron and steel - coke production,2.0591940760376457,1.8374282453081558,1.668037166494158,1.5792390756074348,1.6569411278704975,1.6161732323653388,1.8105597583882216,1.8051576924328603,1.81047426937668,1.8471719598301255,1.8352793025806355,1.3545145554740747,1.1213081410434218,1.0635143042198887,0.9182062964583466,0.901162931495543,1.1677760578978076,1.3374084970500932,1.3118289903623395,1.1707279578269874,1.3158445472485951,1.1820323197802411,1.1931024187419408,1.241597651580498,1.2179484365541071,1.081127168127311,0.8517706600576785,0.7713655667182011,0.8004156656600174,0.7764026953158959,0.6962331465044013,0.6608890587362426,0.6089338316769015,0.4469497470999558,0.08015222032537075
Industry,Industrial fuel combustion,Other industrial combustion,69.75076870441924,73.95197201995583,71.47236849240196,67.98035187695672,66.78355768895167,64.24019074552265,63.918047162509716,62.12058509251821,62.9144003087965,63.17078709225446,66.09270875891136,64.37898746460459,58.15401292008579,58.58018250645541,56.36275680068421,57.17665277728629,54.01970943635154,52.36285540105965,48.48308510732972,42.074687574474595,43.997371844559694,42.89453211444928,40.61355480836412,40.46662656328334,38.472927025681564,37.03862088119,36.096776734555924,36.68093482668515,36.5418102258204,34.98044350171613,32.616439223237414,31.825350027378338,29.99577791656042,28.494813625885776,27.988328933873355
Industry,Industrial processes,Aluminium production,0.4503191733333337,0.45604181333333377,0.3800443533333337,0.3711457933333337,0.35901675333333366,0.36915112666666705,0.372329686666667,0.3840595000000004,0.40057138000000037,0.4175013333333337,0.46985246000000047,0.5247981200000006,0.5302497200000006,0.5278319200000006,0.5538317400000006,0.5694519600000005,0.5549005000000006,0.5617388515200005,0.5031133800000005,0.3905748000000004,0.2865178439200003,0.3295040287000003,0.09163504504000008,0.06813815932000004,0.06444642204000006,0.07327145672000009,0.07328379212000007,0.07161920920000008,0.06834785496000008,0.06066015956000004,0.055064714320000055,0.057937568920000064,0.048310913420000046,0.04531055606000004,0.045739504580000034
Industry,Industrial processes,Aluminium production - F-gases,1.396756822824816,1.148136025095776,0.51315539702384,0.39901210395101505,0.36130848874655996,0.29984417160047994,0.29542623397267725,0.2304487513406184,0.2176368428582431,0.1964620985656147,0.26990159278947295,0.22818595059619665,0.15781945655966445,0.11631441728488175,0.16050066999851545,0.10385345696783298,0.13311553090574316,0.08828769649156828,0.12180416999999999,0.06412457999999999,0.11867666999999998,0.17025530850660325,0.014761210390606398,0.006251756705807627,0.038303445035903286,0.010133404264538095,0.012835074435591821,0.013548515812097636,0.00941428480658291,0.0056176766635769,0.0038496014319526523,0.004322103861332935,0.0027849845667595784,0.0028440128566259142,0.0016563978513156853
Industry,Industrial processes,Ammonia production,1.3216666939836395,1.3236582917322999,1.3460732324204405,1.348364830169101,1.350356427917761,1.3527054919290011,1.3547545559402412,0.8834762187641256,1.0964953086100901,1.0914595228043038,1.2616161729155646,1.3274433875995542,1.4462293320634523,1.2864919952504978,1.2186016306766263,1.190237000000001,0.9205280000000008,1.2448170000000012,1.048900000000001,0.8372120000000007,0.9693750000000009,0.6225300000000006,0.9863910000000007,0.8624405927900004,0.9402060000000009,1.0271922375600007,0.9136285911000006,1.129295000000001,0.8372041010000006,0.9817511892000009,1.043321966340001,0.7096576734607096,0.47188163477038664,0.0,0.0
Industry,Industrial processes,Bricks production,0.7478756640249594,0.6260696362683242,0.5793773942803014,0.5049350949298873,0.5902454353408129,0.6113325964021974,0.568268945005058,0.5555509117015586,0.49480100554835693,0.4321101249524129,0.46590249226101804,0.48706845044940966,0.4768721985874483,0.486367584732733,0.4935305401254134,0.477917911785263,0.5212757832835039,0.5118633989998692,0.39792617280455966,0.26133357943774416,0.29404913397183224,0.2879297256630856,0.25989708077342216,0.2761898612210529,0.3162648819873687,0.32468845650105294,0.3173487779010529,0.31423012789473703,0.3325008074736844,0.33454238512210555,0.21140798115157916,0.2949765108084213,0.3072917798736846,0.2503471261600002,0.19650751420842127
Industry,Industrial processes,Fletton brick production,0.03483763925141748,0.028254223404663548,0.025289817026278864,0.02127936517263331,0.02396814919734029,0.02386772296740985,0.021584064707239788,0.0205045438220021,0.019792030716218247,0.016356099499930613,0.016395695189596514,0.01627998567497096,0.016418516636060948,0.017291072406670303,0.01701422789620129,0.014396980252669556,0.02337653072306682,0.0247242180124224,0.012078945054380317,0.007440081207620339,0.007549546552151696,0.0069617043138850455,0.004501047589456608,0.0050599582166843925,0.005676549192761561,0.005704504283295098,0.006710893707515884,0.006599451910514771,0.006012637158999696,0.005984921220740616,0.0029359681643074545,0.004752829381338512,0.005759699773719669,0.00483655676038293,0.0030754749178015153
Industry,Industrial processes,Cement production,7.295263286666674,5.994176100000006,5.456386026666672,5.524922480000006,6.36781031333334,6.28490331333334,6.416449086666674,6.710492580000007,6.838169360000007,6.530860746666674,6.3318839466666725,5.843838073333338,5.988264830900006,5.867549475333339,5.976629662520007,5.941163153346673,5.8927801443866725,6.117015000000006,5.204876684406702,3.7212085589150505,3.7920099124213427,4.096816411790581,3.723954443416885,4.029109619210006,4.214814100440006,4.393361000000004,4.553320836413105,4.409789871213936,4.363947644860006,4.448498603144334,3.899687663800002,4.215152424760004,4.045100401263736,3.514870091283458,3.468656721027479
Industry,Industrial processes,Glass production,0.4123684272359539,0.3357260377309924,0.3971096434263459,0.41741033158442475,0.3905635779559977,0.38401909027708026,0.4091378921226472,0.4145206388070837,0.39363115656122594,0.37384110484280253,0.37346463253764905,0.4303407612290656,0.42212406987514706,0.41348606929168247,0.43509926042482683,0.46965520810875605,0.46009701817452076,0.4545215022184795,0.452922929923533,0.3635319417114761,0.4016989545506482,0.4208203319647532,0.3858238638254692,0.3924074359250044,0.3680590900250042,0.3555405893650042,0.36614268385500415,0.3719677843541419,0.36463095468414175,0.3694715497941421,0.323350872824142,0.340245347104142,0.370415098514142,0.32027354405603825,0.29939247686983095
Industry,Industrial processes,Halocarbon production - F-gases,12.069898592100705,12.565928761235691,13.062264725517167,13.583663340131732,14.124917645327049,14.91165744204118,15.251941272548798,16.583947426686798,12.871552537188673,5.156534294345396,2.7893363755047567,2.5955542400572313,2.1957059130356944,2.1386532283064756,0.5540207826176854,0.5830870329505045,0.5056179770676854,0.24666384571702143,0.1359809404750157,0.09672781424635801,0.1358000895642191,0.20054416496897082,0.1701695028982136,0.22685695156892433,0.1196038121102515,0.18979670351585876,0.18745558161456982,0.30568394542423444,0.056077706467291544,0.12608542616927795,0.07795534784396288,0.13444715645045285,0.10383998375119627,0.1085257054146795,0.08703559623466345
Industry,Industrial processes,Iron and steel production processes,2.2261546293656247,1.5351692478988326,1.376928927006522,1.303757350330493,1.608927837555646,1.9342410053245542,2.196962314090439,1.9726011198131035,1.767183989087394,2.07216123796064,1.8938745115496602,1.2929735317925797,0.8988705515765401,1.6231217518762109,1.833809466983919,2.235306145178363,1.9158951173503007,2.456357094371079,2.817075773098402,0.9839674052775806,1.5503885210448154,1.1834893964416833,0.9611337976665326,2.2262644395050466,2.0011877996230707,2.077827810995259,1.0490632225763197,1.208176795285983,1.039209448149359,0.9248718984022488,0.8907686810195476,1.521996760957828,0.7596890437890716,0.736251323590434,0.46812418207681883
Industry,Industrial processes,Iron and steel - coke production fugitives,0.15225829689589243,0.07084977502719138,0.05410835024159318,0.08072904370464733,0.05279806356874134,0.05776879398320211,0.05724817583530334,0.04419376750650466,0.06335058154689664,0.03871384480296969,0.061676251733836576,0.04587113260562463,0.06642602998474716,0.07663707290944415,0.12314204551420206,0.07374110100731898,0.08037898921937468,0.07430085761881611,0.06700055426670405,0.020690834525455774,0.1017639723162728,0.11355211691976266,0.03522864007623163,0.06294461609896945,0.10228553621532425,0.11450727936863848,0.03162996753972029,0.027704552891989503,0.01934056076048201,0.025476895877928687,0.02621263901723585,0.034024348116178424,0.006480971817944551,0.014218080604289232,0.0015863257296944656
Industry,Industrial processes,Lime production,1.3285983562911692,1.1870935603754829,1.194486672997511,1.202272179246446,1.2611037066492055,1.3945483284823137,1.542315515693677,1.5671343444729626,1.696071075585974,1.4626970743730756,1.4752019554314513,1.459748408226372,1.3452460348394044,1.4457987096834652,1.5292760325477062,1.5264087235034907,1.5323274613883795,1.5835853114451617,1.407878500360758,0.9922790050007514,1.1173123751609797,1.155275824671404,1.177500285615894,1.2388593922736704,1.283378834213517,1.219439513942074,1.0210085649207354,1.0518114817112365,1.088523956335049,1.053425375879438,1.0024466849535403,1.0922591279218283,1.0614919041078714,1.004848681833936,0.9833771750142581
Industry,Industrial processes,Magnesium cover gas - F-gases,0.399059375,0.399059375,0.399059375,0.399059375,0.399059375,0.399059375,0.399059375,0.401291875,0.44147687499999994,0.64296,1.0222617500000002,0.7071443749999999,0.7922026249999999,0.6290906384,0.36355533811999996,0.24290604624999998,0.282262119,0.24774074825,0.18645569949999996,0.13346398150000002,0.18592066949999997,0.13129876324999998,0.13199420699999997,0.10902214499999997,0.10751280000000002,0.08394291499999999,0.077080195,0.1031676,0.159967915,0.081309035,0.029627374999999997,0.040681245,0.00501625,0.004157210000000001,0.00415253
Industry,Industrial processes,Nitric acid production,3.4327801422980757,3.485742982604114,3.685925588453629,3.718743669885567,2.5688190908358055,2.4353874399796775,2.478600958621705,2.35293476259322,2.758711215,4.062561565,3.732396475,2.89914611,2.1361491,1.98994595,2.2585472999999996,1.7265227000000003,1.5035040000000002,1.5075055,1.3338245000000002,0.9613405,1.1254549999999999,0.17675500000000002,0.032595,0.038160000000000006,0.035910149999999995,0.025970000000000003,0.021995,0.033125,0.021942,0.0339465,0.043884,0.02809,0.01890392280919055,0.020587638,0.014822601567411636
Industry,Industrial processes,Adipic acid production,17.7270849,17.823582000000002,13.750002,10.350900000000001,11.48208642,10.272233159999999,10.14962508,10.43584416,10.269465500000003,0.5164584999999986,1.0042439999999988,1.2135144999999987,0.5565795000000026,0.4966630000000002,0.9431614999999978,0.7915550000000022,0.5186845000000013,0.8459595000000023,0.8096545000000018,0.06071149999999984,0.0,0.0,0.0,0.0,0.0,0.0,0.0,0.0,0.0,0.0,0.0,0.0,0.0,0.0,0.0
Industry,Industrial processes,Non ferrous metal processes,1.3506457157772607,1.1262830505997357,0.7801664895319026,0.5266172675685423,0.9233381014071617,1.0919743798252768,1.0664262434165699,0.5507581919512872,0.4101726650928203,0.45063426973003834,0.4947100171991008,0.3745299592608963,0.17414654362223142,0.06876566105602698,0.0,0.0,0.0,0.0,0.0,0.0,0.0,0.0,0.0,0.0,0.0,0.0,0.0,0.0,0.0,0.0,0.0,0.0,0.0,0.0,0.0
Industry,Industrial processes,Sinter production,3.568749554326536,3.4444754737111545,3.5595993763869234,3.507932663192678,3.6361303645353953,3.6599741869673683,3.588560689007341,3.7494311512633343,3.6258794689690936,3.904699890915534,3.4467095837302897,3.2450142419120565,2.8359873128084807,3.2091907949114677,3.257947028827628,3.2059874718288124,3.0889429208084387,3.1750086590693374,2.7421089948752946,1.971121160524695,1.766313559957212,1.6368591426529433,2.004263223071802,2.667521641756271,2.767483079832448,2.2543441487854996,1.3747821315135276,1.3244942901725656,1.2729805896010018,1.3320096252737312,1.3118473449150447,1.3617866680528867,1.3041117501457113,0.8653430876753068,0.7816720367344073
Industry,Industrial processes,Soda ash production & use,0.3071777063483118,0.3079103987927257,0.30864252197459374,0.3093740959788896,0.31010513995670724,0.31083567217891533,0.3115657100861537,0.3122952703354609,0.313024368843794,0.2945005721787918,0.23808153531449813,0.23341006242511023,0.30563508452312277,0.31139326653934,0.30623417689056365,0.3971649794405149,0.31579072233115457,0.3828710536335369,0.37476889625617743,0.34642049111770845,0.32826042272501954,0.30545361419536127,0.31990473389196444,0.31051206202263426,0.18249243747943134,0.16551084837980876,0.16827549942033565,0.17501305211086282,0.1682431133213888,0.18002228471191595,0.17666676032191564,0.16613590722191607,0.1498228625319155,0.13302387174191577,0.1313864359819158
Industry,Industrial processes,Titanium dioxide production,0.10463206944147885,0.10463206944147883,0.10312966024281937,0.10312966024281937,0.10312966024281937,0.10312966024281937,0.10312966024281937,0.10312966024281937,0.10312966024281937,0.13721559867276434,0.1413102448549733,0.11212162444772071,0.09179082449457057,0.09607483274732685,0.10714516143323134,0.13744283414261232,0.12933892212961454,0.13347599657488626,0.08751672747483055,0.08799980681761196,0.1115894002719814,0.1100661535266935,0.1082231955582673,0.12165459517976854,0.15273809018913387,0.18274827561227738,0.16705089465040984,0.17841862722465032,0.1797797048308514,0.15238395975726515,0.13487323316134495,0.15529391319541733,0.13128054821378446,0.11921747163101729,0.12837098051610404
Industry,Industrial processes,Other ceramics,0.35389170690519656,0.27610316579831456,0.2501654260456381,0.21612426152218153,0.23763198667574295,0.3339089403422686,0.22388785458485397,0.17277433961458988,0.16909224625155803,0.20695821138607823,0.2012968719143211,0.19108137290389918,0.14741682672041734,0.1826096431771179,0.21915050003085212,0.22271467090825942,0.22311618388940438,0.17167179370205365,0.17276135154027994,0.07773932162921207,0.14056846253386346,0.15110391288622307,0.09199269057153395,0.14050255106710888,0.1260122658506088,0.04177492931872539,0.059305999789320454,0.1418794553534595,0.039218370186528025,0.03316760157000003,0.03014133248062259,0.03455664875809615,0.027459486484635174,0.02919766261329596,0.02766005797787903
Industry,Industrial processes,Other - chemical industry,1.2212019108463512,1.2213143726115385,1.2373056769809658,1.225632250915793,1.2317085848495004,1.1746902787837676,1.0690031925057195,0.966520700094091,0.8836485270708268,0.8852539137043196,0.8975401648203536,0.8442628778660612,0.7848764820832618,0.8282908739622055,0.9427305627008713,0.8833249479148584,0.8492393958488458,0.9143947372506664,0.8478219550266506,0.5371986738710928,0.47138114730212083,0.6202637037782365,0.5482714039855672,0.5170788760194356,0.5733856663399473,0.4488694947800741,0.34982046616065143,0.3405738443148857,0.4042907085645267,0.3502578855982873,0.2899733420010129,0.26451621372782014,0.19392904447217857,0.17446054903079958,0.18085443478115318
Industry,Industrial processes,Other industrial processes,0.0,0.0,0.9750273516700289,1.145451514814875,1.2247051752784546,1.112531882123334,1.667639699021373,1.0921563182158511,0.6377593590705579,0.17980935509477086,0.24898301343809376,0.2038521422624927,0.7600308764931154,0.7481556437431817,1.4466919306047819,0.3006131419974002,0.3138299998400002,0.34651836229600075,0.7434433566410994,0.402927374002105,1.0976703640065373,0.8493003312636627,0.7667386345023297,0.785990228600266,0.8313369397424941,0.2813658540316005,0.2628116246189323,0.16712521091737562,0.34236636320093855,0.03533275148280004,0.32430846841904987,0.12171820805084232,0.30526144428692936,0.04054400218109136,0.003564870587700002
Industry,Other industry,Industrial refrigeration - F-gases,0.0,0.0,0.0,0.0,0.0027051309309067224,0.008808661433018623,0.02563696307262095,0.06362376082458165,0.12488104655449736,0.19959394154647847,0.2768750391594336,0.3533359602194664,0.4189955986937237,0.48419304041315564,0.5468598819556996,0.6093984116220891,0.6723721899608304,0.731682425882087,0.7817965618595748,0.825645633951248,0.892608268527649,0.9848696907396202,1.0617687828176163,1.0938325690479287,1.0240590277922648,0.992797650947019,0.9252579975427742,0.8435062046774651,0.7885135390131774,0.7318585973155463,0.6713672011646682,0.638433493937332,0.6005894769253679,0.5556889491567444,0.5051004454330864
Industry,Other industry,Electronics and other - F-gases,0.9220781792627866,0.994344413752072,1.0719039361371308,0.91429204967428,0.9814541834357151,1.0550379675969712,1.1350875658961475,1.1470987733005793,1.1685296418167108,1.1994742173269377,1.1632616682473733,1.003937041893675,0.9944517129245066,0.9748160699223913,1.0235162681649401,1.060243205895601,0.8364086487843627,0.8069728313879254,0.6923719746178005,0.6419931037235259,0.6826601746939388,0.6263519362617396,0.6060358830508177,0.5554773615279043,0.5116047061797916,0.513555963484583,0.5427719501184385,0.5151152750535131,0.5562407138244161,0.5499139909516855,0.5269459149683833,0.4668293509363747,0.44256215829920975,0.41898075214817126,0.3635539173972512
Industry,Other industry,Lubricant use in industrial engines,0.30206094653610455,0.2652413156862487,0.2780042751187442,0.28563792088138973,0.2719027498228896,0.33583496647928407,0.31777518330933696,0.3209088971686801,0.2883698669448037,0.27112741467664897,0.2864998181903537,0.31006400026353453,0.2966228221595589,0.30952717072289954,0.3433456738868599,0.2480685559555071,0.2594097498741621,0.23495771047800343,0.18000843468145786,0.18796290162741738,0.21387700953475036,0.15745072024166626,0.1252451793817943,0.14653584512944895,0.19037292634713998,0.16845438573829447,0.1690568919182251,0.17241824218520663,0.14426534815665767,0.1371050378709555,0.09578579826834308,0.096629306920246,0.08657062480056171,0.11661982775331343,0.08781369018231334
Industry total,Industry total,Total,155.66239953105853,156.66514144525908,149.65044213649648,143.35694034332636,145.43779001556427,142.67766166603445,144.19862537729034,143.98401254715537,138.8446741251472,123.1613821336445,120.52272695814324,114.29884725331985,103.55485866753939,106.2246920157463,104.82470449436545,103.71679132981008,100.8956992388568,101.44069203355969,92.82310355829186,75.05863938276947,77.99570502171905,74.29414322864807,72.47851237743723,76.71231311765544,74.64593733783256,71.29151122759937,64.63686663363136,64.99692960972622,63.367536650937865,61.990453643759096,58.53344243701422,58.22076519282044,53.83640130542296,50.2244906258986,46.500175291783584
Agriculture,Agricultural combustion,Agricultural and forestry mobile machinery,3.538536213808065,3.6439882385726574,3.7684239668464703,3.4908620928208394,3.4508527677464693,3.576459648888774,3.9008183556165417,3.7642488453632286,3.7059589829609028,3.9421988876906386,3.8866793489736793,3.726810303583616,4.093448323007461,4.144325512625444,4.461037693736316,4.6237691834012855,4.589012610762171,4.684761560115638,5.529428994243804,5.546207175861693,5.609954786783504,4.80628926395393,5.850824168899774,5.74423988021557,4.36128290756539,5.946314438955842,5.743970924349828,5.711186586830338,4.152380962996324,4.467828063880908,4.647966499269299,4.549506784694918,3.8291048120725244,4.556243704525541,5.291108312657155
Agriculture,Agricultural combustion,Agricultural stationary combustion,0.7869623036511931,0.8556602980119146,0.9004332563265008,0.9335254044390859,0.9993556041083288,0.9983071837447641,1.0782207036773106,0.9258476715225816,0.8491214353617424,1.1008473618635266,0.9457984498776357,1.2072788410319446,1.066337449368432,1.0630958383498113,1.157152317570553,1.160575474324456,1.1400030662289842,1.0791610156957974,1.0138047220530237,0.7860511944333877,0.7214058978950625,0.6896459640608111,0.6629272436370843,0.6713453463329948,0.7365547833921927,0.6293796799163405,0.6369935339912901,0.6212223032415284,0.6461954125322635,0.6369269098411914,0.5765561897028575,0.5905015670383945,0.31542103254909354,0.6454566321419113,0.5646430092825746
Agriculture,Livestock,Enteric fermentation - beef cattle,13.48391870056,13.322497186068,13.463160576739998,13.468203071091997,13.617127932631998,13.716376810612003,14.192013572996,13.910367690240001,13.859157028415998,13.700530175948,13.472572075768396,12.829367173392002,12.510816062679199,12.896292629444,13.160602060844,13.656090691628,13.344252014352001,13.204898952727998,12.801431571656,12.795347117616002,13.008290582224001,12.745639595178,12.649653743075998,12.4285756543592,12.480193826203598,12.518336652779999,12.587698704036399,12.441917328833997,12.164393940756396,11.9791182671412,11.799416893185601,11.8016413885132,11.7923070667892,11.593776324843999,11.327045368856
Agriculture,Livestock,Enteric fermentation - dairy cattle,7.8578547398400005,7.635988541719999,7.500753396079999,7.4856319258,7.63692224316,7.37626697808,7.459034023839999,7.2576305228,7.163181644919999,7.28220212216,6.982441417,6.888869897559999,6.883839943399999,6.820922304280001,6.71208452432,6.416750673199999,6.3673244048400015,6.3096271588,6.131733473600001,5.992883453199999,6.055629999720001,6.018028353119999,5.94588617644,5.976783611959999,6.322857858799999,6.446652889319999,6.33389436708,6.42782720272,6.400420793759999,6.45055179104,6.4359630697600005,6.45849338288,6.40054850876,6.369173312319999,6.37125308176
Agriculture,Livestock,Enteric fermentation - sheep,6.045366066943255,6.050132566800659,6.248853846149334,6.2684326604167495,6.030863034504117,6.019475418196771,5.90749491100259,6.081583309674032,6.273359538744134,6.263309091046897,6.01030340806347,5.317569070360397,5.225934841391169,5.192948216962757,5.224001277123773,5.116270499314266,4.905199066615538,4.9126780303235185,4.644676373695787,4.506269992467969,4.398609771355608,4.5573181208399065,4.658541959136248,4.655933025057086,4.909986237560979,4.866064080829373,4.847072365035884,5.020507381107239,4.83109398069918,4.962856978672976,4.8133139204443705,4.878172858178204,4.903649023175924,4.671202023166709,4.529751881783669
Agriculture,Livestock,Enteric fermentation - pigs,0.31702187990816,0.32316967206075997,0.32367816576438,0.32982797412236,0.33146168956894,0.32033278164384,0.31877832008680007,0.33902651965574,0.34215089976409996,0.30592359048915996,0.27225147538624,0.24550570849154,0.23469776416099997,0.21192263411172,0.21665788219347998,0.20420181599468,0.20718272396108,0.20304370835615998,0.19796750424780002,0.19842064607148002,0.18767267399159998,0.1865065021218,0.18819796809492,0.20491678216576,0.20224667383452,0.19904316606397998,0.20435490351388,0.20869043704824003,0.21050714998095998,0.21328965012684,0.21288048956593997,0.22355965840012,0.2168893363392,0.19669360210415998,0.19805020226866
Agriculture,Livestock,Enteric fermentation - other livestock,0.3382586999293603,0.35324258407591996,0.36726161546955993,0.37691719888676,0.3777055896622397,0.38424864224039995,0.4374049848845594,0.4902164179220002,0.5389747932682397,0.54452196737764,0.5461206181172003,0.5476422707610406,0.5572582654685196,0.5561013530590002,0.56036488825968,0.5645843263015202,0.5655877618288803,0.5610898787247602,0.5602155811893204,0.5611126608060397,0.5566584538603199,0.5533227058909198,0.54880302240708,0.5445324455468799,0.5406396610509995,0.5354876975159601,0.5290261174595603,0.52464434069516,0.5226750384855997,0.52630834992764,0.51917538097096,0.5210364264994005,0.5136058422868806,0.5087443176074,0.5190640540237599
Agriculture,Livestock,Manure management - beef cattle,3.2552643558121885,3.2057494543171288,3.238042482653169,3.2370016179227825,3.2826341414433857,3.3209346012752756,3.480122499647882,3.3828680595799243,3.3541414531995213,3.317600745202175,3.281629166537629,3.163121879826989,3.0808828403356787,3.2078884425115826,3.2861871454589773,3.391266943239659,3.2703689126774584,3.263622970697658,3.138352758362637,3.149683905104473,3.2251870340412836,3.137072752386779,3.1005989594557253,3.0440232768468722,3.0458574582578883,3.035068795460845,3.041133723471067,2.9738089352006436,2.8942389876743677,2.8566189008018594,2.8134278099861167,2.806796239225526,2.80013431141135,2.745625970285114,2.684699380774091
Agriculture,Livestock,Manure management - dairy cattle,2.33747191179917,2.2793035587912014,2.2633882115895334,2.275028952753959,2.335804761462615,2.2727860024984228,2.3261634635777364,2.2845710277771363,2.2749905928275975,2.3440646626532757,2.2593322563369074,2.2696642480184033,2.3023522115003914,2.31330890082801,2.316540207314375,2.2466926310558795,2.2765109043536156,2.308056817851757,2.2816196096172487,2.2662467995357503,2.3327987510724597,2.3519593995289103,2.337594117076102,2.3626020502494702,2.5078476397828666,2.5355292918355907,2.465573261826486,2.5054933221831455,2.49311801780018,2.520807439247643,2.520448917822085,2.527269905495565,2.499709856015735,2.487201005048627,2.4909967732745235
Agriculture,Livestock,Manure management - pigs,1.5031538407154612,1.534601485329654,1.5431474251242205,1.5721474292170754,1.579161345513137,1.5326254296435524,1.5283879950542127,1.6232700477513535,1.637298552397902,1.4533980109788438,1.288742228247816,1.1535453517880232,1.0890546759734945,0.9730962780147459,0.9851412125466104,0.9241686950979917,0.9305714069398634,0.9051879528047486,0.8723911932278474,0.8620558775855197,0.8110192741520721,0.7992117964981247,0.800393708650504,0.8559040541326612,0.8357050924398808,0.8089584668179848,0.8164659154488962,0.8302696001799469,0.8308274027346325,0.8450911907265248,0.8375027320418396,0.8842946699877292,0.8560560023194735,0.7739347534270411,0.7792051512669644
Agriculture,Livestock,Manure management - poultry,0.40084748255084873,0.4040450812656534,0.3946573331297768,0.40709826639080415,0.40098638537163034,0.4115231629253008,0.4373041830516637,0.4875459497341641,0.45759274994912397,0.43954156582233483,0.4474537782389045,0.4708692049756913,0.4333826583973291,0.43862239394608443,0.44775453018483125,0.4191527317477953,0.4129572080436245,0.37368101187494573,0.3681010871082596,0.34738220501588424,0.3455917322776134,0.3377903976235225,0.32214896711669155,0.3241763229005379,0.32566836675666483,0.32315178159457814,0.3273681669886598,0.3389983079429263,0.34673548591661385,0.3435684190632127,0.33424951600319425,0.3426649425776487,0.3342238756650216,0.320276178446119,0.32542284195262555
Agriculture,Livestock,Manure management - sheep,0.20426339496064225,0.2051604070275963,0.21429268084176334,0.21615235233553537,0.20564167698554287,0.20558007689846644,0.2020909564481412,0.20932697652546128,0.21553342120004582,0.21433823229914073,0.20659390681045445,0.18354121318019936,0.18079229228364996,0.17857249584039703,0.179677254245652,0.17538364153244346,0.16672389522638323,0.16836322947736665,0.15731858494974243,0.1526562549848572,0.14935995901985377,0.156025267742551,0.16009938367360932,0.15881695903609233,0.16917698456954278,0.16740159628562368,0.16536152750544275,0.1720382775336687,0.16497646674374572,0.17189129321322233,0.16644660044678677,0.16868779944311457,0.1695199201420753,0.1607941369799745,0.15545422085176286
Agriculture,Livestock,Manure management - other livestock,0.12216082638833765,0.12582572016206164,0.12961376664723828,0.13289602350452645,0.13496890611236,0.13802765154969895,0.1535200737976424,0.1691511148210449,0.1842101033261837,0.18757427203786242,0.19045624422485508,0.19322865396485622,0.19681320138491276,0.19930832075622723,0.20241422195070896,0.20551579083132832,0.20539784956733645,0.2046202134276207,0.20428856444118865,0.20414658080303155,0.20345259922214806,0.2018277045609977,0.20000360811562415,0.1982746813425466,0.19655484786493285,0.194692395568708,0.19258016309003295,0.19118087902677328,0.19017282093888999,0.19073106713821317,0.1885225645017587,0.18841359056079915,0.18645614079517092,0.18531803093028298,0.19249707488045115
Agriculture,Agricultural soils,Manufactured fertilisers,6.838296830993126,6.932772957172206,6.263953464229324,5.926256500515796,6.473939476669821,6.461907200674716,6.262598970244818,6.343930301223242,6.220717049576433,6.282964589658969,5.7909515706055315,5.499122326428729,5.479465468930737,5.325921158164773,5.067033342849241,4.731759080806765,4.467761348662196,4.408025942990651,4.169069525230536,4.317806396591091,4.5447710766102745,4.571305742530884,4.594943385193262,4.513541346344107,4.735582534996241,4.57723320473208,4.4548238039262404,4.427120778906786,4.439930869084213,4.365553397805007,3.8892354628784593,4.067714264560087,3.2794193379645984,3.518177674019685,3.239006874965783
Agriculture,Agricultural soils,Plant residue,1.4382521668654211,1.4654422756729426,1.459546795578184,1.3670313159219272,1.3631026196317086,1.421500840070966,1.5882859761336496,1.5963234083343916,1.5555335755828592,1.579579630152034,1.5254842507274882,1.3664745430885779,1.5783563541925365,1.5764813330020302,1.5345189425943717,1.5707637651399948,1.5434935742425373,1.4906431894334191,1.709227254823817,1.653857267093208,1.6065337001450337,1.7155881553737204,1.5924697894977866,1.6008407322799516,1.830133221378615,1.869941232664706,1.6302995590466947,1.7754268843692083,1.6207698387082698,1.779894186830713,1.4275068630290553,1.548430422709111,1.6549291464313096,1.582879396286632,1.4279291620409866
Agriculture,Agricultural soils,Cultivation of organic soils,1.9383492557916646,1.9345038168644875,1.931482149408943,1.9281758270405094,1.9232305661983604,1.9186883373353765,1.9134917006298464,1.9100594446123593,1.9067827674121112,1.902851550661483,1.8973556046122295,1.8930375041337664,1.8888382993883637,1.8834294040476873,1.8794478420688392,1.8761711480443912,1.8723654670689256,1.8691421153610546,1.866040176325769,1.863194266616379,1.8601615352554526,1.8571127146151785,1.8544773577041385,1.851957569806365,1.8494717868663992,1.8469079618411182,1.8444017421697072,1.8419171556944034,1.8390876655899684,1.8365400015422582,1.8340241241489361,1.833980814361719,1.8339787310017004,1.8329371169070856,1.831980580434731
Agriculture,Agricultural soils,Managed manures and slurries,1.8963126852707368,1.8858222132671174,1.8520247455123016,1.873989179466487,1.8739063227346184,1.8291527908827212,1.90751656356568,1.9938667508182335,1.9378009483713616,1.9290000001823997,1.8406402773141919,1.8288709644709382,1.7676866543065652,1.7633860091127271,1.802955451565681,1.7587322449801717,1.7450596358108763,1.7052647091334665,1.650791774782867,1.6322783769282223,1.6490141251371602,1.6220369760231128,1.5920162078645927,1.5911253302750132,1.6068519652833921,1.5849629466915267,1.5350262951984703,1.5720654546742319,1.5736596501139855,1.5776847328765653,1.5559278250600475,1.5717940793667329,1.5448512266041248,1.5006458263078375,1.4880531340758005
Agriculture,Agricultural soils,Liming,1.0211012509730617,1.0147727628647438,1.0133762781005524,0.8333695651942212,0.8531522913794446,0.8974961152456933,1.089694335025302,0.9758385683004788,0.8989678289032728,0.8285995702917917,0.8112834988287771,0.6300458976935839,0.5216434265935942,0.7568399172909667,1.082663057138497,1.386087558715663,1.3673795168088698,1.3274257576688444,1.4328802892862074,1.3661150138416518,1.2704664883935308,1.2311338705698778,1.1768762820200316,1.085772468242921,1.0784995838313942,1.0070204546546764,1.0043307127422247,0.9500313312782519,0.9805014190400241,1.1067154241849726,1.0945014774055575,1.1664605651921371,1.1805735873489271,1.1879491594722233,1.0587554693937953
Agriculture,Agricultural soils,Unmanaged / deposited urine and dung,1.0810317775739082,1.067193983444648,1.083774519840294,1.0865575782380843,1.0838774503658348,1.0733608741178693,1.0883770185738182,1.100856777654861,1.1144453849033695,1.1093763214063992,1.0715279152222899,0.9985513912427124,0.9775304826746176,0.9759536204942417,0.9791227947041377,0.9836188742539197,0.9571995830395186,0.9474002773134296,0.9026575114669064,0.8892118711196692,0.8841814088845152,0.8816693076694895,0.8762024680299726,0.8637634150304987,0.8984702473001747,0.8983307106413635,0.8904913049681636,0.8987552871231017,0.8722078321159156,0.8827730494871435,0.8668996822774092,0.8727169021669575,0.8680721076891736,0.8440599090958596,0.8261159310603631
Agriculture,Agricultural soils,"Managed digestates, biosolids and other organic materials",0.11438843865601064,0.11560409657291196,0.10438997305559762,0.10692980494543333,0.11187385386148069,0.12900176378435751,0.12095268275330122,0.11603590918081644,0.12375293717320424,0.1358535103755739,0.1479014553412728,0.2205959848609334,0.23260100884503848,0.24906673422649672,0.2722151881213609,0.2766269514330332,0.28807563492410393,0.29185936327443374,0.2997493949754819,0.29083024459722123,0.3049929754250073,0.32952167650826136,0.3492061002055944,0.4108033120211066,0.4971623861187062,0.5951844686394775,0.7079620321604999,0.7572246577559855,0.7709603587396655,0.7892224180787756,0.8033335414885466,0.8188776308866401,0.8151182895066509,0.8222091411078675,0.8245507659117105
Agriculture,Agricultural soils,Soil nitrogen mineralisation,0.19839851783579793,0.20703109120141955,0.21606906188437836,0.2266869481552462,0.24019895633097685,0.2534824812552831,0.26857255996988677,0.2816783295481296,0.2965580601801652,0.3119953470930431,0.3267311383669086,0.339185864324083,0.35283245973893174,0.36506179534482064,0.3746936277210179,0.3858538716467197,0.3950884063672094,0.40278500727525757,0.4089634198369387,0.41379764251436,0.4179295900914464,0.42105434138427966,0.424258761628576,0.4267176470141987,0.4277289224607901,0.42875153300913954,0.42878063931163596,0.42833936314925597,0.4260297589626781,0.42494155684244106,0.4246446269715861,0.42297963519259174,0.41628333806365636,0.4045701945284688,0.39674016072814716
Agriculture,Other agriculture,Lubricant use in agricultural engines,0.011310652183069994,0.008737360987311722,0.010132274264008898,0.013193437454105759,0.013725859967020868,0.013694241351582459,0.010782790651215027,0.009687815763582793,0.008616629490382582,0.008653002596063265,0.006072250481876476,0.005731312389344444,0.005986882649092015,0.008894458928818951,0.008583641847171499,0.002465890218245598,0.003192475908275467,0.002919999982321001,0.0019026510945178395,0.0019026510945178395,0.0025368681260237863,0.002536868126023786,0.0019026510945178395,0.0019026510945178395,0.0019026510945178395,0.0019026510945178395,0.0019026510945178395,0.0019026510945178395,0.0019026510945178395,0.0019026510945178395,0.0019026510945178395,0.0019026510945178395,0.00190265109451784,0.0019026510945178395,0.0019026510945178395
Agriculture,Other agriculture,Field burning of agricultural wastes,0.2602315355918143,0.2288759264053573,0.16742105723995396,0.005593158946669376,0.0,0.0,0.0,0.0,0.0,0.0,0.0,0.0,0.0,0.0,0.0,0.0,0.0,0.0,0.0,0.0,0.0,0.0,0.0,0.0,0.0,0.0,0.0,0.0,0.0,0.0,0.0,0.0,0.0,0.0,0.0
Agriculture total,Agriculture total,Total,54.988753528601286,54.80012127865634,54.45787704247549,53.56150828558095,54.32049347541004,54.271229032915834,55.67162664122858,55.25393145880276,54.91884637792865,55.18492420798725,53.20832233508374,50.97862960556737,50.6605515666707,51.101439751342355,51.91084910435928,52.076502482908204,51.02070746822943,50.62425886331084,50.3426120162157,49.797457593882406,50.14621928368396,49.172597476307075,49.88802602901783,49.51654856225436,49.560375637409685,51.016316096913435,50.38951241441559,50.62056846658934,48.372786504468394,48.93081573956381,47.76384683805493,48.24589617902511,46.4127541440263,46.90977106064705,46.52422608333807
Waste,Waste,Accidental fires,0.028249202799999998,0.025714943799999997,0.025512825799999993,0.0241261944,0.023562218399999994,0.027564891199999997,0.025239377799999997,0.0228200098,0.021300791399999998,0.023850945999999998,0.021604405200000003,0.023057718599999995,0.022796368667392184,0.025019571475797402,0.02064383901706407,0.019831965909139833,0.019746810910886644,0.018657967422438505,0.015505766064073369,0.012927038657188078,0.010239613050866413,0.01007426255571891,0.008554213648401194,0.0083564289762473,0.007668187986270367,0.007822512567542067,0.007914956555907595,0.007749161514158261,0.007593765153220321,0.007210751062950317,0.00665819455002355,0.006617909873851127,0.0070064336910729726,0.00689164903903445,0.006614739826533751
Waste,Waste,Anaerobic digestion,0.0,3.7590009791997106e-05,3.7590009791997106e-05,3.7590009791997106e-05,0.00012174674813228916,0.00012174674813228916,0.00012174674813228916,0.0001357728711890045,0.0001357728711890045,0.0001357728711890045,0.0001357728711890045,0.0005159098311890045,0.0016080687957262321,0.001578137915726232,0.0027930893584065357,0.005339399166471063,0.005903875032232788,0.006648215130047679,0.00830821298494324,0.012616696941550957,0.02875813969729095,0.04964598190587599,0.06663775181793469,0.10185930867462281,0.14706166863854053,0.18274219289112514,0.22382022367263613,0.23346378906677015,0.22939614005221326,0.2257061874958632,0.24672240672673343,0.25641796902349206,0.26831058422691006,0.26786013245044754,0.27149222309094334
Waste,Waste,Composting,0.03184009544062075,0.07213515225120501,0.11242226372767243,0.1527274902020013,0.19304711472388744,0.23334329361393158,0.27364608051331524,0.3139545121643932,0.3542997793363329,0.3946266313275798,0.43496768174185635,0.4872408645544531,0.526508972123584,0.5657763606513568,0.6114249389386537,0.6696534553973343,0.7226125240612084,0.8034833919858673,0.7703342431386764,0.9033060549190246,1.0476557332608716,1.2336279435055564,1.2741728985711922,1.3748414092870607,1.554109694973547,1.5639906795409417,1.665012747727855,1.8233369114989242,1.7922484028223895,1.7250507850642418,1.7455285660938895,1.8512057023296937,1.7517358314346614,1.8876507758071708,1.9112644871269917
Waste,Waste,Incineration without energy recovery,1.0562129518466965,1.0497088400017403,1.0061090457303654,0.9211080207161841,0.7273570463716161,0.7157831492432839,0.7019543367981324,0.15143034335803818,0.17721527201957618,0.17450924668976367,0.17400254208959257,0.17537574226348307,0.17711166004026624,0.16888679132458997,0.16835484138325654,0.1686194468729154,0.16791716035975401,0.16507204354738636,0.15766730212558006,0.15738186792662467,0.16117994166412708,0.15814067504295826,0.15211855603335678,0.14887431163443524,0.14173635874289767,0.14106916596254732,0.13583462775640728,0.13299048689028922,0.12793066245652376,0.12128956498628608,0.10867385287346909,0.11514735793970056,0.11798064018738978,0.11883298316130558,0.11940063948673395
Waste,Waste,Landfill,49.15794707829174,50.93719145415611,52.018581249252485,53.54547423133646,55.14696529166248,57.05481443845344,58.24575255798355,59.09759284577163,59.38826704798747,57.6286419324578,55.50891740121375,54.360791937849015,54.39119519388159,51.33233392223661,47.06545795724747,45.092349533617735,43.22195898041528,40.00409006230669,35.90914576222235,32.25448530985353,27.255382854705765,25.065408448065185,23.577119446355972,20.236503687342097,17.58671776088123,16.933577285104292,15.887092738002606,16.034132869131497,16.022973688005344,15.803770837673419,14.462318405617166,13.094851895106864,13.153545765062752,12.972048493577404,11.875902332271968
Waste,Waste,Wastewater,4.764952011575265,4.751908129512131,4.837760326739806,4.83219289262281,4.891292813719783,4.9435410259516175,4.952463130282063,5.125889344415535,5.145267577563578,5.204855863808794,5.346411956990872,5.52824256426651,5.739330733339551,5.774626573803361,5.793157741847119,5.880360480814212,6.383824558187864,6.531297350710271,6.257231747390129,6.187945760465691,6.323264541080724,6.411270043424308,6.260770898356093,6.298960111709281,6.719167870860651,6.60824638519532,6.5146078222406505,6.743377305080749,6.742424055590064,6.809110996077646,6.72450814095872,6.890830757050557,7.066118784775448,7.18883818129908,7.260644026374637
Waste total,Waste total,Total,55.039201339954325,56.83669610973097,58.00042330126012,59.47566641928725,60.9823462316259,62.97516854521041,64.1991772301252,64.71182282838079,65.08648624117815,63.42662039315513,61.48603976010726,60.57522473736465,60.85855099684811,57.868221357407435,53.66183240779197,51.83615428177781,50.52196390896722,47.529249031102694,43.118193033925756,39.52866272876361,34.82648082345965,32.9281673544996,31.33937376478295,28.169395257623744,26.156461542083136,25.437448221261768,24.434283115956063,24.97505052318239,24.922566714079753,24.692139122360405,23.29440956682,22.215071591324158,22.364698039378233,22.442122215334443,21.445318448177808
"Land use, land use change and forestry (LULUCF)",Forestry,Forest land remaining forest land,-14.752612024899628,-15.361419556496717,-15.883336706482208,-16.351902596565505,-16.511820067242894,-16.78842206288812,-17.088487448173,-17.153169439949654,-17.40737725398439,-17.400188349178574,-17.579178753672444,-17.972433749697448,-18.14520216834007,-18.21914261296333,-18.524072833898522,-18.79690534950776,-19.013173010107337,-19.118049352646715,-19.744231073526652,-19.863177327893823,-19.85118936330435,-19.647903149928947,-19.068041170134865,-19.234784397910065,-19.21988878704786,-19.130692681573642,-19.382054296876927,-19.43477452182569,-19.54191743062812,-19.43615301159974,-19.346374684025733,-19.16527237581083,-18.901233619549807,-18.568910544563668,-18.103192923628395
"Land use, land use change and forestry (LULUCF)",Forestry,Land converted from forest land,0.9709551884149341,0.9212413837316081,0.867449922258018,0.8302654131435399,0.8015471912584042,0.7524651836834485,0.7289152683808464,0.7378833031149425,0.6903035197898519,0.7209579829326521,1.2691295428748948,1.3897490273316193,1.3534142025855718,1.5864477806958666,1.4536888288314287,1.5691624489591784,1.2590470026379164,1.470562893095225,1.4444002900974904,1.4727159625734252,1.7101788846409471,1.4867483495741745,1.471277486422366,1.3783924454740637,1.4916084873093602,1.6806646889034873,1.964451075340426,1.7438263250615822,2.3521375361822336,2.047179310977459,1.8631097591592778,2.1777926114696573,2.2577665399054347,2.155746338745066,2.042369711118723
"Land use, land use change and forestry (LULUCF)",Forestry,Land converted to forest land,-1.5270529872590473,-1.3902300289655467,-1.2154379343277937,-1.0444046028802916,-0.8450154705503724,-0.7763581569622285,-0.7776018432955181,-0.8088377067663604,-0.8449345013521311,-0.8437714485941641,-0.8673915082851897,-0.9112515487624957,-0.9401548194813373,-0.9499140895382371,-0.9393049344394621,-0.9295035715796371,-0.9102593492983285,-0.8035880970103942,-0.6702233134905188,-0.5909372119650816,-0.5318235934230893,-0.5016891813908697,-0.47737264200146023,-0.4625758601859222,-0.40883274675085235,-0.3836607032857823,-0.3542672910094633,-0.28815941048138594,-0.20363131027795822,-0.09565182064052025,0.016767753689266307,0.06509963546711639,0.10567506307091051,0.16655426010935215,0.19013350672697593
"Land use, land use change and forestry (LULUCF)",Forestry,Harvested wood products,-1.9957222499680944,-1.8439379682586952,-1.893955125805726,-1.97012634298255,-2.242755631902256,-2.300917867214627,-2.2530652441253247,-2.4276198311822754,-2.3495382687694297,-2.588915115693041,-2.852503247895152,-2.6983373241195334,-2.6529100234716134,-2.79581657118157,-2.6156324446773893,-2.5230004478523185,-2.2938349719426707,-2.418493082310282,-2.100102159711734,-2.0176465455763486,-2.209062125269417,-2.431243798574088,-2.7375145849123816,-2.4285608704389112,-2.3373932970151388,-2.362927856069558,-2.239585799589037,-2.07205867803975,-1.9936928725330345,-1.8979146035555863,-1.8863041217554377,-2.2310750094925824,-2.1374507048320948,-2.1182266980648423,-2.2166287016397765
"Land use, land use change and forestry (LULUCF)",Cropland mineral soils change,Cropland remaining cropland,2.0781862968692275,2.172908013143065,2.267488371577636,2.376989743730622,2.521138476910273,2.660449702242449,2.8223398790655043,2.961658871528146,3.123257837100436,3.2887036792532487,3.4469890768710774,3.5760384900312716,3.721160809546447,3.8529886479660167,3.956892217292429,4.073438012768959,4.1744621739405465,4.255720777147898,4.323332644935652,4.373262592523958,4.417615226874483,4.449005015373736,4.482723568596024,4.510491133336641,4.520481163568968,4.530404762423101,4.529859410618719,4.5211357718193685,4.495418254284037,4.4692019952402635,4.419826658601045,4.368844563432273,4.308235457608058,4.229391133563984,4.189728804912267
"Land use, land use change and forestry (LULUCF)",Cropland mineral soils change,Grassland converted to cropland,9.223753842150867,9.203809608779252,9.188301416686674,9.131224473386425,9.003452512322172,8.862444377208105,8.67855066775792,8.508919135583405,8.278596609664143,8.017238566760994,7.712317053265332,7.434015726518706,7.136616790137211,6.899384802341683,6.664477721958604,6.410774819215061,6.196181876796771,6.055460667158309,5.937062109902579,5.80445303307418,5.654281603520138,5.588933732627562,5.520817582944705,5.389750045991862,5.306293539546002,5.243110128302493,5.217105534853358,5.161639901122894,5.0760084949639195,5.065292786292781,5.090992689130189,5.0960421614453,5.099578765951183,5.11796881514421,5.119458881314843
"Land use, land use change and forestry (LULUCF)",Cropland mineral soils change,Settlement converted to cropland,-0.09301560427794568,-0.09832219453408662,-0.09444647460649204,-0.08958711580243404,-0.0899411656579879,-0.08927779130140806,-0.09053040513286888,-0.09437623912132037,-0.0958341572365684,-0.09828646596881561,-0.09399034678520601,-0.09642058476396707,-0.08953747703163605,-0.08949532021015535,-0.08895201440911683,-0.08436642489220686,-0.08501634598302756,-0.0804608394194394,-0.08454150197190974,-0.08359947079067695,-0.0794768413916056,-0.0775069810025508,-0.0780933098248607,-0.075718582074928,-0.07018366887927266,-0.06865992738714478,-0.06296896680748973,-0.059786769128414505,-0.05927315372754649,-0.06274337026417486,-0.06534122107630798,-0.06175669009209547,-0.061778801246598715,-0.0600799911123454,-0.059172890447774004
"Land use, land use change and forestry (LULUCF)",Grassland mineral soils change,Cropland converted to grassland,-4.2993824253349935,-4.35230482420022,-4.346243683553696,-4.328394250027727,-4.326715414813752,-4.30174652357036,-4.241342413041727,-4.193178173811382,-4.112512004159213,-4.00862545342538,-3.962737797156214,-3.915729092620726,-3.8846521273437413,-3.822241438518288,-3.77403129861301,-3.755105241738981,-3.769504887272955,-3.754632575024009,-3.7648626092065953,-3.7700585696508115,-3.810027844964149,-3.7631594443262384,-3.7328209065436915,-3.7218798626702045,-3.6967019794142026,-3.6532495127290385,-3.696967359782207,-3.676569588154935,-3.732547286225396,-3.7020180299451906,-3.6766030300884984,-3.6662107075215387,-3.640763995385758,-3.6406258309450332,-3.6240097152959803
"Land use, land use change and forestry (LULUCF)",Grassland mineral soils change,Grassland remaining grassland,-1.6383989139286526,-1.706398019690753,-1.8133227071622557,-1.9349653838362384,-2.0469011500515166,-2.179287456063641,-2.3112132746891363,-2.469330113104822,-2.6179042004480846,-2.7883014987781825,-2.95095618772393,-3.0972650709342613,-3.240430327406185,-3.3786416633113237,-3.4919835785976963,-3.5963511510705346,-3.7023091161968162,-3.811039553712868,-3.901947829971989,-3.9787325318865907,-4.060929838508973,-4.139315778458057,-4.201126764475132,-4.28098341038773,-4.357763221232892,-4.4288167789226245,-4.474303063746863,-4.540112901508823,-4.585060508814704,-4.6320668684012904,-4.705023125192016,-4.7807205044854815,-4.850478853739816,-4.917124520556053,-4.9667456734096485
"Land use, land use change and forestry (LULUCF)",Grassland mineral soils change,Settlement converted to grassland,-0.37632205644825806,-0.3765074654799535,-0.36387090208625594,-0.3740348907083073,-0.378279660191334,-0.375099889267518,-0.3713147195148266,-0.36169783640038544,-0.3615711305270144,-0.3577780059949091,-0.358098077655652,-0.368313523816506,-0.36997074529089435,-0.3790663090388082,-0.3737464095882172,-0.38635544761464674,-0.38477428404859765,-0.3742886107778642,-0.37497210960730654,-0.36661534598526485,-0.35844526663167564,-0.3658344896572736,-0.36537801448354496,-0.3805102317930649,-0.3788362135860053,-0.38206753235664126,-0.3835910429334786,-0.3777515578497826,-0.3664417883991678,-0.37299486485440553,-0.38216842274646384,-0.3797022895942448,-0.3791069764060124,-0.37203008974690494,-0.3769318029384747
"Land use, land use change and forestry (LULUCF)",Peatland,Cropland drained,4.53676312540639,4.53157570572798,4.52943788911441,4.521935586367747,4.5132516714166195,4.501903912093213,4.492261804960046,4.486712547098429,4.479102099432856,4.470893758806113,4.460160636067801,4.450885531528531,4.4403299465963,4.42556377379858,4.414531232682193,4.405983439943743,4.394081956335302,4.38543642565431,4.376677546100873,4.368596842264539,4.35964833148236,4.350425632845651,4.342228100535205,4.334331182992798,4.326434265450392,4.3185293074570925,4.310627895403137,4.302730977860731,4.294834060318325,4.286793664369433,4.278714334656881,4.278714334656881,4.278714334656881,4.276913897283473,4.273297452459358
"Land use, land use change and forestry (LULUCF)",Peatland,Domestic extraction,2.074767902905884,2.068825406961601,2.062882911017319,2.056940415073036,2.0509979191287533,2.0450554231844706,2.0391129272401876,2.033170431295905,2.0272279353516223,2.0212854394073387,2.0153429434630565,2.009400447518774,2.0034579515744912,2.003151395413119,2.003204657868518,2.003257920323917,2.0031345690317224,2.0030112177395276,2.002887866447333,2.002764515155138,2.0026411638629438,2.002517812570749,2.0023944612785542,2.002202743614357,2.001929843371306,2.001929843371306,2.00185694804085,2.00185694804085,2.0014842992933475,2.0000597369903454,1.9993941913054756,1.998887433439021,1.9982936671842957,1.9962473315372908,1.9934909294675893
"Land use, land use change and forestry (LULUCF)",Peatland,Eroding modified bog drained,0.23379006613960596,0.23290710786443664,0.23213023705544253,0.23152751614569023,0.23074571258943904,0.23006023678131549,0.2294561246892364,0.22882735799447518,0.22825124340249786,0.2277453382898505,0.22591957130559057,0.22422425716868152,0.22254864870425606,0.22094100253539958,0.21942742052013323,0.21793751228239655,0.2164457420918232,0.21498203786126405,0.21353350424316114,0.21210260136261264,0.210652716450434,0.20920965679782458,0.20781147793707402,0.20704115718965738,0.20662603240941416,0.20137146643861908,0.1990587572338092,0.19859288662730057,0.19705488684229677,0.1899130116052706,0.1847864356492777,0.1761910741192626,0.1688395310344755,0.15208121669537136,0.13239170620687785
"Land use, land use change and forestry (LULUCF)",Peatland,Eroding modified bog undrained,0.6571710115065651,0.6548492884311095,0.6527880353213437,0.6511301478016565,0.649028320253128,0.6472013985447154,0.645605104932857,0.6439447286433292,0.6423914568383313,0.6410172405298499,0.6397959889909373,0.6389312720112434,0.6381222209751016,0.6375055902007132,0.6371322738500889,0.6368216077153033,0.6365129456635208,0.6362860872783268,0.6360953017289195,0.6359550242013045,0.6357681861831835,0.6356057206997145,0.6355544102083893,0.6355544102083893,0.6355544102083893,0.6355544102083893,0.6355544102083893,0.6355544102083893,0.6355544102083893,0.6355517501196052,0.6355517501196052,0.6355517501196052,0.6354938248662643,0.6353980949519187,0.6348890725682638
"Land use, land use change and forestry (LULUCF)",Peatland,Extensive grassland drained,0.7792971923877033,0.7772869701735823,0.7754048878053472,0.7739141223304705,0.7720809308493892,0.7705547847618611,0.769171148700069,0.7678219749015037,0.7664964754145585,0.7651515377740572,0.7598613228804736,0.7562695406786019,0.75042526142165,0.7424176591456924,0.733221037058465,0.723528003878211,0.715781256985588,0.7103564544215679,0.704013933338279,0.6983395809677326,0.6926037255886996,0.6843205953498609,0.6764003096820536,0.6735998079170789,0.6712245321447446,0.6657617278975632,0.6610026015250902,0.6582454136933469,0.6544688883581031,0.6504931859872415,0.6470672726641483,0.6452359563507223,0.6458496461473956,0.6441469627250771,0.6440668878973592
"Land use, land use change and forestry (LULUCF)",Peatland,Forest drained,2.111587847597647,2.072651016060078,2.0243602464323294,1.9685739441622472,1.9232107444460855,1.8732978182800744,1.8218280994982279,1.7681723561197997,1.7102603485031205,1.6519611530733962,1.588678856116156,1.5151975655653391,1.4350862067938022,1.3562260419603676,1.2675817229606305,1.1796258002353581,1.0928135847739684,1.0087787157012862,0.925078416905931,0.8409304201317642,0.7612517515777253,0.6838499551127722,0.5923833056585782,0.5163802356321646,0.44535684923390745,0.37571493218007485,0.31823051075701125,0.26556303557756905,0.21622808427470025,0.17338230917702896,0.13234573212886203,0.09408108156165129,0.06028410347766766,0.030731938441922457,0.005019000030679344
"Land use, land use change and forestry (LULUCF)",Peatland,Industrial extraction,0.5715309376620639,0.5756908155499084,0.5649875799260637,0.553613287040442,0.667078982779435,0.7488530261762373,0.650318356388397,0.5832419092090408,0.4585479537646283,0.5897728591816198,0.5811223945864747,0.6222703624389864,0.42577289853228095,0.6683824325516672,0.5036649417513246,0.5659034175513629,0.5865051748436136,0.42297760176783006,0.39039744742909566,0.419631059757028,0.44651433875162705,0.401158804435552,0.3461457096169396,0.49834554002905346,0.39661930734988593,0.3732232940191653,0.3560180418174861,0.34109149295389785,0.2837804612854448,0.30474177728308127,0.306526724583459,0.24860091774325815,0.18939161381370473,0.18939463207185903,0.18893506108750296
"Land use, land use change and forestry (LULUCF)",Peatland,Intensive grassland drained,3.6895869259696776,3.6730557506445463,3.6574074647401456,3.647366157929324,3.6288675623133235,3.616500645348877,3.5977704847564334,3.5842762334094957,3.5745655345589364,3.56165006575987,3.542575762234182,3.5287443935119853,3.517400279239433,3.504392529764829,3.495040843343448,3.4866155981612534,3.47953715028447,3.4715739541158044,3.464512782714253,3.458095829596629,3.4517202940124694,3.4456218704634693,3.440659838205212,3.4359961519831,3.4315415627151866,3.42661811896764,3.422044028123165,3.417596795932949,3.4110287465739644,3.4063904283734505,3.402000963921924,3.4017346514434577,3.4017218408339946,3.3991762346265264,3.3982543878163023
"Land use, land use change and forestry (LULUCF)",Peatland,Modified bog drained,1.1296736332588813,1.1259560857389155,1.1226262865826855,1.1199471578670592,1.116577340970237,1.1136542893606785,1.1110838707330233,1.1084317521741256,1.1059392989793866,1.1037479778504107,1.0917582186671497,1.0803307761730265,1.0689781588298795,1.0579006584109993,1.0472320155444717,1.036638159125915,1.0260336783231014,1.0155633383970895,1.005176735515983,0.9948808767116168,0.984514766071083,0.9742117242629892,0.9640854781360708,0.9560703796514042,0.9497143377935984,0.9370007336245314,0.9266493244001706,0.9199765439522836,0.9109020253185023,0.8927981212937235,0.8768773030850388,0.864568481882501,0.846273255558589,0.8205040543310091,0.7929603523616016
"Land use, land use change and forestry (LULUCF)",Peatland,Modified bog undrained,2.24956337945538,2.241984371992405,2.2351581289374716,2.2295902328175745,2.2226645351596104,2.2166790226010713,2.2114057516001346,2.205969629259563,2.2008196920006142,2.1962684793612626,2.192231970194794,2.189365749231943,2.1866621574529037,2.1845239893138126,2.183233981579,2.182095490241979,2.180944356958375,2.18007826129164,2.17937898552594,2.178868321203484,2.17821825587097,2.177703018045245,2.1775402935980397,2.1775402935980397,2.1775402935980397,2.1775402935980397,2.1775402935980397,2.1775402935980397,2.1775402935980397,2.177531857477751,2.177531857477751,2.177531857477751,2.1762182550939335,2.1712188726049204,2.1650200676411675
"Land use, land use change and forestry (LULUCF)",Peatland,Near-natural bog,0.20361345808103692,0.20361345808103692,0.20361345808103692,0.20361345808103692,0.20361345808103692,0.20361345808103692,0.20361345808103692,0.20361345808103692,0.20361345808103692,0.20361345808103692,0.20361345808103692,0.20361345808103692,0.20361345808103692,0.20361345808103692,0.20361345808103692,0.20361345808103692,0.20361345808103692,0.20361345808103692,0.20361345808103692,0.20361345808103692,0.20361345808103692,0.20361345808103692,0.20361345808103692,0.20361345808103692,0.20361345808103692,0.20361345808103692,0.20361345808103692,0.20361345808103692,0.20361345808103692,0.20361345808103692,0.20361345808103692,0.20361345808103692,0.20361345808103692,0.20361345808103692,0.20361345808103692
"Land use, land use change and forestry (LULUCF)",Peatland,Near-natural fen,-0.0011765727637114178,-0.0011765727637114178,-0.0011765727637114178,-0.0011765727637114178,-0.0011765727637114178,-0.0011765727637114178,-0.0011765727637114178,-0.0011765727637114178,-0.0011765727637114178,-0.0011765727637114178,-0.0011765727637114178,-0.0011765727637114178,-0.0011765727637114178,-0.0011765727637114178,-0.0011765727637114178,-0.0011765727637114178,-0.0011765727637114178,-0.0011765727637114178,-0.0011765727637114178,-0.0011765727637114178,-0.0011765727637114178,-0.0011765727637114178,-0.0011765727637114178,-0.0011765727637114178,-0.0011765727637114178,-0.0011765727637114178,-0.0011765727637114178,-0.0011765727637114178,-0.0011765727637114178,-0.0011765727637114178,-0.0011765727637114178,-0.0011765727637114178,-0.0011765727637114178,-0.0011765727637114178,-0.0011765727637114178
"Land use, land use change and forestry (LULUCF)",Peatland,Rewetted bog,0.011826034111773059,0.013165163002308255,0.014504291892843453,0.01584342078337865,0.017182549673913854,0.01852167856444905,0.019860807454984253,0.02119993634551945,0.02253906523605464,0.023878194126589848,0.027870221420151886,0.031862248713713924,0.035854276007275976,0.03861605572721073,0.041296751083001446,0.04397744643879216,0.04665814179458287,0.04933883715037358,0.0520195325061643,0.05470022786195501,0.05738092321774573,0.06006161857353644,0.06274231392932715,0.064171987174903,0.06556055068253595,0.07237779343776568,0.07530879428419193,0.07685556985036249,0.083289079335352,0.08862579838796411,0.09291097237219507,0.09880761561087026,0.10243814110626667,0.1114063586758649,0.11908597920855821
"Land use, land use change and forestry (LULUCF)",Peatland,Rewetted fen,0.0005849121511560587,0.0011135540010675858,0.0016421958509791126,0.002170837700890635,0.0026994795508021615,0.0032281214007136884,0.0037567632506252157,0.0042854051005367395,0.004814046950448266,0.005342688800359793,0.00859520279413073,0.011847716787901672,0.015100230781672611,0.01784065301413336,0.020581075246594104,0.023321497479054855,0.02688715346942617,0.030452809459797475,0.03401846545016879,0.03758412144054009,0.041149777430911416,0.0439863474031016,0.0468229173752918,0.049399444437815465,0.051943820278736716,0.05508784652966216,0.05832671401660265,0.06097498535573116,0.07147341436083463,0.0741298339110048,0.0801730037588892,0.08073433296095596,0.08127855724925111,0.08253530126789932,0.08389409981247914
"Land use, land use change and forestry (LULUCF)",Peatland,Rewetted modified bog,1.3302631582405296e-18,1.3302631582405296e-18,1.3302631582405296e-18,1.3302631582405296e-18,1.3302631582405296e-18,1.3302631582405296e-18,1.3302631582405296e-18,1.3302631582405296e-18,1.3302631582405296e-18,1.3302631582405296e-18,0.0009699677928020466,0.0019399355856040933,0.0029099033784061347,0.0038798711712081796,0.004849838964010214,0.005819806756812276,0.006789774549614332,0.007759742342416359,0.008729710135218394,0.009699677928020442,0.01066964572082249,0.011639613513624553,0.012609581306426573,0.013383565359637334,0.013997341353643333,0.015225040165394194,0.0162246318339484,0.016868993929700704,0.017745281691672304,0.019493090324102957,0.02103049618769448,0.02221910682583106,0.024153520586598975,0.02728026655697066,0.0307315113694919
"Land use, land use change and forestry (LULUCF)",Peatland,Settlement drained,0.02691113848247851,0.026774552458094462,0.026813376793660554,0.026656670364455227,0.026511813665916862,0.026319885333394948,0.02627530186163588,0.02621892522829108,0.0261812072139688,0.02611396166343289,0.025984288383280547,0.0257659290263993,0.025734960169051614,0.025866104845135515,0.0261445686470421,0.026445547772211492,0.02643371804957615,0.02647744192699715,0.026607101184067096,0.026738707552502794,0.02694892813183354,0.027137002546548383,0.02731924986613305,0.02756269661678984,0.027738557220641495,0.027920749947250245,0.028376712046918308,0.02880647254670415,0.029283121488571616,0.029709020010245227,0.030115713271796282,0.030584833466094696,0.031029273358115027,0.03151869042336686,0.03208631164342587
"Land use, land use change and forestry (LULUCF)",Settlement,Settlement remaining settlement,1.5475864865283913,1.5923756476380573,1.6321098375975385,1.6256512861869694,1.6419141222409324,1.6520065293335,1.6675239997933953,1.6885867611578718,1.7246396390744354,1.74503397020387,1.8042464941123653,1.8083169336151654,1.8205711874489034,1.8153740775780731,1.8544666736581146,1.9308828778059899,1.9868117204039637,2.017576039908613,2.0532936100339407,2.049208072593316,2.0448607520662403,2.0361555787483403,2.0197251414808823,1.9832795636407166,1.9563807666658304,1.9383231132760494,1.8947560328584494,1.8812854291751875,1.8266297255177535,1.7796669541846897,1.7351654074748648,1.691487571986005,1.6446777882831627,1.6153750201657728,1.5903749401130873
"Land use, land use change and forestry (LULUCF)",Settlement,Land converted to settlement,3.7101352446492446,3.574689844415809,3.4580033375226242,3.3696861591293827,3.271949119667695,3.198057869409077,3.040717592518858,2.9991529636179983,2.828712514791276,2.659932581179625,2.4803797028878747,2.30665407157625,2.2125202216463857,2.168770385766922,2.071649909115467,1.9438734522885095,1.8077042075677243,1.7206065402942854,1.6327369944790087,1.5498913224033881,1.4841853741450204,1.4047603541862088,1.3622918587013857,1.3203860470526636,1.2833563984823602,1.2329566718965657,1.2627302815496446,1.2502365406108111,1.3185661734487981,1.351746383636137,1.4233847077039832,1.4325331628377291,1.4892050396244834,1.5504060629772787,1.5950826492366856
"Land use, land use change and forestry (LULUCF)",Bioenergy crops,Miscanthus,0.0,0.0,0.0,0.0,0.0,0.0,0.0,0.0,0.0,0.0,0.0,0.0,0.0,0.0,0.0,0.0,0.0,0.0,-0.13935974364193227,-0.038735353613180104,0.002858883489558149,0.0037888939856495964,0.003813511106726667,0.0020482517469191403,-0.0045575840980667665,-0.003739528877576084,-0.008496263689453354,-0.011546331903935447,-0.0019782844010397017,-0.02494175390680988,-0.008832676243662976,0.0017561856322734128,-0.009932891543222543,-0.020413461369112387,0.018601757895645752
"Land use, land use change and forestry (LULUCF)",Bioenergy crops,Short rotation coppice,0.0,0.0,0.0,0.0,0.0,0.0,0.0,0.0,0.0,0.0,0.0,0.0,0.0,0.0,0.0,0.0,0.0,-0.0030065659714142716,-0.06427227858149959,0.0187060726509529,0.007816253854927015,-0.003998735144684964,-0.002084140321889705,-0.0037759496335211694,-0.00487503819918746,-0.00282546696209454,-0.003880652871894128,-0.003985147194351455,-0.0018511970054412707,0.0036294259074883847,6.754405083743073e-05,-0.018531915433705783,-0.00021492054928158979,-0.007739475034773714,-0.016773350960614032
"Land use, land use change and forestry (LULUCF)",Other LULUCF,Forest miscellaneous,0.04411237353606738,0.07584676149890532,0.019441167510591946,0.034668918147174876,0.02800287354721443,0.22327481047382258,0.11719318702992451,0.15625826860003753,0.08843133688179004,0.014142825247996666,0.05045573936890822,0.06952342609934221,0.05905320822979617,0.05104069782586711,0.06628290405834555,0.12449451177418916,0.12343304009658428,0.1107746016440678,0.10321496259869856,0.00652161923999779,0.08504434232881976,0.15968956205949358,0.17976216378672322,0.2664545796105505,0.00046967916915410893,0.004326012763728013,0.03352974193650821,0.027119460331457165,0.2668506320769457,0.36248023445734484,0.15803347138655194,0.019127623599965792,0.05582707873969936,0.26857388409011473,0.0735517959438776
"Land use, land use change and forestry (LULUCF)",Other LULUCF,Cropland miscellaneous,-0.591828310941762,-0.6454858301324784,-0.7371354472150196,-0.6299146381561266,-0.6527061956646375,-0.4477763934405874,-0.5412652556661678,-0.544753490715461,-0.5241601521901004,-0.48732164096819813,-0.482010604868916,-0.49061459796038687,-0.4369296077663753,-0.45484713587429293,-0.4690262693533751,-0.5172044752881239,-0.4380765777918226,-0.5835169966881674,-0.5175574692860306,-0.38883466082309864,-0.3942876677498248,-0.4296437303271414,-0.38678631688026205,-0.44280180892255755,-0.4469524265724287,-0.509268169898067,-0.41894651684136697,-0.39360083484686903,-0.3750543946994863,-0.3283187247393138,-0.276468626794126,-0.2328029272919629,-0.24545051057321207,-0.2750740380993668,-0.3062052790311674
"Land use, land use change and forestry (LULUCF)",Other LULUCF,Grassland miscellaneous,-0.30900316319348076,-0.223260113123315,-0.22476386437354795,-0.2456745036523505,-0.27124652419546524,-0.16084700974510313,-0.24826460403130057,-0.25735777094195067,-0.24960928098922475,0.37941679910683146,0.5092186380118361,0.5307356141358364,0.5298976632851934,0.5304140006502671,0.4642353752451235,0.4641254302170173,0.6205139067111,0.5630518747384698,0.5899649330464742,0.537094835523313,0.5952718648510887,0.4510214695452541,0.4622490096669537,0.46953118408309696,0.48891478036189095,0.3453404466996167,0.5771008854168591,0.5029021168104664,0.5022640531403452,0.3742618710691117,0.44879150335335605,0.44898685456809956,0.46126633020303615,0.4437515726389356,0.43864839229054686
"Land use, land use change and forestry (LULUCF)",Other LULUCF,Wetland miscellaneous,0.0,0.030726666666666697,0.0,0.0,0.0,0.011000000000000012,0.0,0.0,0.0,0.0,0.0,0.0,0.0,0.0,0.0,0.0,0.0,0.0,0.0051700000000000045,0.0,0.0,0.0,0.026253333333333358,0.0,0.0,0.0,0.0,0.0,0.0,0.0,0.0,0.0,0.0,0.0,0.0
LULUCF total,LULUCF total,Total,10.266882688249401,9.772004598914958,8.962861624327456,8.401128050813881,7.9259574637904535,7.954232449645205,6.952498818259757,6.406848773706126,5.620073750610123,5.739504006025431,5.489173953563885,4.8541404078909185,4.044266772521487,3.9048998953588816,3.054523092998968,2.668367576708329,2.2122014739850666,1.6121875308512728,0.9486696706403913,0.8548411838498449,0.7689903341982728,0.1296939252285339,0.2168301391116294,0.08275875864212351,-0.27426155856459933,-0.46448989063730617,-0.15627174296807345,-0.4655084905569853,0.16353058116700359,0.03270638448581714,-0.12351277687255002,-0.2785217363088363,0.03823723984492594,0.3385331754534093,0.2848498070888042
Grand total,Grand total,Total,790.8240968856051,800.5624034369835,780.3726632906354,761.3530625849304,748.650617843698,742.6977372918816,763.5192976397386,739.7000583695227,738.8398609037301,710.7386378415127,712.2550822749126,716.3270092347972,694.8539500189252,703.0334541910246,699.4436737216765,692.3034963509234,688.3450564327305,674.8465625189423,652.6759488410472,596.9168485277522,612.0136861264109,567.7721030463631,585.0919649936446,573.0269658332138,530.670991010586,510.6922167868673,483.21161491862915,471.82197417658693,464.0542197987985,447.51359298606235,407.5360854767391,422.19290717170514,403.96753406292595,383.934828391493,373.4002512241807
Memo items,International bunkers,International aviation bunkers,15.513722532257523,15.251608779937758,16.90392932737575,18.120432145850895,18.891883499991987,20.09622545345767,21.276404527407912,22.665335998927095,25.282795815517815,27.456668093206577,30.279949956107952,29.510319171239182,28.92723942916901,29.55578624567106,32.57538663167985,35.01359408011407,35.69219418046371,35.53176901917086,34.74477564101609,33.71352745088143,33.32189102802839,33.55093568861363,32.587525544634346,33.356752106259584,32.94443604597394,33.43492230531921,34.062944676024884,37.03061230447218,36.62496152563244,36.04709519367006,15.199531877931342,13.737790053598214,28.392293845981804,33.263426190072245,36.19695540725669
Memo items,International bunkers,International shipping bunkers,6.500334486899381,6.268950837140631,6.423518102815083,6.324226932990469,5.757666862623662,6.345006492664307,6.86819672328286,7.923735711823877,7.998708798055193,5.948644530893683,5.193414110962816,5.456440023713266,4.706389995673695,4.540799841228728,5.375407397789051,5.500076464200672,6.295837793619527,6.514457665580754,9.861003786150484,9.242634702840464,7.824243489063917,8.484316981609496,7.198438279551723,7.201030101492605,6.761945552874638,6.446730379992088,6.806642352830732,6.25449045055407,6.290115950725297,6.0101320040652455,4.998009232459048,5.0866655858309064,5.30861326232082,5.133853469830208,5.043067382923885
